time;car_heading;bearing_to_goal_north;bearing_to_goal_front_of_car;latitude;longitude;distance
1240;1.501897;127.604551;126.102654;43.610508;1.431239;22.953897
1270;1.501897;127.604551;126.102654;43.610508;1.431239;22.953897
1290;1.501897;127.604551;126.102654;43.610508;1.431239;22.953897
1310;1.501897;127.604551;126.102654;43.610508;1.431239;22.953897
1340;1.501897;127.604551;126.102654;43.610508;1.431239;22.953897
1370;1.501897;127.604551;126.102654;43.610508;1.431239;22.953897
1390;1.501897;127.604551;126.102654;43.610508;1.431239;22.953897
1420;1.501897;127.604551;126.102654;43.610508;1.431239;22.953897
1440;1.501897;127.604551;126.102654;43.610508;1.431239;22.953897
1460;1.501897;127.604551;126.102654;43.610508;1.431239;22.953897
1490;1.501897;127.604551;126.102654;43.610508;1.431239;22.953897
1510;1.501897;127.604551;126.102654;43.610508;1.431239;22.953897
1530;1.501897;127.604551;126.102654;43.610508;1.431239;22.953897
1560;1.501897;127.589937;126.088040;43.610508;1.431239;22.961502
1590;1.501897;127.589937;126.088040;43.610508;1.431239;22.961502
1620;1.501897;127.589937;126.088040;43.610508;1.431239;22.961502
1640;1.501897;127.589937;126.088040;43.610508;1.431239;22.961502
1660;1.501897;127.589937;126.088040;43.610508;1.431239;22.961502
1680;1.501897;127.589937;126.088040;43.610508;1.431239;22.961502
1700;1.501897;127.589937;126.088040;43.610508;1.431239;22.961502
1730;1.501897;127.589937;126.088040;43.610508;1.431239;22.961502
1750;1.501897;127.589937;126.088040;43.610508;1.431239;22.961502
1790;1.501897;127.589937;126.088040;43.610508;1.431239;22.961502
1810;1.501897;127.589937;126.088040;43.610508;1.431239;22.961502
1840;1.501897;127.589937;126.088040;43.610508;1.431239;22.961502
1860;1.501897;127.589937;126.088040;43.610508;1.431239;22.961502
1880;1.501897;127.589937;126.088040;43.610508;1.431239;22.961502
1900;1.501897;127.589937;126.088040;43.610508;1.431239;22.961502
1930;1.501897;127.589937;126.088040;43.610508;1.431239;22.961502
1960;1.501897;127.589937;126.088041;43.610508;1.431239;22.961502
1980;1.501897;127.575333;126.073436;43.610508;1.431239;22.969108
2010;1.501897;127.575333;126.073436;43.610508;1.431239;22.969108
2040;1.501897;127.575333;126.073436;43.610508;1.431239;22.969108
2060;1.501897;127.575333;126.073436;43.610508;1.431239;22.969108
2080;1.501897;127.575333;126.073436;43.610508;1.431239;22.969108
2100;1.501897;127.575333;126.073436;43.610508;1.431239;22.969108
2130;1.501897;127.575333;126.073436;43.610508;1.431239;22.969108
2160;1.501897;127.575333;126.073436;43.610508;1.431239;22.969108
2180;1.501897;127.575333;126.073436;43.610508;1.431239;22.969108
2200;1.501897;127.575333;126.073436;43.610508;1.431239;22.969108
2220;1.501897;127.575333;126.073436;43.610508;1.431239;22.969108
2250;1.501897;127.575333;126.073436;43.610508;1.431239;22.969108
2280;1.501897;127.575333;126.073436;43.610508;1.431239;22.969108
2310;1.501897;127.575333;126.073436;43.610508;1.431239;22.969108
2340;1.501897;127.575333;126.073436;43.610508;1.431239;22.969108
2360;1.501897;127.575333;126.073436;43.610508;1.431239;22.969108
2380;1.501897;127.575333;126.073436;43.610508;1.431239;22.969108
2400;1.501897;127.575333;126.073436;43.610508;1.431239;22.969108
2420;1.501897;127.575333;126.073436;43.610508;1.431239;22.969108
2450;1.501897;127.575333;126.073436;43.610508;1.431239;22.969108
2470;1.501897;127.575333;126.073436;43.610508;1.431239;22.969108
2500;1.501897;127.575333;126.073436;43.610508;1.431239;22.969108
2540;1.501897;127.575333;126.073436;43.610508;1.431239;22.969108
2560;1.501897;127.575333;126.073436;43.610508;1.431239;22.969108
2580;1.501897;127.575333;126.073436;43.610508;1.431239;22.969108
2600;1.501897;127.575333;126.073436;43.610508;1.431239;22.969108
2620;1.501897;127.575333;126.073436;43.610508;1.431239;22.969108
2650;1.501897;127.575333;126.073436;43.610508;1.431239;22.969108
2670;1.501897;127.575333;126.073436;43.610508;1.431239;22.969108
2690;1.501897;127.575333;126.073436;43.610508;1.431239;22.969108
2710;1.501897;127.575333;126.073436;43.610508;1.431239;22.969108
2750;1.501897;127.575333;126.073436;43.610508;1.431239;22.969108
2770;1.501897;127.575333;126.073436;43.610508;1.431239;22.969108
2800;1.501897;127.575333;126.073436;43.610508;1.431239;22.969108
2820;1.501897;127.575333;126.073436;43.610508;1.431239;22.969108
2850;1.501897;127.575333;126.073436;43.610508;1.431239;22.969108
2870;1.501897;127.575333;126.073436;43.610508;1.431239;22.969108
2900;1.501897;127.575333;126.073436;43.610508;1.431239;22.969108
2920;1.501897;127.575333;126.073436;43.610508;1.431239;22.969108
2950;1.501897;127.575333;126.073436;43.610508;1.431239;22.969108
2970;1.501897;127.560739;126.058842;43.610508;1.431239;22.976715
3000;1.501897;127.560739;126.058842;43.610508;1.431239;22.976715
3030;1.501897;127.560739;126.058842;43.610508;1.431239;22.976715
3050;1.501897;127.560739;126.058842;43.610508;1.431239;22.976715
3070;1.501897;127.560739;126.058842;43.610508;1.431239;22.976715
3100;1.501897;127.560739;126.058842;43.610508;1.431239;22.976715
3120;1.501897;127.560739;126.058842;43.610508;1.431239;22.976715
15270;147.644118;127.736512;-19.907606;43.610508;1.431240;22.885526
15290;147.644118;127.736512;-19.907606;43.610508;1.431240;22.885526
15310;147.644118;127.736512;-19.907606;43.610508;1.431240;22.885526
15340;147.644118;127.736512;-19.907606;43.610508;1.431240;22.885526
15360;146.728471;127.765944;-18.962527;43.610508;1.431240;22.870349
15390;146.728471;127.765944;-18.962527;43.610508;1.431240;22.870349
15430;144.953452;127.795415;-17.158037;43.610508;1.431241;22.855178
15450;144.953452;127.795415;-17.158037;43.610508;1.431241;22.855178
15470;144.953452;127.795415;-17.158037;43.610508;1.431241;22.855178
15490;144.953452;127.795415;-17.158037;43.610508;1.431241;22.855178
15530;144.953452;127.795415;-17.158037;43.610508;1.431241;22.855178
15550;143.252340;127.824925;-15.427415;43.610508;1.431241;22.840013
15570;143.252340;127.824925;-15.427415;43.610508;1.431241;22.840013
15600;143.252340;127.824925;-15.427415;43.610508;1.431241;22.840013
15620;143.252340;127.824925;-15.427415;43.610508;1.431241;22.840013
15650;140.835425;127.869263;-12.966162;43.610508;1.431241;22.817276
15680;140.835425;127.869263;-12.966162;43.610508;1.431241;22.817276
15700;140.835425;127.869263;-12.966162;43.610508;1.431241;22.817276
15720;140.835425;127.869263;-12.966162;43.610508;1.431241;22.817276
15740;140.835425;127.869263;-12.966162;43.610508;1.431241;22.817276
15770;138.573842;127.913690;-10.660151;43.610508;1.431242;22.794554
15790;138.573842;127.913690;-10.660151;43.610508;1.431242;22.794554
15810;138.573842;127.913690;-10.660151;43.610508;1.431242;22.794554
15840;138.573842;127.913690;-10.660151;43.610508;1.431242;22.794554
15870;146.728469;127.107026;-19.621444;43.610504;1.431242;22.513425
15890;146.728469;127.107026;-19.621444;43.610504;1.431242;22.513425
15940;147.644116;127.166050;-20.478066;43.610504;1.431242;22.482820
15960;147.644116;127.166050;-20.478066;43.610504;1.431242;22.482820
15980;147.644116;127.166050;-20.478066;43.610504;1.431242;22.482820
16000;147.644116;127.166050;-20.478066;43.610504;1.431242;22.482820
16030;147.644116;127.166050;-20.478066;43.610504;1.431242;22.482820
16050;145.831630;127.195623;-18.636007;43.610504;1.431243;22.467527
16070;145.831630;127.195623;-18.636007;43.610504;1.431243;22.467527
16110;145.831630;127.195623;-18.636007;43.610504;1.431243;22.467527
16130;145.831630;127.195623;-18.636007;43.610504;1.431243;22.467527
16160;147.644116;127.195623;-20.448493;43.610504;1.431243;22.467527
16180;147.644116;127.254889;-20.389227;43.610504;1.431243;22.436958
16200;147.644116;127.254889;-20.389227;43.610504;1.431243;22.436958
16220;147.644116;127.254889;-20.389227;43.610504;1.431243;22.436958
16260;146.728469;127.314317;-19.414153;43.610504;1.431244;22.406414
16280;146.728469;127.314317;-19.414153;43.610504;1.431244;22.406414
16310;146.728469;127.314317;-19.414153;43.610504;1.431244;22.406414
16330;146.728469;127.344091;-19.384378;43.610504;1.431244;22.391150
16350;146.728469;127.344091;-19.384378;43.610504;1.431244;22.391150
16370;146.728469;127.344091;-19.384378;43.610504;1.431244;22.391150
16390;146.728469;127.344091;-19.384378;43.610504;1.431244;22.391150
16440;146.728469;127.344091;-19.384378;43.610504;1.431244;22.391150
16460;147.644116;127.388829;-20.255287;43.610504;1.431244;22.368267
16480;147.644116;127.388829;-20.255287;43.610504;1.431244;22.368267
16500;147.644116;127.388829;-20.255287;43.610504;1.431244;22.368267
16530;147.644116;127.388829;-20.255287;43.610504;1.431244;22.368267
16560;146.728469;127.388829;-19.339640;43.610504;1.431244;22.368267
16580;146.728469;127.448623;-19.279847;43.610504;1.431245;22.337777
16620;146.728469;127.448623;-19.279847;43.610504;1.431245;22.337777
16640;144.953450;127.523594;-17.429856;43.610504;1.431245;22.299698
16660;144.953450;127.523594;-17.429856;43.610504;1.431245;22.299698
16680;144.953450;127.523594;-17.429856;43.610504;1.431245;22.299698
16710;144.953450;127.523594;-17.429856;43.610504;1.431245;22.299698
16730;144.953450;127.523594;-17.429856;43.610504;1.431245;22.299698
16760;140.064687;127.613898;-12.450789;43.610504;1.431246;22.254055
16780;140.064687;127.613898;-12.450789;43.610504;1.431246;22.254055
16810;140.064687;127.613898;-12.450789;43.610504;1.431246;22.254055
16830;135.785911;127.704574;-8.081337;43.610504;1.431247;22.208467
16860;135.785911;127.704574;-8.081337;43.610504;1.431247;22.208467
16880;135.785911;127.704574;-8.081337;43.610504;1.431247;22.208467
16900;135.785911;127.704574;-8.081337;43.610504;1.431247;22.208467
16940;131.474187;127.810833;-3.663354;43.610504;1.431248;22.155352
16970;131.474187;127.810833;-3.663354;43.610504;1.431248;22.155352
16990;131.474187;127.810833;-3.663354;43.610504;1.431248;22.155352
17010;131.474187;127.810833;-3.663354;43.610504;1.431248;22.155352
17040;129.298496;127.810833;-1.487663;43.610504;1.431248;22.155352
17060;129.298496;127.871781;-1.426715;43.610504;1.431248;22.125034
17080;129.298496;127.871781;-1.426715;43.610504;1.431248;22.125034
17110;129.298496;127.871781;-1.426715;43.610504;1.431248;22.125034
17140;89.999998;127.871781;37.871783;43.610504;1.431248;22.125034
17170;89.999998;127.932897;37.932899;43.610504;1.431249;22.094742
17190;89.999998;127.932897;37.932899;43.610504;1.431249;22.094742
17210;89.999998;127.932897;37.932899;43.610504;1.431249;22.094742
17230;89.999998;127.932897;37.932899;43.610504;1.431249;22.094742
17260;89.999998;127.978843;37.978846;43.610504;1.431249;22.072040
17280;89.999998;127.978843;37.978846;43.610504;1.431249;22.072040
17300;89.999998;127.978843;37.978846;43.610504;1.431249;22.072040
17340;89.999998;128.009527;38.009529;43.610504;1.431249;22.056912
17360;89.999998;128.009527;38.009529;43.610504;1.431249;22.056912
17380;89.999998;128.009527;38.009529;43.610504;1.431249;22.056912
17400;89.999998;128.009527;38.009529;43.610504;1.431249;22.056912
17440;89.999998;128.055632;38.055634;43.610504;1.431249;22.034233
17470;89.999998;128.055632;38.055634;43.610504;1.431249;22.034233
17490;89.999998;128.055632;38.055634;43.610504;1.431249;22.034233
17510;89.999998;128.055632;38.055634;43.610504;1.431249;22.034233
17540;89.999998;128.055632;38.055634;43.610504;1.431249;22.034233
17560;89.999998;128.101831;38.101833;43.610504;1.431250;22.011569
17580;89.999998;128.101831;38.101833;43.610504;1.431250;22.011569
17610;89.999998;128.101831;38.101833;43.610504;1.431250;22.011569
17640;89.999998;128.101831;38.101833;43.610504;1.431250;22.011569
17670;89.999998;128.148126;38.148128;43.610504;1.431250;21.988919
17690;89.999998;128.148126;38.148128;43.610504;1.431250;21.988919
17710;89.999998;128.148126;38.148128;43.610504;1.431250;21.988919
17740;89.999998;128.194516;38.194518;43.610504;1.431251;21.966283
17760;89.999998;128.194516;38.194518;43.610504;1.431251;21.966283
17780;89.999998;128.194516;38.194518;43.610504;1.431251;21.966283
17800;89.999998;128.194516;38.194518;43.610504;1.431251;21.966283
17840;89.999998;128.256518;38.256521;43.610504;1.431251;21.936124
17860;89.999998;128.256518;38.256521;43.610504;1.431251;21.936124
17880;89.999998;128.256518;38.256521;43.610504;1.431251;21.936124
17900;89.999998;128.256518;38.256521;43.610504;1.431251;21.936124
17940;89.999998;128.256518;38.256521;43.610504;1.431251;21.936124
17970;89.999998;128.318692;38.318694;43.610504;1.431252;21.905991
17990;89.999998;128.318692;38.318694;43.610504;1.431252;21.905991
18010;89.999998;128.318692;38.318694;43.610504;1.431252;21.905991
18040;89.999998;128.318692;38.318694;43.610504;1.431252;21.905991
18060;89.999998;128.349842;38.349844;43.610504;1.431252;21.890935
18080;89.999998;128.349842;38.349844;43.610504;1.431252;21.890935
18110;89.999998;128.349842;38.349844;43.610504;1.431252;21.890935
18140;89.999998;128.349842;38.349844;43.610504;1.431252;21.890935
18170;89.999998;128.381036;38.381038;43.610504;1.431252;21.875884
18190;89.999998;128.381036;38.381038;43.610504;1.431252;21.875884
18220;89.999998;128.381036;38.381038;43.610504;1.431252;21.875884
18240;89.999998;128.427907;38.427909;43.610504;1.431252;21.853321
18260;89.999998;128.427907;38.427909;43.610504;1.431252;21.853321
18280;89.999998;128.427907;38.427909;43.610504;1.431252;21.853321
18300;89.999998;128.427907;38.427909;43.610504;1.431252;21.853321
18330;89.999998;128.506240;38.506243;43.610504;1.431253;21.815748
18360;89.999998;128.506240;38.506243;43.610504;1.431253;21.815748
18380;89.999998;128.506240;38.506243;43.610504;1.431253;21.815748
18400;89.999998;128.506240;38.506243;43.610504;1.431253;21.815748
18430;89.999998;128.506240;38.506243;43.610504;1.431253;21.815748
18460;89.999998;128.569101;38.569104;43.610504;1.431253;21.785719
18490;89.999998;128.569101;38.569104;43.610504;1.431253;21.785719
18510;89.999998;128.569101;38.569104;43.610504;1.431253;21.785719
18530;89.999998;128.569101;38.569104;43.610504;1.431253;21.785719
18560;147.644115;127.748803;-19.895312;43.610500;1.431254;21.493451
18580;147.644115;127.748803;-19.895312;43.610500;1.431254;21.493451
18620;144.953448;127.795842;-17.157607;43.610500;1.431254;21.470692
18640;144.953448;127.795842;-17.157607;43.610500;1.431254;21.470692
18670;144.953448;127.795842;-17.157607;43.610500;1.431254;21.470692
18690;144.953448;127.795842;-17.157607;43.610500;1.431254;21.470692
18710;144.953448;127.795842;-17.157607;43.610500;1.431254;21.470692
18740;144.953448;127.795842;-17.157607;43.610500;1.431254;21.470692
18760;144.953448;127.858715;-17.094733;43.610500;1.431255;21.440369
18780;144.953448;127.858715;-17.094733;43.610500;1.431255;21.440369
18800;144.953448;127.858715;-17.094733;43.610500;1.431255;21.440369
18840;146.728468;127.858715;-18.869753;43.610500;1.431255;21.440369
18860;146.728468;127.921767;-18.806701;43.610500;1.431255;21.410072
18880;146.728468;127.921767;-18.806701;43.610500;1.431255;21.410072
18900;146.728468;127.921767;-18.806701;43.610500;1.431255;21.410072
18950;146.728468;128.000832;-18.727635;43.610500;1.431256;21.372237
18970;146.728468;128.000832;-18.727635;43.610500;1.431256;21.372237
18990;146.728468;128.000832;-18.727635;43.610500;1.431256;21.372237
19010;146.728468;128.000832;-18.727635;43.610500;1.431256;21.372237
19030;146.728468;128.000832;-18.727635;43.610500;1.431256;21.372237
19060;146.728468;128.080178;-18.648289;43.610500;1.431256;21.334443
19090;146.728468;128.080178;-18.648289;43.610500;1.431256;21.334443
19120;146.728468;128.080178;-18.648289;43.610500;1.431256;21.334443
19150;146.728468;128.080178;-18.648289;43.610500;1.431256;21.334443
19170;144.093752;128.191736;-15.902016;43.610500;1.431257;21.281600
19190;144.093752;128.191736;-15.902016;43.610500;1.431257;21.281600
19210;144.093752;128.191736;-15.902016;43.610500;1.431257;21.281600
19240;138.573838;128.303848;-10.269990;43.610500;1.431258;21.228839
19270;138.573838;128.303848;-10.269990;43.610500;1.431258;21.228839
19290;138.573838;128.303848;-10.269990;43.610500;1.431258;21.228839
19310;138.573838;128.303848;-10.269990;43.610500;1.431258;21.228839
19340;138.573838;128.303848;-10.269990;43.610500;1.431258;21.228839
19360;134.483635;128.400389;-6.083246;43.610500;1.431259;21.183680
19380;134.483635;128.400389;-6.083246;43.610500;1.431259;21.183680
19410;134.483635;128.400389;-6.083246;43.610500;1.431259;21.183680
19450;130.911892;128.497341;-2.414551;43.610500;1.431260;21.138581
19470;130.911892;128.497341;-2.414551;43.610500;1.431260;21.138581
19490;130.911892;128.497341;-2.414551;43.610500;1.431260;21.138581
19510;130.911892;128.497341;-2.414551;43.610500;1.431260;21.138581
19550;130.911892;128.497341;-2.414551;43.610500;1.431260;21.138581
19570;128.281080;128.578452;0.297372;43.610500;1.431260;21.101045
19590;128.281080;128.578452;0.297372;43.610500;1.431260;21.101045
19630;89.999998;128.659851;38.659853;43.610500;1.431261;21.063551
19650;89.999998;128.659851;38.659853;43.610500;1.431261;21.063551
19670;89.999998;128.659851;38.659853;43.610500;1.431261;21.063551
19690;89.999998;128.659851;38.659853;43.610500;1.431261;21.063551
19710;89.999998;128.659851;38.659853;43.610500;1.431261;21.063551
19750;89.999998;128.757913;38.757915;43.610500;1.431261;21.018616
19770;89.999998;128.757913;38.757915;43.610500;1.431261;21.018616
19790;89.999998;128.757913;38.757915;43.610500;1.431261;21.018616
19810;89.999998;128.757913;38.757915;43.610500;1.431261;21.018616
19840;89.999998;128.757913;38.757915;43.610500;1.431261;21.018616
19860;89.999998;128.856395;38.856397;43.610500;1.431262;20.973742
19880;89.999998;128.856395;38.856397;43.610500;1.431262;20.973742
19920;89.999998;128.955299;38.955301;43.610500;1.431263;20.928930
19950;89.999998;128.955299;38.955301;43.610500;1.431263;20.928930
19970;89.999998;128.955299;38.955301;43.610500;1.431263;20.928930
19990;89.999998;128.955299;38.955301;43.610500;1.431263;20.928930
20030;89.999998;129.038043;39.038046;43.610500;1.431263;20.891635
20050;89.999998;129.038043;39.038046;43.610500;1.431263;20.891635
20070;89.999998;129.038043;39.038046;43.610500;1.431263;20.891635
20090;89.999998;129.038043;39.038046;43.610500;1.431263;20.891635
20130;147.644113;129.038043;-18.606070;43.610500;1.431263;20.891635
20150;147.644113;128.205283;-19.438830;43.610497;1.431264;20.589375
20170;147.644113;128.205283;-19.438830;43.610497;1.431264;20.589375
20190;147.644113;128.205283;-19.438830;43.610497;1.431264;20.589375
20220;147.644113;128.205283;-19.438830;43.610497;1.431264;20.589375
20250;147.644113;128.205283;-19.438830;43.610497;1.431264;20.589375
20270;143.252335;128.288026;-14.964308;43.610497;1.431265;20.551688
20300;143.252335;128.288026;-14.964308;43.610497;1.431265;20.551688
20320;147.644113;128.404378;-19.239735;43.610497;1.431265;20.498998
20340;147.644113;128.404378;-19.239735;43.610497;1.431265;20.498998
20370;147.644113;128.404378;-19.239735;43.610497;1.431265;20.498998
20390;147.644113;128.404378;-19.239735;43.610497;1.431265;20.498998
20420;146.728466;128.521329;-18.207137;43.610497;1.431266;20.446393
20450;146.728466;128.521329;-18.207137;43.610497;1.431266;20.446393
20480;146.728466;128.521329;-18.207137;43.610497;1.431266;20.446393
20500;146.728466;128.521329;-18.207137;43.610497;1.431266;20.446393
20530;143.252335;128.672581;-14.579754;43.610497;1.431267;20.378883
20550;143.252335;128.672581;-14.579754;43.610497;1.431267;20.378883
20570;143.252335;128.672581;-14.579754;43.610497;1.431267;20.378883
20590;143.252335;128.672581;-14.579754;43.610497;1.431267;20.378883
20620;143.252335;128.672581;-14.579754;43.610497;1.431267;20.378883
20660;135.127404;128.858810;-6.268595;43.610497;1.431269;20.296567
20680;135.127404;128.858810;-6.268595;43.610497;1.431269;20.296567
20700;135.127404;128.858810;-6.268595;43.610497;1.431269;20.296567
20720;135.127404;128.858810;-6.268595;43.610497;1.431269;20.296567
20750;129.298492;128.858810;-0.439683;43.610497;1.431269;20.296567
20770;129.298492;129.029422;-0.269070;43.610497;1.431270;20.221921
20790;129.298492;129.029422;-0.269070;43.610497;1.431270;20.221921
20820;129.298492;129.029422;-0.269070;43.610497;1.431270;20.221921
20850;129.298492;129.029422;-0.269070;43.610497;1.431270;20.221921
20870;89.999998;129.132395;39.132397;43.610497;1.431271;20.177220
20890;89.999998;129.132395;39.132397;43.610497;1.431271;20.177220
20920;89.999998;129.132395;39.132397;43.610497;1.431271;20.177220
20960;89.999998;129.270403;39.270406;43.610497;1.431272;20.117720
20980;89.999998;129.270403;39.270406;43.610497;1.431272;20.117720
21000;89.999998;129.270403;39.270406;43.610497;1.431272;20.117720
21020;89.999998;129.270403;39.270406;43.610497;1.431272;20.117720
21050;89.999998;129.409230;39.409232;43.610497;1.431273;20.058338
21070;89.999998;129.409230;39.409232;43.610497;1.431273;20.058338
21090;89.999998;129.409230;39.409232;43.610497;1.431273;20.058338
21140;89.999998;129.409230;39.409232;43.610497;1.431273;20.058338
21160;89.999998;129.548880;39.548882;43.610497;1.431273;19.999074
21180;89.999998;129.548880;39.548882;43.610497;1.431273;19.999074
21200;89.999998;129.548880;39.548882;43.610497;1.431273;19.999074
21220;89.999998;129.548880;39.548882;43.610497;1.431273;19.999074
21250;89.999998;129.706977;39.706980;43.610497;1.431275;19.932546
21270;89.999998;129.706977;39.706980;43.610497;1.431275;19.932546
21290;89.999998;129.706977;39.706980;43.610497;1.431275;19.932546
21320;89.999998;129.706977;39.706980;43.610497;1.431275;19.932546
21350;89.999998;129.706977;39.706980;43.610497;1.431275;19.932546
21370;89.999998;129.866133;39.866135;43.610497;1.431276;19.866170
21390;89.999998;129.866133;39.866135;43.610497;1.431276;19.866170
21410;89.999998;129.866133;39.866135;43.610497;1.431276;19.866170
21460;89.999998;129.972828;39.972830;43.610497;1.431276;19.822005
21480;89.999998;129.972828;39.972830;43.610497;1.431276;19.822005
21500;89.999998;129.972828;39.972830;43.610497;1.431276;19.822005
21530;89.999998;129.972828;39.972830;43.610497;1.431276;19.822005
21550;89.999998;130.079999;40.080001;43.610497;1.431277;19.777909
21570;89.999998;130.079999;40.080001;43.610497;1.431277;19.777909
21590;89.999998;130.079999;40.080001;43.610497;1.431277;19.777909
21620;89.999998;130.079999;40.080001;43.610497;1.431277;19.777909
21660;89.999998;130.223639;40.223641;43.610497;1.431278;19.719223
21680;89.999998;130.223639;40.223641;43.610497;1.431278;19.719223
21700;89.999998;130.223639;40.223641;43.610497;1.431278;19.719223
21720;89.999998;130.223639;40.223641;43.610497;1.431278;19.719223
21750;89.999998;130.350027;40.350029;43.610497;1.431279;19.667974
21770;89.999998;130.350027;40.350029;43.610497;1.431279;19.667974
21790;89.999998;130.350027;40.350029;43.610497;1.431279;19.667974
21810;89.999998;130.350027;40.350029;43.610497;1.431279;19.667974
21850;89.999998;130.350027;40.350029;43.610497;1.431279;19.667974
21870;89.999998;130.495277;40.495280;43.610497;1.431280;19.609523
21890;89.999998;130.495277;40.495280;43.610497;1.431280;19.609523
21910;89.999998;130.495277;40.495280;43.610497;1.431280;19.609523
21960;89.999998;130.678062;40.678064;43.610497;1.431281;19.536637
21980;89.999998;130.678062;40.678064;43.610497;1.431281;19.536637
22000;89.999998;130.678062;40.678064;43.610497;1.431281;19.536637
22020;89.999998;130.678062;40.678064;43.610497;1.431281;19.536637
22050;89.999998;130.678062;40.678064;43.610497;1.431281;19.536637
22070;89.999998;130.843736;40.843738;43.610497;1.431282;19.471210
22090;89.999998;130.843736;40.843738;43.610497;1.431282;19.471210
22120;89.999998;130.843736;40.843738;43.610497;1.431282;19.471210
22150;89.999998;130.843736;40.843738;43.610497;1.431282;19.471210
22180;89.999998;130.954805;40.954807;43.610497;1.431283;19.427684
22200;89.999998;130.954805;40.954807;43.610497;1.431283;19.427684
22220;89.999998;130.954805;40.954807;43.610497;1.431283;19.427684
22250;89.999998;130.954805;40.954807;43.610497;1.431283;19.427684
22270;89.999998;131.085016;41.085018;43.610497;1.431284;19.376995
22290;89.999998;131.085016;41.085018;43.610497;1.431284;19.376995
22320;89.999998;131.085016;41.085018;43.610497;1.431284;19.376995
22350;89.999998;131.234663;41.234666;43.610497;1.431285;19.319189
22370;89.999998;131.234663;41.234666;43.610497;1.431285;19.319189
22390;89.999998;131.234663;41.234666;43.610497;1.431285;19.319189
22420;89.999998;131.234663;41.234666;43.610497;1.431285;19.319189
22450;89.999998;131.404090;41.404092;43.610497;1.431286;19.254315
22480;89.999998;131.404090;41.404092;43.610497;1.431286;19.254315
22500;89.999998;131.404090;41.404092;43.610497;1.431286;19.254315
22530;89.999998;131.404090;41.404092;43.610497;1.431286;19.254315
22550;89.999998;131.593684;41.593686;43.610497;1.431287;19.182433
22570;89.999998;131.593684;41.593686;43.610497;1.431287;19.182433
22590;89.999998;131.593684;41.593686;43.610497;1.431287;19.182433
22620;89.999998;131.593684;41.593686;43.610497;1.431287;19.182433
22650;89.999998;131.593684;41.593686;43.610497;1.431287;19.182433
22680;89.999998;131.765535;41.765538;43.610497;1.431288;19.117919
22700;89.999998;131.765535;41.765538;43.610497;1.431288;19.117919
22720;89.999998;131.765535;41.765538;43.610497;1.431288;19.117919
22750;89.999998;131.765535;41.765538;43.610497;1.431288;19.117919
22770;89.999998;132.015820;42.015822;43.610497;1.431289;19.025039
22790;89.999998;132.015820;42.015822;43.610497;1.431289;19.025039
22820;89.999998;132.015820;42.015822;43.610497;1.431289;19.025039
22850;89.999998;132.229512;42.229514;43.610497;1.431291;18.946734
22870;89.999998;132.229512;42.229514;43.610497;1.431291;18.946734
22890;89.999998;132.229512;42.229514;43.610497;1.431291;18.946734
22910;89.999998;132.229512;42.229514;43.610497;1.431291;18.946734
22950;89.999998;132.366419;42.366421;43.610497;1.431292;18.897042
22980;89.999998;132.366419;42.366421;43.610497;1.431292;18.897042
23000;89.999998;132.366419;42.366421;43.610497;1.431292;18.897042
23020;89.999998;132.366419;42.366421;43.610497;1.431292;18.897042
23050;89.999997;132.583017;42.583019;43.610497;1.431293;18.819173
23070;89.999997;132.583017;42.583019;43.610497;1.431293;18.819173
23090;89.999997;132.583017;42.583019;43.610497;1.431293;18.819173
23120;89.999997;132.583017;42.583019;43.610497;1.431293;18.819173
23150;89.999998;132.583017;42.583019;43.610497;1.431293;18.819173
23180;89.999998;132.801411;42.801414;43.610497;1.431294;18.741576
23200;89.999998;132.801411;42.801414;43.610497;1.431294;18.741576
23220;89.999998;132.801411;42.801414;43.610497;1.431294;18.741576
23250;89.999998;132.801411;42.801414;43.610497;1.431294;18.741576
23270;89.999997;133.021619;43.021621;43.610497;1.431296;18.664254
23290;89.999997;133.021619;43.021621;43.610497;1.431296;18.664254
23310;89.999997;133.021619;43.021621;43.610497;1.431296;18.664254
23340;89.999997;133.243655;43.243658;43.610497;1.431297;18.587209
23370;89.999997;133.243655;43.243658;43.610497;1.431297;18.587209
23390;89.999997;133.243655;43.243658;43.610497;1.431297;18.587209
23410;89.999997;133.243655;43.243658;43.610497;1.431297;18.587209
23450;89.999998;133.406294;43.406296;43.610497;1.431298;18.531353
23470;89.999998;133.406294;43.406296;43.610497;1.431298;18.531353
23500;89.999998;133.406294;43.406296;43.610497;1.431298;18.531353
23520;89.999998;133.406294;43.406296;43.610497;1.431298;18.531353
23550;89.999998;133.406294;43.406296;43.610497;1.431298;18.531353
23570;89.999998;133.569915;43.569917;43.610497;1.431299;18.475647
23590;89.999998;133.569915;43.569917;43.610497;1.431299;18.475647
23620;89.999998;133.569915;43.569917;43.610497;1.431299;18.475647
23650;89.999998;133.569915;43.569917;43.610497;1.431299;18.475647
23670;89.999998;133.775831;43.775834;43.610497;1.431300;18.406229
23700;89.999998;133.775831;43.775834;43.610497;1.431300;18.406229
23730;89.999998;133.775831;43.775834;43.610497;1.431300;18.406229
23750;89.999998;133.983304;43.983307;43.610497;1.431301;18.337050
23770;89.999998;133.983304;43.983307;43.610497;1.431301;18.337050
23790;89.999998;133.983304;43.983307;43.610497;1.431301;18.337050
23820;89.999998;133.983304;43.983307;43.610497;1.431301;18.337050
23840;147.644111;133.180992;-14.463119;43.610493;1.431302;17.988999
23870;147.644111;133.180992;-14.463119;43.610493;1.431302;17.988999
23890;147.644111;133.180992;-14.463119;43.610493;1.431302;17.988999
23910;147.644111;133.180992;-14.463119;43.610493;1.431302;17.988999
23950;89.999998;134.445284;44.445286;43.610497;1.431304;18.185712
23970;89.999998;134.445284;44.445286;43.610497;1.431304;18.185712
24000;89.999998;134.445284;44.445286;43.610497;1.431304;18.185712
24020;89.999998;134.445284;44.445286;43.610497;1.431304;18.185712
24050;89.999998;134.445284;44.445286;43.610497;1.431304;18.185712
24070;89.999998;134.657819;44.657822;43.610497;1.431305;18.117318
24090;89.999998;134.657819;44.657822;43.610497;1.431305;18.117318
24120;89.999998;134.657819;44.657822;43.610497;1.431305;18.117318
24150;89.999998;134.657819;44.657822;43.610497;1.431305;18.117318
24170;35.906249;134.829005;98.922756;43.610497;1.431306;18.062783
24200;35.906249;134.829005;98.922756;43.610497;1.431306;18.062783
24230;44.872594;135.087726;90.215132;43.610497;1.431307;17.981286
24250;44.872594;135.087726;90.215132;43.610497;1.431307;17.981286
24270;44.872594;135.087726;90.215132;43.610497;1.431307;17.981286
24290;44.872594;135.087726;90.215132;43.610497;1.431307;17.981286
24320;44.872594;135.087726;90.215132;43.610497;1.431307;17.981286
24340;51.215832;135.326952;84.111120;43.610497;1.431309;17.906905
24370;51.215832;135.326952;84.111120;43.610497;1.431309;17.906905
24390;51.215832;135.326952;84.111120;43.610497;1.431309;17.906905
24410;51.215832;135.326952;84.111120;43.610497;1.431309;17.906905
24450;56.192225;135.326952;79.134727;43.610497;1.431309;17.906905
24470;56.192225;135.568169;79.375944;43.610497;1.431310;17.832838
24500;56.192225;135.568169;79.375944;43.610497;1.431310;17.832838
24520;56.192225;135.568169;79.375944;43.610497;1.431310;17.832838
24550;89.999997;135.568169;45.568171;43.610497;1.431310;17.832838
24570;89.999997;135.789199;45.789201;43.610497;1.431311;17.765782
24590;89.999997;135.789199;45.789201;43.610497;1.431311;17.765782
24630;89.999998;135.789199;45.789201;43.610497;1.431311;17.765782
24650;89.999998;135.944913;45.944916;43.610497;1.431312;17.719001
24670;89.999998;135.944913;45.944916;43.610497;1.431312;17.719001
24700;89.999998;135.944913;45.944916;43.610497;1.431312;17.719001
24720;89.999998;135.944913;45.944916;43.610497;1.431312;17.719001
24750;89.999998;136.123881;46.123884;43.610497;1.431313;17.665697
24770;89.999998;136.123881;46.123884;43.610497;1.431313;17.665697
24790;89.999998;136.123881;46.123884;43.610497;1.431313;17.665697
24810;89.999998;136.123881;46.123884;43.610497;1.431313;17.665697
24840;89.999998;136.326514;46.326516;43.610497;1.431314;17.605939
24860;89.999998;136.326514;46.326516;43.610497;1.431314;17.605939
24890;89.999998;136.326514;46.326516;43.610497;1.431314;17.605939
24910;89.999998;136.326514;46.326516;43.610497;1.431314;17.605939
24930;89.999998;136.326514;46.326516;43.610497;1.431314;17.605939
24970;89.999998;136.553277;46.553279;43.610497;1.431315;17.539800
24990;89.999998;136.553277;46.553279;43.610497;1.431315;17.539800
25020;89.999998;136.553277;46.553279;43.610497;1.431315;17.539800
25050;89.999998;136.553277;46.553279;43.610497;1.431315;17.539800
25070;89.999998;136.781753;46.781755;43.610497;1.431316;17.473939
25090;89.999998;136.781753;46.781755;43.610497;1.431316;17.473939
25130;147.644111;136.781753;-10.862359;43.610497;1.431316;17.473939
25150;147.644111;135.996600;-11.647511;43.610493;1.431317;17.113850
25170;147.644111;135.996600;-11.647511;43.610493;1.431317;17.113850
25200;147.644111;135.996600;-11.647511;43.610493;1.431317;17.113850
25230;147.644111;135.996600;-11.647511;43.610493;1.431317;17.113850
25250;140.835418;136.182078;-4.653341;43.610493;1.431318;17.060600
25270;140.835418;136.182078;-4.653341;43.610493;1.431318;17.060600
25290;140.835418;136.182078;-4.653341;43.610493;1.431318;17.060600
25310;140.835418;136.182078;-4.653341;43.610493;1.431318;17.060600
25350;142.428973;136.368714;-6.060258;43.610493;1.431319;17.007530
25370;142.428973;136.368714;-6.060258;43.610493;1.431319;17.007530
25390;142.428973;136.368714;-6.060258;43.610493;1.431319;17.007530
25410;142.428973;136.368714;-6.060258;43.610493;1.431319;17.007530
25430;142.428973;136.368714;-6.060258;43.610493;1.431319;17.007530
25480;145.831625;136.509457;-9.322168;43.610493;1.431320;16.967846
25510;145.831625;136.509457;-9.322168;43.610493;1.431320;16.967846
25530;33.271533;137.642208;104.370675;43.610497;1.431321;17.232710
25550;33.271533;137.642208;104.370675;43.610497;1.431321;17.232710
25570;33.271533;137.642208;104.370675;43.610497;1.431321;17.232710
25590;33.271533;137.642208;104.370675;43.610497;1.431321;17.232710
25630;35.046552;137.878897;102.832345;43.610497;1.431322;17.168192
25660;35.046552;137.878897;102.832345;43.610497;1.431322;17.168192
25680;35.046552;137.878897;102.832345;43.610497;1.431322;17.168192
25700;35.046552;137.878897;102.832345;43.610497;1.431322;17.168192
25730;35.046552;137.878897;102.832345;43.610497;1.431322;17.168192
25750;35.906249;138.093440;102.187191;43.610497;1.431323;17.110379
25770;35.906249;138.093440;102.187191;43.610497;1.431323;17.110379
25790;35.906249;138.093440;102.187191;43.610497;1.431323;17.110379
25810;35.906249;138.093440;102.187191;43.610497;1.431323;17.110379
25850;35.906249;138.093440;102.187191;43.610497;1.431323;17.110379
25870;39.164579;138.333524;99.168945;43.610497;1.431324;17.046424
25890;39.164579;138.333524;99.168945;43.610497;1.431324;17.046424
25920;44.872594;138.526889;93.654296;43.610497;1.431325;16.995478
25940;44.872594;138.526889;93.654296;43.610497;1.431325;16.995478
25980;44.872594;138.526889;93.654296;43.610497;1.431325;16.995478
26000;44.872594;138.526889;93.654296;43.610497;1.431325;16.995478
26030;49.088107;138.697036;89.608929;43.610497;1.431326;16.951060
26050;49.088107;138.697036;89.608929;43.610497;1.431326;16.951060
26070;49.088107;138.697036;89.608929;43.610497;1.431326;16.951060
26090;49.088107;138.697036;89.608929;43.610497;1.431326;16.951060
26130;49.088107;138.697036;89.608929;43.610497;1.431326;16.951060
26160;53.163605;138.892582;85.728978;43.610497;1.431327;16.900480
26180;53.163605;138.892582;85.728978;43.610497;1.431327;16.900480
26200;53.163605;138.892582;85.728978;43.610497;1.431327;16.900480
26230;53.163605;138.892582;85.728978;43.610497;1.431327;16.900480
26250;89.999998;139.064646;49.064649;43.610497;1.431328;16.856385
26270;89.999998;139.064646;49.064649;43.610497;1.431328;16.856385
26290;89.999998;139.064646;49.064649;43.610497;1.431328;16.856385
26310;89.999998;139.064646;49.064649;43.610497;1.431328;16.856385
26350;89.999998;139.064646;49.064649;43.610497;1.431328;16.856385
26370;89.999998;139.287196;49.287198;43.610497;1.431329;16.799916
26390;89.999998;139.287196;49.287198;43.610497;1.431329;16.799916
26410;89.999998;139.287196;49.287198;43.610497;1.431329;16.799916
26430;89.999998;139.287196;49.287198;43.610497;1.431329;16.799916
26460;89.999998;139.536230;49.536233;43.610497;1.431330;16.737472
26500;89.999998;139.536230;49.536233;43.610497;1.431330;16.737472
26530;89.999998;139.536230;49.536233;43.610497;1.431330;16.737472
26550;89.999998;139.761951;49.761954;43.610497;1.431331;16.681545
26570;89.999998;139.761951;49.761954;43.610497;1.431331;16.681545
26590;89.999998;139.761951;49.761954;43.610497;1.431331;16.681545
26630;89.999998;139.761951;49.761954;43.610497;1.431331;16.681545
26650;89.999998;139.963864;49.963867;43.610497;1.431332;16.632051
26680;89.999998;139.963864;49.963867;43.610497;1.431332;16.632051
26700;89.999998;139.963864;49.963867;43.610497;1.431332;16.632051
26730;89.999998;139.963864;49.963867;43.610497;1.431332;16.632051
26750;89.999998;140.166980;50.166982;43.610497;1.431333;16.582765
26770;89.999998;140.166980;50.166982;43.610497;1.431333;16.582765
26790;89.999998;140.166980;50.166982;43.610497;1.431333;16.582765
26810;89.999998;140.166980;50.166982;43.610497;1.431333;16.582765
26840;89.999998;140.166980;50.166982;43.610497;1.431333;16.582765
26870;89.999998;140.422574;50.422576;43.610497;1.431334;16.521452
26890;89.999998;140.422574;50.422576;43.610497;1.431334;16.521452
26920;89.999998;140.422574;50.422576;43.610497;1.431334;16.521452
26940;89.999998;140.680067;50.680069;43.610497;1.431335;16.460470
26960;89.999998;140.680067;50.680069;43.610497;1.431335;16.460470
27000;89.999998;140.680067;50.680069;43.610497;1.431335;16.460470
27030;89.999998;140.680067;50.680069;43.610497;1.431335;16.460470
27050;89.999998;140.939470;50.939472;43.610497;1.431337;16.399823
27070;89.999998;140.939470;50.939472;43.610497;1.431337;16.399823
27090;89.999998;140.939470;50.939472;43.610497;1.431337;16.399823
27120;89.999998;140.939470;50.939472;43.610497;1.431337;16.399823
27150;89.999998;141.174574;51.174576;43.610497;1.431338;16.345530
27180;89.999998;141.174574;51.174576;43.610497;1.431338;16.345530
27200;89.999998;141.174574;51.174576;43.610497;1.431338;16.345530
27220;89.999998;141.174574;51.174576;43.610497;1.431338;16.345530
27250;89.999998;141.174574;51.174576;43.610497;1.431338;16.345530
27270;89.999998;141.411241;51.411244;43.610497;1.431339;16.291515
27290;89.999998;141.411241;51.411244;43.610497;1.431339;16.291515
27310;89.999998;141.411241;51.411244;43.610497;1.431339;16.291515
27340;89.999998;141.411241;51.411244;43.610497;1.431339;16.291515
27370;89.999998;141.649479;51.649481;43.610497;1.431340;16.237779
27390;89.999998;141.649479;51.649481;43.610497;1.431340;16.237779
27410;89.999998;141.649479;51.649481;43.610497;1.431340;16.237779
27440;89.999998;141.649479;51.649481;43.610497;1.431340;16.237779
27460;89.999998;141.889295;51.889297;43.610497;1.431341;16.184325
27500;89.999998;141.889295;51.889297;43.610497;1.431341;16.184325
27530;89.999998;141.889295;51.889297;43.610497;1.431341;16.184325
27550;89.999998;142.076913;52.076915;43.610497;1.431342;16.142948
27570;89.999998;142.076913;52.076915;43.610497;1.431342;16.142948
27590;89.999998;142.076913;52.076915;43.610497;1.431342;16.142948
27620;89.999998;142.076913;52.076915;43.610497;1.431342;16.142948
27650;89.999998;142.076913;52.076915;43.610497;1.431342;16.142948
27670;89.999998;142.373688;52.373690;43.610497;1.431343;16.078278
27700;89.999998;142.373688;52.373690;43.610497;1.431343;16.078278
27720;89.999998;142.373688;52.373690;43.610497;1.431343;16.078278
27740;89.999998;142.373688;52.373690;43.610497;1.431343;16.078278
27770;89.999998;142.591024;52.591026;43.610497;1.431344;16.031518
27790;89.999998;142.591024;52.591026;43.610497;1.431344;16.031518
27810;89.999998;142.591024;52.591026;43.610497;1.431344;16.031518
27830;89.999998;142.591024;52.591026;43.610497;1.431344;16.031518
27860;89.999998;142.754858;52.754860;43.610497;1.431345;15.996600
27890;89.999998;142.754858;52.754860;43.610497;1.431345;15.996600
27920;89.999998;142.754858;52.754860;43.610497;1.431345;15.996600
27940;89.999998;142.919408;52.919410;43.610497;1.431345;15.961814
27960;89.999998;142.919408;52.919410;43.610497;1.431345;15.961814
27990;89.999998;142.919408;52.919410;43.610497;1.431345;15.961814
28020;89.999998;142.919408;52.919410;43.610497;1.431345;15.961814
28050;89.999998;143.167578;53.167580;43.610497;1.431347;15.909883
28070;89.999998;143.167578;53.167580;43.610497;1.431347;15.909883
28090;89.999998;143.167578;53.167580;43.610497;1.431347;15.909883
28120;89.999998;143.167578;53.167580;43.610497;1.431347;15.909883
28150;89.999998;143.167578;53.167580;43.610497;1.431347;15.909883
28170;89.999998;143.417368;53.417371;43.610497;1.431348;15.858252
28190;89.999998;143.417368;53.417371;43.610497;1.431348;15.858252
28220;89.999998;143.417368;53.417371;43.610497;1.431348;15.858252
28250;147.644111;142.766141;-4.877971;43.610493;1.431349;15.461439
28270;147.644111;142.766141;-4.877971;43.610493;1.431349;15.461439
28290;147.644111;142.766141;-4.877971;43.610493;1.431349;15.461439
28320;89.999998;142.766141;52.766143;43.610493;1.431349;15.461439
28340;89.999998;143.978293;53.978295;43.610497;1.431350;15.744607
28360;89.999998;143.978293;53.978295;43.610497;1.431350;15.744607
28390;89.999998;143.978293;53.978295;43.610497;1.431350;15.744607
28410;89.999998;143.978293;53.978295;43.610497;1.431350;15.744607
28440;89.999998;143.978293;53.978295;43.610497;1.431350;15.744607
28460;89.999998;144.233348;54.233350;43.610497;1.431351;15.693964
28490;89.999998;144.233348;54.233350;43.610497;1.431351;15.693964
28520;89.999998;144.233348;54.233350;43.610497;1.431351;15.693964
28550;32.355886;144.233348;111.877462;43.610497;1.431351;15.693964
28570;32.355886;144.490050;112.134163;43.610497;1.431352;15.643634
28590;32.355886;144.490050;112.134163;43.610497;1.431352;15.643634
28620;32.355886;144.490050;112.134163;43.610497;1.431352;15.643634
28650;32.355886;144.490050;112.134163;43.610497;1.431352;15.643634
28670;39.935315;144.748403;104.813088;43.610497;1.431353;15.593621
28690;39.935315;144.748403;104.813088;43.610497;1.431353;15.593621
28720;39.935315;144.748403;104.813088;43.610497;1.431353;15.593621
28750;39.935315;144.748403;104.813088;43.610497;1.431353;15.593621
28770;45.516365;144.979441;99.463076;43.610497;1.431354;15.549432
28790;45.516365;144.979441;99.463076;43.610497;1.431354;15.549432
28810;45.516365;144.979441;99.463076;43.610497;1.431354;15.549432
28840;51.215832;145.270087;94.054255;43.610497;1.431355;15.494554
28860;51.215832;145.270087;94.054255;43.610497;1.431355;15.494554
28890;51.215832;145.270087;94.054255;43.610497;1.431355;15.494554
28910;51.215832;145.270087;94.054255;43.610497;1.431355;15.494554
28940;89.999998;145.562790;55.562792;43.610497;1.431357;15.440077
28960;89.999998;145.562790;55.562792;43.610497;1.431357;15.440077
28990;89.999998;145.562790;55.562792;43.610497;1.431357;15.440077
29020;89.999998;145.562790;55.562792;43.610497;1.431357;15.440077
29050;89.999998;145.562790;55.562792;43.610497;1.431357;15.440077
29070;89.999998;145.857559;55.857561;43.610497;1.431358;15.386006
29090;89.999998;145.857559;55.857561;43.610497;1.431358;15.386006
29120;89.999998;145.857559;55.857561;43.610497;1.431358;15.386006
29140;89.999998;145.857559;55.857561;43.610497;1.431358;15.386006
29170;89.999998;146.184197;56.184199;43.610497;1.431359;15.327002
29190;89.999998;146.184197;56.184199;43.610497;1.431359;15.327002
29230;89.999998;146.363422;56.363424;43.610497;1.431360;15.295029
29250;89.999998;146.363422;56.363424;43.610497;1.431360;15.295029
29270;89.999998;146.363422;56.363424;43.610497;1.431360;15.295029
29290;89.999998;146.363422;56.363424;43.610497;1.431360;15.295029
29320;89.999998;146.363422;56.363424;43.610497;1.431360;15.295029
29340;89.999998;146.663796;56.663798;43.610497;1.431361;15.242075
29360;89.999998;146.663796;56.663798;43.610497;1.431361;15.242075
29390;89.999998;146.663796;56.663798;43.610497;1.431361;15.242075
29410;89.999998;146.663796;56.663798;43.610497;1.431361;15.242075
29440;89.999998;146.966256;56.966258;43.610497;1.431362;15.189544
29460;89.999998;146.966256;56.966258;43.610497;1.431362;15.189544
29490;89.999998;146.966256;56.966258;43.610497;1.431362;15.189544
29520;89.999998;146.966256;56.966258;43.610497;1.431362;15.189544
29550;89.999998;147.270806;57.270809;43.610497;1.431363;15.137438
29570;89.999998;147.270806;57.270809;43.610497;1.431363;15.137438
29590;89.999998;147.270806;57.270809;43.610497;1.431363;15.137438
29620;89.999998;147.270806;57.270809;43.610497;1.431363;15.137438
29650;89.999998;147.270806;57.270809;43.610497;1.431363;15.137438
29670;89.999998;147.608232;57.608235;43.610497;1.431365;15.080619
29690;89.999998;147.608232;57.608235;43.610497;1.431365;15.080619
29710;89.999998;147.608232;57.608235;43.610497;1.431365;15.080619
29750;89.999998;147.948198;57.948201;43.610497;1.431366;15.024328
29770;89.999998;147.948198;57.948201;43.610497;1.431366;15.024328
29790;89.999998;147.948198;57.948201;43.610497;1.431366;15.024328
29810;89.999998;147.948198;57.948201;43.610497;1.431366;15.024328
29840;89.999998;147.948198;57.948201;43.610497;1.431366;15.024328
29860;89.999998;148.197045;58.197047;43.610497;1.431367;14.983723
29880;89.999998;148.197045;58.197047;43.610497;1.431367;14.983723
29910;89.999998;148.197045;58.197047;43.610497;1.431367;14.983723
29940;89.999998;148.197045;58.197047;43.610497;1.431367;14.983723
29960;89.999998;148.447239;58.447241;43.610497;1.431368;14.943402
29990;89.999998;148.447239;58.447241;43.610497;1.431368;14.943402
30010;89.999998;148.447239;58.447241;43.610497;1.431368;14.943402
30040;89.999998;148.447239;58.447241;43.610497;1.431368;14.943402
30070;89.999998;148.730319;58.730322;43.610497;1.431369;14.898383
30090;89.999998;148.730319;58.730322;43.610497;1.431369;14.898383
30120;89.999998;148.730319;58.730322;43.610497;1.431369;14.898383
30150;89.999998;148.730319;58.730322;43.610497;1.431369;14.898383
30170;89.999998;149.078628;59.078630;43.610497;1.431370;14.843858
30190;89.999998;149.078628;59.078630;43.610497;1.431370;14.843858
30210;89.999998;149.078628;59.078630;43.610497;1.431370;14.843858
30250;89.999998;149.397489;59.397492;43.610497;1.431371;14.794769
30270;89.999998;149.397489;59.397492;43.610497;1.431371;14.794769
30290;89.999998;149.397489;59.397492;43.610497;1.431371;14.794769
30310;89.999998;149.397489;59.397492;43.610497;1.431371;14.794769
30340;89.999998;149.718464;59.718466;43.610497;1.431373;14.746141
30360;89.999998;149.718464;59.718466;43.610497;1.431373;14.746141
30380;89.999998;149.718464;59.718466;43.610497;1.431373;14.746141
30410;89.999998;149.718464;59.718466;43.610497;1.431373;14.746141
30440;89.999998;149.718464;59.718466;43.610497;1.431373;14.746141
30460;89.999998;149.944403;59.944406;43.610497;1.431373;14.712379
30480;89.999998;149.944403;59.944406;43.610497;1.431373;14.712379
30520;89.999998;150.236419;60.236421;43.610497;1.431375;14.669308
30550;89.999998;150.236419;60.236421;43.610497;1.431375;14.669308
30570;89.999998;150.236419;60.236421;43.610497;1.431375;14.669308
30590;89.999998;150.236419;60.236421;43.610497;1.431375;14.669308
30630;89.999998;150.236419;60.236421;43.610497;1.431375;14.669308
30650;89.999998;150.530147;60.530150;43.610497;1.431376;14.626620
30670;89.999998;150.530147;60.530150;43.610497;1.431376;14.626620
30690;89.999998;150.530147;60.530150;43.610497;1.431376;14.626620
30720;89.999998;150.530147;60.530150;43.610497;1.431376;14.626620
30750;89.999998;150.891473;60.891475;43.610497;1.431377;14.574971
30770;89.999998;150.891473;60.891475;43.610497;1.431377;14.574971
30790;89.999998;150.891473;60.891475;43.610497;1.431377;14.574971
30810;89.999998;150.891473;60.891475;43.610497;1.431377;14.574971
30840;89.999998;150.891473;60.891475;43.610497;1.431377;14.574971
30860;89.999998;151.222168;61.222170;43.610497;1.431378;14.528524
30880;89.999998;151.222168;61.222170;43.610497;1.431378;14.528524
30900;89.999998;151.222168;61.222170;43.610497;1.431378;14.528524
30940;89.999998;151.222168;61.222170;43.610497;1.431378;14.528524
30960;89.999998;151.621787;61.621789;43.610497;1.431380;14.473432
30980;89.999998;151.621787;61.621789;43.610497;1.431380;14.473432
31020;89.999998;151.889886;61.889888;43.610497;1.431381;14.437097
31040;89.999998;151.889886;61.889888;43.610497;1.431381;14.437097
31070;89.999998;151.889886;61.889888;43.610497;1.431381;14.437097
31090;89.999998;151.889886;61.889888;43.610497;1.431381;14.437097
31120;89.999998;151.889886;61.889888;43.610497;1.431381;14.437097
31150;140.064682;151.315779;11.251098;43.610493;1.431381;14.032006
31170;140.064682;151.315779;11.251098;43.610493;1.431381;14.032006
31190;140.064682;151.315779;11.251098;43.610493;1.431381;14.032006
31210;140.064682;151.315779;11.251098;43.610493;1.431381;14.032006
31250;141.623422;151.591539;9.968117;43.610493;1.431382;13.995315
31270;141.623422;151.591539;9.968117;43.610493;1.431382;13.995315
31290;141.623422;151.591539;9.968117;43.610493;1.431382;13.995315
31310;141.623422;151.591539;9.968117;43.610493;1.431382;13.995315
31340;144.953445;151.591539;6.638094;43.610493;1.431382;13.995315
31360;144.953445;151.868742;6.915297;43.610493;1.431383;13.958949
31380;144.953445;151.868742;6.915297;43.610493;1.431383;13.958949
31400;144.953445;151.868742;6.915297;43.610493;1.431383;13.958949
31440;144.953445;151.868742;6.915297;43.610493;1.431383;13.958949
31460;144.093749;152.182319;8.088570;43.610493;1.431384;13.918431
31480;144.093749;152.182319;8.088570;43.610493;1.431384;13.918431
31510;144.093749;152.182319;8.088570;43.610493;1.431384;13.918431
31540;136.459472;152.182319;15.722847;43.610493;1.431384;13.918431
31570;136.459472;152.532873;16.073402;43.610493;1.431386;13.873903
31590;136.459472;152.532873;16.073402;43.610493;1.431386;13.873903
31610;136.459472;152.532873;16.073402;43.610493;1.431386;13.873903
31650;131.474181;152.814933;21.340751;43.610493;1.431386;13.838656
31670;131.474181;152.814933;21.340751;43.610493;1.431386;13.838656
31690;131.474181;152.814933;21.340751;43.610493;1.431386;13.838656
31710;131.474181;152.814933;21.340751;43.610493;1.431386;13.838656
31750;126.836390;152.814933;25.978542;43.610493;1.431386;13.838656
31770;126.836390;153.133963;26.297573;43.610493;1.431388;13.799407
31790;126.836390;153.133963;26.297573;43.610493;1.431388;13.799407
31810;126.836390;153.133963;26.297573;43.610493;1.431388;13.799407
31840;126.836390;153.133963;26.297573;43.610493;1.431388;13.799407
31860;89.999998;153.419065;63.419068;43.610493;1.431388;13.764880
31890;89.999998;153.419065;63.419068;43.610493;1.431388;13.764880
31910;89.999998;153.419065;63.419068;43.610493;1.431388;13.764880
31930;89.999998;153.419065;63.419068;43.610493;1.431388;13.764880
31960;89.999998;153.633829;63.633831;43.610493;1.431389;13.739209
31980;89.999998;153.633829;63.633831;43.610493;1.431389;13.739209
32030;89.999998;153.885398;63.885400;43.610493;1.431390;13.709505
32050;89.999998;153.885398;63.885400;43.610493;1.431390;13.709505
32070;89.999998;153.885398;63.885400;43.610493;1.431390;13.709505
32090;89.999998;153.885398;63.885400;43.610493;1.431390;13.709505
32120;89.999998;153.885398;63.885400;43.610493;1.431390;13.709505
32150;89.999998;154.065757;64.065759;43.610493;1.431391;13.688450
32170;89.999998;154.065757;64.065759;43.610493;1.431391;13.688450
32190;89.999998;154.065757;64.065759;43.610493;1.431391;13.688450
32220;89.999998;154.065757;64.065759;43.610493;1.431391;13.688450
32250;89.999998;154.065757;64.065759;43.610493;1.431391;13.688450
32270;89.999998;154.610151;64.610153;43.610493;1.431392;13.626104
32290;89.999998;154.610151;64.610153;43.610493;1.431392;13.626104
32310;89.999998;154.610151;64.610153;43.610493;1.431392;13.626104
32340;89.999998;154.610151;64.610153;43.610493;1.431392;13.626104
32360;89.999998;154.939168;64.939170;43.610493;1.431394;13.589292
32380;89.999998;154.939168;64.939170;43.610493;1.431394;13.589292
32410;89.999998;154.939168;64.939170;43.610493;1.431394;13.589292
32430;89.999998;154.939168;64.939170;43.610493;1.431394;13.589292
32460;89.999998;155.233119;65.233121;43.610493;1.431394;13.556947
32480;89.999998;155.233119;65.233121;43.610493;1.431394;13.556947
32520;89.999998;155.233119;65.233121;43.610493;1.431394;13.556947
32550;89.999998;155.528468;65.528470;43.610493;1.431395;13.524962
32570;89.999998;155.528468;65.528470;43.610493;1.431395;13.524962
32590;89.999998;155.528468;65.528470;43.610493;1.431395;13.524962
32610;89.999998;155.528468;65.528470;43.610493;1.431395;13.524962
32650;89.999998;155.788041;65.788043;43.610493;1.431396;13.497270
32670;89.999998;155.788041;65.788043;43.610493;1.431396;13.497270
32690;89.999998;155.788041;65.788043;43.610493;1.431396;13.497270
32710;89.999998;155.788041;65.788043;43.610493;1.431396;13.497270
32740;89.999998;155.788041;65.788043;43.610493;1.431396;13.497270
32770;89.999998;155.974100;65.974103;43.610493;1.431397;13.477661
32800;89.999998;155.974100;65.974103;43.610493;1.431397;13.477661
32820;89.999998;155.974100;65.974103;43.610493;1.431397;13.477661
32850;89.999998;155.974100;65.974103;43.610493;1.431397;13.477661
32880;89.999997;156.385331;66.385333;43.610493;1.431398;13.435023
32900;89.999997;156.385331;66.385333;43.610493;1.431398;13.435023
32940;89.999998;156.799158;66.799161;43.610493;1.431399;13.393081
32960;89.999998;156.799158;66.799161;43.610493;1.431399;13.393081
32980;89.999998;156.799158;66.799161;43.610493;1.431399;13.393081
33010;89.999998;156.799158;66.799161;43.610493;1.431399;13.393081
33050;89.999998;157.101744;67.101747;43.610493;1.431400;13.363019
33070;89.999998;157.101744;67.101747;43.610493;1.431400;13.363019
33090;89.999998;157.101744;67.101747;43.610493;1.431400;13.363019
33120;89.999998;157.101744;67.101747;43.610493;1.431400;13.363019
33160;89.999998;157.405686;67.405688;43.610493;1.431401;13.333332
33180;89.999998;157.405686;67.405688;43.610493;1.431401;13.333332
33200;89.999998;157.405686;67.405688;43.610493;1.431401;13.333332
33220;89.999998;157.405686;67.405688;43.610493;1.431401;13.333332
33250;89.999998;157.405686;67.405688;43.610493;1.431401;13.333332
33270;89.999998;157.710976;67.710978;43.610493;1.431402;13.304022
33290;89.999998;157.710976;67.710978;43.610493;1.431402;13.304022
33320;89.999998;157.710976;67.710978;43.610493;1.431402;13.304022
33350;89.999998;157.710976;67.710978;43.610493;1.431402;13.304022
33370;89.999998;158.056027;68.056030;43.610493;1.431403;13.271501
33390;89.999998;158.056027;68.056030;43.610493;1.431403;13.271501
33410;89.999998;158.056027;68.056030;43.610493;1.431403;13.271501
33440;89.999998;158.441391;68.441393;43.610493;1.431405;13.235934
33460;89.999998;158.441391;68.441393;43.610493;1.431405;13.235934
33490;89.999998;158.441391;68.441393;43.610493;1.431405;13.235934
33520;89.999998;158.441391;68.441393;43.610493;1.431405;13.235934
33550;89.999998;158.828813;68.828815;43.610493;1.431406;13.200969
33570;89.999998;158.828813;68.828815;43.610493;1.431406;13.200969
33590;89.999998;158.828813;68.828815;43.610493;1.431406;13.200969
33610;89.999998;158.828813;68.828815;43.610493;1.431406;13.200969
33660;89.999998;159.179238;69.179240;43.610493;1.431407;13.170020
33680;89.999998;159.179238;69.179240;43.610493;1.431407;13.170020
33700;89.999998;159.179238;69.179240;43.610493;1.431407;13.170020
33720;89.999998;159.179238;69.179240;43.610493;1.431407;13.170020
33740;89.999998;159.179238;69.179240;43.610493;1.431407;13.170020
33770;89.999998;159.531300;69.531302;43.610493;1.431408;13.139565
33790;89.999998;159.531300;69.531302;43.610493;1.431408;13.139565
33830;89.999998;159.845607;69.845609;43.610493;1.431409;13.112913
33850;89.999998;159.845607;69.845609;43.610493;1.431409;13.112913
33870;89.999998;159.845607;69.845609;43.610493;1.431409;13.112913
33890;89.999998;159.845607;69.845609;43.610493;1.431409;13.112913
33920;89.999998;159.845607;69.845609;43.610493;1.431409;13.112913
33950;89.999998;160.200720;70.200723;43.610493;1.431410;13.083402
33970;89.999998;160.200720;70.200723;43.610493;1.431410;13.083402
33990;89.999998;160.200720;70.200723;43.610493;1.431410;13.083402
34040;89.999998;160.200720;70.200723;43.610493;1.431410;13.083402
34060;89.999998;160.557426;70.557428;43.610493;1.431411;13.054397
34080;89.999998;160.557426;70.557428;43.610493;1.431411;13.054397
34100;89.999998;160.557426;70.557428;43.610493;1.431411;13.054397
34120;89.999998;160.557426;70.557428;43.610493;1.431411;13.054397
34160;89.999998;160.955611;70.955613;43.610493;1.431412;13.022765
34180;89.999998;160.955611;70.955613;43.610493;1.431412;13.022765
34200;89.999998;160.955611;70.955613;43.610493;1.431412;13.022765
34230;89.999998;160.955611;70.955613;43.610493;1.431412;13.022765
34260;89.999998;161.355716;71.355718;43.610493;1.431413;12.991764
34280;89.999998;161.355716;71.355718;43.610493;1.431413;12.991764
34300;89.999998;161.355716;71.355718;43.610493;1.431413;12.991764
34330;89.999998;161.355716;71.355718;43.610493;1.431413;12.991764
34350;89.999998;161.757715;71.757717;43.610493;1.431415;12.961401
34370;89.999998;161.757715;71.757717;43.610493;1.431415;12.961401
34400;89.999998;161.757715;71.757717;43.610493;1.431415;12.961401
34420;89.999998;161.757715;71.757717;43.610493;1.431415;12.961401
34450;89.999998;162.080661;72.080663;43.610493;1.431416;12.937571
34470;89.999998;162.080661;72.080663;43.610493;1.431416;12.937571
34490;89.999998;162.080661;72.080663;43.610493;1.431416;12.937571
34530;89.999998;162.080661;72.080663;43.610493;1.431416;12.937571
34560;89.999998;162.445386;72.445388;43.610493;1.431417;12.911256
34580;89.999998;162.445386;72.445388;43.610493;1.431417;12.911256
34600;89.999998;162.445386;72.445388;43.610493;1.431417;12.911256
34620;89.999998;162.445386;72.445388;43.610493;1.431417;12.911256
34660;89.999998;162.893162;72.893165;43.610493;1.431418;12.879807
34680;89.999998;162.893162;72.893165;43.610493;1.431418;12.879807
34700;89.999998;162.893162;72.893165;43.610493;1.431418;12.879807
34730;89.999998;162.893162;72.893165;43.610493;1.431418;12.879807
34760;89.999998;162.893162;72.893165;43.610493;1.431418;12.879807
34780;89.999998;163.302111;73.302113;43.610493;1.431419;12.851903
34800;89.999998;163.302111;73.302113;43.610493;1.431419;12.851903
34830;89.999998;163.302111;73.302113;43.610493;1.431419;12.851903
34850;89.999998;163.712818;73.712820;43.610493;1.431420;12.824656
34870;89.999998;163.712818;73.712820;43.610493;1.431420;12.824656
34900;89.999998;163.712818;73.712820;43.610493;1.431420;12.824656
34930;89.999998;163.712818;73.712820;43.610493;1.431420;12.824656
34950;89.999998;164.083932;74.083935;43.610493;1.431421;12.800700
34970;89.999998;164.083932;74.083935;43.610493;1.431421;12.800700
34990;89.999998;164.083932;74.083935;43.610493;1.431421;12.800700
35030;89.999998;164.083932;74.083935;43.610493;1.431421;12.800700
35060;89.999998;164.539383;74.539385;43.610493;1.431423;12.772152
35080;89.999998;164.539383;74.539385;43.610493;1.431423;12.772152
35100;89.999998;164.539383;74.539385;43.610493;1.431423;12.772152
35120;89.999998;164.539383;74.539385;43.610493;1.431423;12.772152
35160;89.999998;164.830265;74.830268;43.610493;1.431424;12.754407
35180;89.999998;164.830265;74.830268;43.610493;1.431424;12.754407
35200;89.999998;164.830265;74.830268;43.610493;1.431424;12.754407
35240;89.999998;165.163685;75.163687;43.610493;1.431424;12.734531
35260;89.999998;165.163685;75.163687;43.610493;1.431424;12.734531
35280;89.999998;165.163685;75.163687;43.610493;1.431424;12.734531
35300;89.999998;165.163685;75.163687;43.610493;1.431424;12.734531
35330;89.999998;165.498135;75.498137;43.610493;1.431425;12.715087
35350;89.999998;165.498135;75.498137;43.610493;1.431425;12.715087
35370;89.999998;165.498135;75.498137;43.610493;1.431425;12.715087
35390;89.999998;165.498135;75.498137;43.610493;1.431425;12.715087
35430;89.999998;165.498135;75.498137;43.610493;1.431425;12.715087
35450;89.999997;165.833599;75.833601;43.610493;1.431426;12.696078
35470;89.999997;165.833599;75.833601;43.610493;1.431426;12.696078
35490;89.999997;165.833599;75.833601;43.610493;1.431426;12.696078
35520;89.999997;165.833599;75.833601;43.610493;1.431426;12.696078
35560;89.999998;166.212183;76.212185;43.610493;1.431427;12.675215
35580;89.999998;166.212183;76.212185;43.610493;1.431427;12.675215
35600;89.999998;166.212183;76.212185;43.610493;1.431427;12.675215
35620;89.999998;166.212183;76.212185;43.610493;1.431427;12.675215
35660;144.093747;166.044491;21.950744;43.610489;1.431428;12.247303
35680;144.093747;166.044491;21.950744;43.610489;1.431428;12.247303
35700;144.093747;166.044491;21.950744;43.610489;1.431428;12.247303
35730;144.953443;166.044491;21.091047;43.610489;1.431428;12.247303
35760;144.953443;166.349913;21.396470;43.610489;1.431429;12.231275
35780;144.953443;166.349913;21.396470;43.610489;1.431429;12.231275
35800;144.953443;166.349913;21.396470;43.610489;1.431429;12.231275
35820;144.953443;166.349913;21.396470;43.610489;1.431429;12.231275
35850;145.831623;166.656128;20.824505;43.610489;1.431430;12.215594
35870;145.831623;166.656128;20.824505;43.610489;1.431430;12.215594
35900;145.831623;166.656128;20.824505;43.610489;1.431430;12.215594
35920;145.831623;166.656128;20.824505;43.610489;1.431430;12.215594
35950;145.831623;166.656128;20.824505;43.610489;1.431430;12.215594
35970;146.728463;167.007041;20.278578;43.610489;1.431431;12.198103
35990;146.728463;167.007041;20.278578;43.610489;1.431431;12.198103
36030;146.728463;167.007041;20.278578;43.610489;1.431431;12.198103
36060;139.310919;167.007041;27.696121;43.610489;1.431431;12.198103
36080;139.310919;167.403005;28.092086;43.610489;1.431432;12.178973
36100;139.310919;167.403005;28.092086;43.610489;1.431432;12.178973
36120;139.310919;167.403005;28.092086;43.610489;1.431432;12.178973
36160;132.637391;167.844403;35.207011;43.610489;1.431433;12.158402
36180;132.637391;167.844403;35.207011;43.610489;1.431433;12.158402
36210;132.637391;167.844403;35.207011;43.610489;1.431433;12.158402
36240;126.836389;167.844403;41.008014;43.610489;1.431433;12.158402
36260;126.836389;168.331636;41.495247;43.610489;1.431435;12.136611
36280;126.836389;168.331636;41.495247;43.610489;1.431435;12.136611
36300;126.836389;168.331636;41.495247;43.610489;1.431435;12.136611
36330;89.999998;168.331636;78.331638;43.610489;1.431435;12.136611
36360;89.999998;168.820586;78.820589;43.610489;1.431436;12.115700
36380;89.999998;168.820586;78.820589;43.610489;1.431436;12.115700
36400;89.999998;168.820586;78.820589;43.610489;1.431436;12.115700
36420;89.999998;168.820586;78.820589;43.610489;1.431436;12.115700
36450;89.999998;168.820586;78.820589;43.610489;1.431436;12.115700
36470;89.999998;169.132602;79.132605;43.610489;1.431437;12.102854
36490;89.999998;169.132602;79.132605;43.610489;1.431437;12.102854
36530;89.999998;169.132602;79.132605;43.610489;1.431437;12.102854
36560;89.999998;169.445272;79.445274;43.610489;1.431437;12.090368
36580;89.999998;169.445272;79.445274;43.610489;1.431437;12.090368
36600;89.999998;169.445272;79.445274;43.610489;1.431437;12.090368
36630;89.999998;169.445272;79.445274;43.610489;1.431437;12.090368
36660;89.999998;169.803388;79.803390;43.610489;1.431438;12.076539
36690;89.999998;169.803388;79.803390;43.610489;1.431438;12.076539
36710;89.999998;169.803388;79.803390;43.610489;1.431438;12.076539
36740;89.999997;170.162311;80.162314;43.610489;1.431439;12.063184
36760;89.999997;170.162311;80.162314;43.610489;1.431439;12.063184
36780;89.999997;170.162311;80.162314;43.610489;1.431439;12.063184
36800;89.999997;170.162311;80.162314;43.610489;1.431439;12.063184
36830;89.999997;170.162311;80.162314;43.610489;1.431439;12.063184
36850;89.999997;170.567032;80.567035;43.610489;1.431440;12.048726
36880;89.999997;170.567032;80.567035;43.610489;1.431440;12.048726
36900;89.999997;170.567032;80.567035;43.610489;1.431440;12.048726
36920;89.999997;170.567032;80.567035;43.610489;1.431440;12.048726
36950;89.999998;170.972706;80.972708;43.610489;1.431442;12.034871
36970;89.999998;170.972706;80.972708;43.610489;1.431442;12.034871
36990;89.999998;170.972706;80.972708;43.610489;1.431442;12.034871
37030;89.999998;170.972706;80.972708;43.610489;1.431442;12.034871
37060;89.999998;170.972706;80.972708;43.610489;1.431442;12.034871
37080;89.999998;171.243665;81.243668;43.610489;1.431442;12.025970
37110;89.999998;171.243665;81.243668;43.610489;1.431442;12.025970
37130;89.999998;171.515020;81.515022;43.610489;1.431443;12.017338
37160;89.999998;171.515020;81.515022;43.610489;1.431443;12.017338
37180;89.999998;171.515020;81.515022;43.610489;1.431443;12.017338
37210;89.999998;171.515020;81.515022;43.610489;1.431443;12.017338
37240;89.999998;171.515020;81.515022;43.610489;1.431443;12.017338
37260;89.999998;171.877422;81.877424;43.610489;1.431444;12.006250
37280;89.999998;171.877422;81.877424;43.610489;1.431444;12.006250
37300;89.999998;171.877422;81.877424;43.610489;1.431444;12.006250
37330;89.999998;171.877422;81.877424;43.610489;1.431444;12.006250
37350;89.999998;172.285906;82.285908;43.610489;1.431445;11.994350
37370;89.999998;172.285906;82.285908;43.610489;1.431445;11.994350
37410;89.999998;172.285906;82.285908;43.610489;1.431445;11.994350
37430;89.999998;172.695180;82.695183;43.610489;1.431446;11.983061
37450;89.999998;172.695180;82.695183;43.610489;1.431446;11.983061
37470;89.999998;172.695180;82.695183;43.610489;1.431446;11.983061
37490;89.999998;172.695180;82.695183;43.610489;1.431446;11.983061
37530;89.999998;172.695180;82.695183;43.610489;1.431446;11.983061
37560;141.623419;172.852634;31.229215;43.610485;1.431447;11.551390
37580;141.623419;172.852634;31.229215;43.610485;1.431447;11.551390
37600;141.623419;172.852634;31.229215;43.610485;1.431447;11.551390
37630;141.623419;172.852634;31.229215;43.610485;1.431447;11.551390
37650;140.835415;173.278135;32.442721;43.610485;1.431448;11.540961
37680;140.835415;173.278135;32.442721;43.610485;1.431448;11.540961
37710;140.835415;173.278135;32.442721;43.610485;1.431448;11.540961
37740;140.835415;173.278135;32.442721;43.610485;1.431448;11.540961
37760;142.428969;173.609599;31.180630;43.610485;1.431449;11.533290
37780;142.428969;173.609599;31.180630;43.610485;1.431449;11.533290
37800;142.428969;173.609599;31.180630;43.610485;1.431449;11.533290
37830;142.428969;173.609599;31.180630;43.610485;1.431449;11.533290
37860;144.093745;173.941493;29.847748;43.610485;1.431450;11.526006
37880;144.093745;173.941493;29.847748;43.610485;1.431450;11.526006
37900;144.093745;173.941493;29.847748;43.610485;1.431450;11.526006
37920;144.093745;173.941493;29.847748;43.610485;1.431450;11.526006
37950;139.310918;173.941493;34.630575;43.610485;1.431450;11.526006
37970;139.310918;174.226299;34.915382;43.610485;1.431451;11.520070
37990;139.310918;174.226299;34.915382;43.610485;1.431451;11.520070
38040;135.127399;174.511392;39.383993;43.610485;1.431451;11.514420
38060;135.127399;174.511392;39.383993;43.610485;1.431451;11.514420
38080;135.127399;174.511392;39.383993;43.610485;1.431451;11.514420
38100;135.127399;174.511392;39.383993;43.610485;1.431451;11.514420
38140;131.474178;174.796758;43.322581;43.610485;1.431452;11.509054
38160;131.474178;174.796758;43.322581;43.610485;1.431452;11.509054
38190;131.474178;174.796758;43.322581;43.610485;1.431452;11.509054
38210;131.474178;174.796758;43.322581;43.610485;1.431452;11.509054
38240;127.788937;175.130012;47.341075;43.610485;1.431453;11.503156
38260;127.788937;175.130012;47.341075;43.610485;1.431453;11.503156
38280;127.788937;175.130012;47.341075;43.610485;1.431453;11.503156
38300;127.788937;175.130012;47.341075;43.610485;1.431453;11.503156
38330;127.788937;175.130012;47.341075;43.610485;1.431453;11.503156
38360;89.999998;175.463596;85.463598;43.610485;1.431454;11.497648
38380;89.999998;175.463596;85.463598;43.610485;1.431454;11.497648
38400;89.999998;175.463596;85.463598;43.610485;1.431454;11.497648
38420;89.999998;175.463596;85.463598;43.610485;1.431454;11.497648
38450;89.999998;175.463596;85.463598;43.610485;1.431454;11.497648
38470;89.999998;175.654355;85.654357;43.610485;1.431454;11.494675
38500;89.999998;175.654355;85.654357;43.610485;1.431454;11.494675
38540;145.831620;175.785224;29.953604;43.610481;1.431455;11.067385
38560;145.831620;175.785224;29.953604;43.610481;1.431455;11.067385
38580;145.831620;175.785224;29.953604;43.610481;1.431455;11.067385
38600;145.831620;175.785224;29.953604;43.610481;1.431455;11.067385
38640;145.831620;176.082648;30.251028;43.610481;1.431456;11.063302
38660;145.831620;176.082648;30.251028;43.610481;1.431456;11.063302
38690;145.831620;176.082648;30.251028;43.610481;1.431456;11.063302
38710;145.831620;176.082648;30.251028;43.610481;1.431456;11.063302
38740;144.093743;176.082648;31.988905;43.610481;1.431456;11.063302
38760;144.093743;176.529177;32.435433;43.610481;1.431457;11.057736
38780;144.093743;176.529177;32.435433;43.610481;1.431457;11.057736
38810;144.093743;176.529177;32.435433;43.610481;1.431457;11.057736
38840;147.644106;176.529177;28.885070;43.610481;1.431457;11.057736
38860;147.644106;176.876772;29.232665;43.610481;1.431458;11.053873
38880;147.644106;176.876772;29.232665;43.610481;1.431458;11.053873
38910;147.644106;176.876772;29.232665;43.610481;1.431458;11.053873
38930;139.310916;177.373729;38.062813;43.610481;1.431459;11.049059
38960;139.310916;177.373729;38.062813;43.610481;1.431459;11.049059
38980;139.310916;177.373729;38.062813;43.610481;1.431459;11.049059
39010;134.483626;177.721839;43.238213;43.610481;1.431460;11.046185
39040;134.483626;177.721839;43.238213;43.610481;1.431460;11.046185
39060;134.483626;177.721839;43.238213;43.610481;1.431460;11.046185
39090;134.483626;177.721839;43.238213;43.610481;1.431460;11.046185
39110;134.483626;177.721839;43.238213;43.610481;1.431460;11.046185
39140;129.298485;178.169652;48.871167;43.610481;1.431461;11.043088
39160;129.298485;178.169652;48.871167;43.610481;1.431461;11.043088
39190;129.298485;178.169652;48.871167;43.610481;1.431461;11.043088
39210;129.298485;178.169652;48.871167;43.610481;1.431461;11.043088
39240;127.788935;178.169652;50.380718;43.610481;1.431461;11.043088
39270;127.788935;178.318976;50.530041;43.610481;1.431461;11.042206
39290;127.788935;178.318976;50.530041;43.610481;1.431461;11.042206
39310;127.788935;178.318976;50.530041;43.610481;1.431461;11.042206
39330;127.788935;178.318976;50.530041;43.610481;1.431461;11.042206
39360;89.999998;178.617690;88.617692;43.610481;1.431462;11.040667
39380;89.999998;178.617690;88.617692;43.610481;1.431462;11.040667
39410;89.999998;178.617690;88.617692;43.610481;1.431462;11.040667
39440;89.999998;178.866676;88.866679;43.610481;1.431462;11.039613
39460;89.999998;178.866676;88.866679;43.610481;1.431462;11.039613
39480;89.999998;178.866676;88.866679;43.610481;1.431462;11.039613
39500;89.999998;178.866676;88.866679;43.610481;1.431462;11.039613
39530;145.831618;178.866676;33.035058;43.610481;1.431462;11.039613
39570;145.831618;179.183970;33.352352;43.610477;1.431463;10.614355
39590;145.831618;179.183970;33.352352;43.610477;1.431463;10.614355
39610;145.831618;179.183970;33.352352;43.610477;1.431463;10.614355
39640;145.831618;179.183970;33.352352;43.610477;1.431463;10.614355
39660;147.644105;179.546612;31.902508;43.610477;1.431464;10.613611
39690;147.644105;179.546612;31.902508;43.610477;1.431464;10.613611
39710;147.644105;179.546612;31.902508;43.610477;1.431464;10.613611
39750;146.728458;179.546612;32.818155;43.610477;1.431464;10.613611
39770;146.728458;180.064728;33.336271;43.610477;1.431465;10.613286
39790;146.728458;180.064728;33.336271;43.610477;1.431465;10.613286
39820;145.831618;180.375598;34.543980;43.610477;1.431466;10.613507
39840;145.831618;180.375598;34.543980;43.610477;1.431466;10.613507
39860;145.831618;180.375598;34.543980;43.610477;1.431466;10.613507
39890;145.831618;180.375598;34.543980;43.610477;1.431466;10.613507
39910;145.831618;180.375598;34.543980;43.610477;1.431466;10.613507
39940;141.623415;180.375598;38.752183;43.610477;1.431466;10.613507
39960;141.623415;180.634640;39.011225;43.610477;1.431466;10.613930
39980;141.623415;180.634640;39.011225;43.610477;1.431466;10.613930
40000;141.623415;180.634640;39.011225;43.610477;1.431466;10.613930
40030;137.148423;180.634640;43.486217;43.610477;1.431466;10.613930
40070;137.148423;180.945456;43.797032;43.610477;1.431467;10.614724
40090;137.148423;180.945456;43.797032;43.610477;1.431467;10.614724
40110;137.148423;180.945456;43.797032;43.610477;1.431467;10.614724
40140;137.148423;180.945456;43.797032;43.610477;1.431467;10.614724
40170;132.637386;181.308002;48.670616;43.610477;1.431468;10.616045
40200;132.637386;181.308002;48.670616;43.610477;1.431468;10.616045
40220;132.637386;181.308002;48.670616;43.610477;1.431468;10.616045
40240;132.637386;181.308002;48.670616;43.610477;1.431468;10.616045
40270;128.784157;181.670443;52.886287;43.610477;1.431469;10.617791
40290;128.784157;181.670443;52.886287;43.610477;1.431469;10.617791
40320;89.999998;182.084497;92.084499;43.610477;1.431470;10.620307
40340;89.999998;182.084497;92.084499;43.610477;1.431470;10.620307
40370;89.999998;182.084497;92.084499;43.610477;1.431470;10.620307
40390;89.999998;182.084497;92.084499;43.610477;1.431470;10.620307
40420;89.999998;182.084497;92.084499;43.610477;1.431470;10.620307
40440;89.999998;182.343173;92.343175;43.610477;1.431470;10.622160
40460;89.999998;182.343173;92.343175;43.610477;1.431470;10.622160
40480;89.999998;182.343173;92.343175;43.610477;1.431470;10.622160
40500;89.999998;182.343173;92.343175;43.610477;1.431470;10.622160
40520;89.999998;182.343173;92.343175;43.610477;1.431470;10.622160
40570;144.953436;182.656055;37.702618;43.610474;1.431471;10.200062
40590;144.953436;182.656055;37.702618;43.610474;1.431471;10.200062
40610;144.953436;182.656055;37.702618;43.610474;1.431471;10.200062
40630;144.953436;182.656055;37.702618;43.610474;1.431471;10.200062
40670;147.644103;182.656055;35.011952;43.610474;1.431471;10.200062
40690;147.644103;182.871431;35.227328;43.610474;1.431471;10.201913
40720;147.644103;182.871431;35.227328;43.610474;1.431471;10.201913
40740;147.644103;182.871431;35.227328;43.610474;1.431471;10.201913
40770;144.093740;183.086725;38.992985;43.610474;1.431472;10.203908
40790;144.093740;183.086725;38.992985;43.610474;1.431472;10.203908
40820;147.644103;183.086725;35.442622;43.610474;1.431472;10.203908
40850;147.644103;183.248139;35.604036;43.610474;1.431472;10.205499
40870;147.644103;183.248139;35.604036;43.610474;1.431472;10.205499
40890;147.644103;183.248139;35.604036;43.610474;1.431472;10.205499
40910;147.644103;183.248139;35.604036;43.610474;1.431472;10.205499
40940;144.953436;183.409502;38.456066;43.610474;1.431473;10.207171
40960;144.953436;183.409502;38.456066;43.610474;1.431473;10.207171
40980;144.953436;183.409502;38.456066;43.610474;1.431473;10.207171
41010;144.953436;183.409502;38.456066;43.610474;1.431473;10.207171
41040;141.623413;183.409502;41.786088;43.610474;1.431473;10.207171
41070;141.623413;183.624567;42.001154;43.610474;1.431473;10.209526
41090;141.623413;183.624567;42.001154;43.610474;1.431473;10.209526
41120;141.623413;183.624567;42.001154;43.610474;1.431473;10.209526
41150;141.623413;183.624567;42.001154;43.610474;1.431473;10.209526
41170;147.644103;183.678318;36.034215;43.610474;1.431473;10.210137
41190;147.644103;183.678318;36.034215;43.610474;1.431473;10.210137
41230;147.644103;183.678318;36.034215;43.610474;1.431473;10.210137
41250;163.609090;184.005783;20.396693;43.610470;1.431473;9.788843
41270;163.609090;184.005783;20.396693;43.610470;1.431473;9.788843
41300;163.609090;184.005783;20.396693;43.610470;1.431473;9.788843
41320;163.609090;184.005783;20.396693;43.610470;1.431473;9.788843
41350;161.836202;184.173865;22.337663;43.610470;1.431474;9.790896
41370;161.836202;184.173865;22.337663;43.610470;1.431474;9.790896
41390;161.836202;184.173865;22.337663;43.610470;1.431474;9.790896
41410;161.836202;184.173865;22.337663;43.610470;1.431474;9.790896
41430;161.836202;184.173865;22.337663;43.610470;1.431474;9.790896
41470;146.728454;184.397862;37.669407;43.610470;1.431474;9.793765
41490;146.728454;184.397862;37.669407;43.610470;1.431474;9.793765
41510;146.728454;184.397862;37.669407;43.610470;1.431474;9.793765
41540;146.728454;184.397862;37.669407;43.610470;1.431474;9.793765
41570;146.728454;184.621724;37.893270;43.610470;1.431475;9.796784
41600;146.728454;184.621724;37.893270;43.610470;1.431475;9.796784
41620;146.728454;184.621724;37.893270;43.610470;1.431475;9.796784
41650;146.728454;184.621724;37.893270;43.610470;1.431475;9.796784
41670;145.831615;184.901353;39.069738;43.610470;1.431475;9.800768
41690;145.831615;184.901353;39.069738;43.610470;1.431475;9.800768
41720;145.831615;184.901353;39.069738;43.610470;1.431475;9.800768
41750;144.953435;185.292437;40.339002;43.610470;1.431476;9.806736
41780;144.953435;185.292437;40.339002;43.610470;1.431476;9.806736
41800;144.953435;185.292437;40.339002;43.610470;1.431476;9.806736
41830;141.623412;185.292437;43.669025;43.610470;1.431476;9.806736
41850;141.623412;185.794529;44.171117;43.610470;1.431477;9.815080
41870;141.623412;185.794529;44.171117;43.610470;1.431477;9.815080
41890;141.623412;185.794529;44.171117;43.610470;1.431477;9.815080
41910;141.623412;185.794529;44.171117;43.610470;1.431477;9.815080
41940;141.623412;185.794529;44.171117;43.610470;1.431477;9.815080
41970;147.644100;186.753407;39.109307;43.610466;1.431479;9.406018
41990;147.644100;186.753407;39.109307;43.610466;1.431479;9.406018
42010;147.644100;186.753407;39.109307;43.610466;1.431479;9.406018
42040;147.644100;186.753407;39.109307;43.610466;1.431479;9.406018
42080;143.252321;187.043515;43.791194;43.610466;1.431479;9.411782
42100;143.252321;187.043515;43.791194;43.610466;1.431479;9.411782
42120;143.252321;187.043515;43.791194;43.610466;1.431479;9.411782
42150;144.953433;186.927515;41.974082;43.610466;1.431479;9.409447
42170;144.953433;186.927515;41.974082;43.610466;1.431479;9.409447
42190;144.953433;186.927515;41.974082;43.610466;1.431479;9.409447
42220;144.953433;186.927515;41.974082;43.610466;1.431479;9.409447
42250;144.093737;187.391166;43.297429;43.610466;1.431480;9.419016
42280;144.093737;187.391166;43.297429;43.610466;1.431480;9.419016
42300;144.093737;187.391166;43.297429;43.610466;1.431480;9.419016
42330;144.093737;187.391166;43.297429;43.610466;1.431480;9.419016
42350;140.835406;187.622631;46.787225;43.610466;1.431481;9.424032
42370;140.835406;187.622631;46.787225;43.610466;1.431481;9.424032
42390;140.835406;187.622631;46.787225;43.610466;1.431481;9.424032
42410;140.835406;187.622631;46.787225;43.610466;1.431481;9.424032
42440;140.835406;187.622631;46.787225;43.610466;1.431481;9.424032
42470;144.093737;187.911610;43.817873;43.610466;1.431481;9.430517
42490;144.093737;187.911610;43.817873;43.610466;1.431481;9.430517
42510;144.093737;187.911610;43.817873;43.610466;1.431481;9.430517
42540;144.093737;187.911610;43.817873;43.610466;1.431481;9.430517
42580;140.835406;188.142502;47.307096;43.610466;1.431482;9.435878
42600;140.835406;188.142502;47.307096;43.610466;1.431482;9.435878
42620;140.835406;188.142502;47.307096;43.610466;1.431482;9.435878
42650;156.737021;188.644884;31.907863;43.610462;1.431482;9.019045
42670;156.737021;188.644884;31.907863;43.610462;1.431482;9.019045
42690;156.737021;188.644884;31.907863;43.610462;1.431482;9.019045
42730;156.737021;188.644884;31.907863;43.610462;1.431482;9.019045
42760;147.644098;188.765402;41.121304;43.610462;1.431482;9.021950
42780;147.644098;188.765402;41.121304;43.610462;1.431482;9.021950
42800;147.644098;188.765402;41.121304;43.610462;1.431482;9.021950
42820;147.644098;188.765402;41.121304;43.610462;1.431482;9.021950
42850;147.644098;188.765402;41.121304;43.610462;1.431482;9.021950
42870;145.831611;188.885842;43.054230;43.610462;1.431482;9.024895
42890;145.831611;188.885842;43.054230;43.610462;1.431482;9.024895
42920;145.831611;188.885842;43.054230;43.610462;1.431482;9.024895
42940;145.831611;188.885842;43.054230;43.610462;1.431482;9.024895
42970;146.728451;189.006202;42.277751;43.610462;1.431483;9.027880
42990;146.728451;189.006202;42.277751;43.610462;1.431483;9.027880
43010;146.728451;189.006202;42.277751;43.610462;1.431483;9.027880
43030;146.728451;189.006202;42.277751;43.610462;1.431483;9.027880
43080;145.831611;189.546821;43.715210;43.610462;1.431484;9.041804
43100;145.831611;189.546821;43.715210;43.610462;1.431484;9.041804
43130;145.831611;189.546821;43.715210;43.610462;1.431484;9.041804
43150;144.953431;189.846431;44.893000;43.610462;1.431484;9.049887
43170;144.953431;189.846431;44.893000;43.610462;1.431484;9.049887
43190;144.953431;189.846431;44.893000;43.610462;1.431484;9.049887
43220;144.953431;189.846431;44.893000;43.610462;1.431484;9.049887
43260;147.644097;190.828451;43.184355;43.610458;1.431485;8.646360
43280;147.644097;190.828451;43.184355;43.610458;1.431485;8.646360
43300;147.644097;190.828451;43.184355;43.610458;1.431485;8.646360
43330;147.644097;190.828451;43.184355;43.610458;1.431485;8.646360
43350;146.728449;191.265072;44.536623;43.610458;1.431486;8.659233
43370;146.728449;191.265072;44.536623;43.610458;1.431486;8.659233
43400;146.728449;191.265072;44.536623;43.610458;1.431486;8.659233
43420;146.728449;191.265072;44.536623;43.610458;1.431486;8.659233
43450;143.252317;191.513979;48.261662;43.610458;1.431486;8.666814
43470;143.252317;191.513979;48.261662;43.610458;1.431486;8.666814
43490;143.252317;191.513979;48.261662;43.610458;1.431486;8.666814
43520;145.831610;191.886513;46.054904;43.610458;1.431487;8.678492
43540;145.831610;191.886513;46.054904;43.610458;1.431487;8.678492
43580;145.831610;191.886513;46.054904;43.610458;1.431487;8.678492
43600;145.831610;191.886513;46.054904;43.610458;1.431487;8.678492
43620;145.831610;191.886513;46.054904;43.610458;1.431487;8.678492
43650;147.644097;192.072400;44.428304;43.610458;1.431488;8.684469
43670;147.644097;192.072400;44.428304;43.610458;1.431488;8.684469
43700;147.644097;192.072400;44.428304;43.610458;1.431488;8.684469
43740;144.093733;192.072400;47.978667;43.610458;1.431488;8.684469
43760;144.093733;192.319849;48.226116;43.610458;1.431488;8.692579
43780;144.093733;192.319849;48.226116;43.610458;1.431488;8.692579
43800;144.093733;192.319849;48.226116;43.610458;1.431488;8.692579
43820;144.093733;192.319849;48.226116;43.610458;1.431488;8.692579
43840;144.093733;192.319849;48.226116;43.610458;1.431488;8.692579
43870;140.064665;192.628503;52.563838;43.610458;1.431489;8.702944
43900;140.064665;192.628503;52.563838;43.610458;1.431489;8.702944
43920;140.064665;192.628503;52.563838;43.610458;1.431489;8.702944
43950;140.064665;192.628503;52.563838;43.610458;1.431489;8.702944
43970;136.459455;192.936414;56.476959;43.610458;1.431489;8.713562
43990;136.459455;192.936414;56.476959;43.610458;1.431489;8.713562
44010;136.459455;192.936414;56.476959;43.610458;1.431489;8.713562
44040;146.728448;192.936414;46.207966;43.610458;1.431489;8.713562
44070;146.728448;193.720606;46.992158;43.610455;1.431489;8.305228
44100;146.728448;193.720606;46.992158;43.610455;1.431489;8.305228
44120;146.728448;193.720606;46.992158;43.610455;1.431489;8.305228
44150;146.728448;193.977610;47.249163;43.610455;1.431490;8.314417
44180;146.728448;193.977610;47.249163;43.610455;1.431490;8.314417
44200;146.728448;193.977610;47.249163;43.610455;1.431490;8.314417
44230;146.728448;193.977610;47.249163;43.610455;1.431490;8.314417
44260;143.252316;194.234042;50.981727;43.610455;1.431490;8.323773
44280;143.252316;194.234042;50.981727;43.610455;1.431490;8.323773
44300;143.252316;194.234042;50.981727;43.610455;1.431490;8.323773
44320;143.252316;194.234042;50.981727;43.610455;1.431490;8.323773
44350;146.728448;194.234042;47.505594;43.610455;1.431490;8.323773
44380;146.728448;194.553764;47.825316;43.610455;1.431491;8.335702
44400;146.728448;194.553764;47.825316;43.610455;1.431491;8.335702
44420;146.728448;194.553764;47.825316;43.610455;1.431491;8.335702
44450;146.728448;194.553764;47.825316;43.610455;1.431491;8.335702
44470;145.831608;194.872562;49.040955;43.610455;1.431492;8.347890
44490;145.831608;194.872562;49.040955;43.610455;1.431492;8.347890
44510;145.831608;194.872562;49.040955;43.610455;1.431492;8.347890
44550;144.093731;195.317298;51.223567;43.610455;1.431492;8.365386
44570;144.093731;195.317298;51.223567;43.610455;1.431492;8.365386
44600;144.093731;195.317298;51.223567;43.610455;1.431492;8.365386
44620;144.093731;195.317298;51.223567;43.610455;1.431492;8.365386
44650;142.428955;195.760151;53.331196;43.610455;1.431493;8.383384
44680;142.428955;195.760151;53.331196;43.610455;1.431493;8.383384
44700;142.428955;195.760151;53.331196;43.610455;1.431493;8.383384
44740;142.428955;195.760151;53.331196;43.610455;1.431493;8.383384
44760;144.093730;197.114938;53.021209;43.610451;1.431494;7.998245
44780;144.093730;197.114938;53.021209;43.610451;1.431494;7.998245
44800;144.093730;197.114938;53.021209;43.610451;1.431494;7.998245
44820;144.093730;197.114938;53.021209;43.610451;1.431494;7.998245
44860;144.093730;197.442896;53.349166;43.610451;1.431495;8.012499
44880;144.093730;197.442896;53.349166;43.610451;1.431495;8.012499
44900;144.093730;197.442896;53.349166;43.610451;1.431495;8.012499
44920;144.093730;197.442896;53.349166;43.610451;1.431495;8.012499
44950;146.728446;197.573751;50.845305;43.610451;1.431495;8.018274
44970;146.728446;197.573751;50.845305;43.610451;1.431495;8.018274
44990;146.728446;197.573751;50.845305;43.610451;1.431495;8.018274
45010;146.728446;197.573751;50.845305;43.610451;1.431495;8.018274
45050;147.644093;197.965177;50.321084;43.610451;1.431496;8.035848
45070;147.644093;197.965177;50.321084;43.610451;1.431496;8.035848
45100;147.644093;197.965177;50.321084;43.610451;1.431496;8.035848
45120;147.644093;197.965177;50.321084;43.610451;1.431496;8.035848
45160;145.831606;198.095270;52.263664;43.610451;1.431496;8.041789
45180;145.831606;198.095270;52.263664;43.610451;1.431496;8.041789
45200;145.831606;198.095270;52.263664;43.610451;1.431496;8.041789
45240;145.831606;198.095270;52.263664;43.610451;1.431496;8.041789
45260;145.831606;198.549072;52.717466;43.610451;1.431497;8.062909
45280;145.831606;198.549072;52.717466;43.610451;1.431497;8.062909
45300;145.831606;198.549072;52.717466;43.610451;1.431497;8.062909
45320;145.831606;198.549072;52.717466;43.610451;1.431497;8.062909
45360;144.093730;198.678291;54.584561;43.610451;1.431497;8.069036
45380;144.093730;198.678291;54.584561;43.610451;1.431497;8.069036
45400;144.093730;198.678291;54.584561;43.610451;1.431497;8.069036
45420;144.093730;198.678291;54.584561;43.610451;1.431497;8.069036
45450;160.098576;199.693324;39.594748;43.610447;1.431497;7.668405
45470;160.098576;199.693324;39.594748;43.610447;1.431497;7.668405
45490;160.098576;199.693324;39.594748;43.610447;1.431497;7.668405
45520;160.098576;199.693324;39.594748;43.610447;1.431497;7.668405
45550;147.644092;199.962929;52.318838;43.610447;1.431498;7.681427
45570;147.644092;199.962929;52.318838;43.610447;1.431498;7.681427
45600;147.644092;199.962929;52.318838;43.610447;1.431498;7.681427
45620;147.644092;199.962929;52.318838;43.610447;1.431498;7.681427
45660;144.093728;200.231616;56.137889;43.610447;1.431498;7.694618
45680;144.093728;200.231616;56.137889;43.610447;1.431498;7.694618
45700;144.093728;200.231616;56.137889;43.610447;1.431498;7.694618
45740;144.093728;200.231616;56.137889;43.610447;1.431498;7.694618
45760;146.728444;200.499378;53.770934;43.610447;1.431499;7.707979
45780;146.728444;200.499378;53.770934;43.610447;1.431499;7.707979
45800;146.728444;200.499378;53.770934;43.610447;1.431499;7.707979
45830;146.728444;200.499378;53.770934;43.610447;1.431499;7.707979
45860;147.644092;200.832768;53.188677;43.610447;1.431499;7.724915
45880;147.644092;200.832768;53.188677;43.610447;1.431499;7.724915
45900;147.644092;200.832768;53.188677;43.610447;1.431499;7.724915
45930;147.644092;200.832768;53.188677;43.610447;1.431499;7.724915
45950;144.093728;201.230895;57.137167;43.610447;1.431500;7.745581
45970;144.093728;201.230895;57.137167;43.610447;1.431500;7.745581
46000;144.093728;201.230895;57.137167;43.610447;1.431500;7.745581
46020;144.093728;201.230895;57.137167;43.610447;1.431500;7.745581
46050;144.093728;201.230895;57.137167;43.610447;1.431500;7.745581
46070;147.644090;202.772934;55.128844;43.610443;1.431500;7.370242
46100;147.644090;202.772934;55.128844;43.610443;1.431500;7.370242
46140;147.644090;202.772934;55.128844;43.610443;1.431500;7.370242
46160;147.644090;203.047557;55.403467;43.610443;1.431501;7.385187
46180;147.644090;203.047557;55.403467;43.610443;1.431501;7.385187
46200;147.644090;203.047557;55.403467;43.610443;1.431501;7.385187
46230;147.644090;203.047557;55.403467;43.610443;1.431501;7.385187
46260;147.644090;203.047557;55.403467;43.610443;1.431501;7.385187
46280;144.953423;203.252793;58.299370;43.610443;1.431501;7.396507
46310;144.953423;203.252793;58.299370;43.610443;1.431501;7.396507
46340;147.644090;203.321065;55.676975;43.610443;1.431501;7.400301
46360;147.644090;203.321065;55.676975;43.610443;1.431501;7.400301
46380;147.644090;203.321065;55.676975;43.610443;1.431501;7.400301
46400;147.644090;203.321065;55.676975;43.610443;1.431501;7.400301
46430;147.644090;203.321065;55.676975;43.610443;1.431501;7.400301
46450;144.953423;203.525460;58.572037;43.610443;1.431502;7.411747
46480;144.953423;203.525460;58.572037;43.610443;1.431502;7.411747
46500;144.953423;203.525460;58.572037;43.610443;1.431502;7.411747
46520;144.953423;203.525460;58.572037;43.610443;1.431502;7.411747
46550;144.953423;203.525460;58.572037;43.610443;1.431502;7.411747
46570;145.831603;203.729223;57.897620;43.610443;1.431502;7.423287
46610;145.831603;203.729223;57.897620;43.610443;1.431502;7.423287
46640;145.831603;203.729223;57.897620;43.610443;1.431502;7.423287
46660;165.414831;205.401514;39.986683;43.610439;1.431503;7.053426
46680;165.414831;205.401514;39.986683;43.610439;1.431503;7.053426
46700;165.414831;205.401514;39.986683;43.610439;1.431503;7.053426
46730;165.414831;205.401514;39.986683;43.610439;1.431503;7.053426
46760;164.207476;205.542199;41.334723;43.610439;1.431503;7.061681
46780;164.207476;205.542199;41.334723;43.610439;1.431503;7.061681
46810;164.207476;205.542199;41.334723;43.610439;1.431503;7.061681
46840;163.014342;205.682556;42.668214;43.610439;1.431503;7.069978
46860;163.014342;205.682556;42.668214;43.610439;1.431503;7.069978
46880;163.014342;205.682556;42.668214;43.610439;1.431503;7.069978
46900;163.014342;205.682556;42.668214;43.610439;1.431503;7.069978
46920;163.014342;205.682556;42.668214;43.610439;1.431503;7.069978
46950;161.252959;205.892472;44.639512;43.610439;1.431503;7.082504
46980;161.252959;205.892472;44.639512;43.610439;1.431503;7.082504
47000;161.252959;205.892472;44.639512;43.610439;1.431503;7.082504
47020;161.252959;205.892472;44.639512;43.610439;1.431503;7.082504
47050;161.252959;205.892472;44.639512;43.610439;1.431503;7.082504
47070;147.644088;206.101644;58.457555;43.610439;1.431504;7.095125
47110;147.644088;206.101644;58.457555;43.610439;1.431504;7.095125
47130;147.644088;206.101644;58.457555;43.610439;1.431504;7.095125
47160;147.644088;206.101644;58.457555;43.610439;1.431504;7.095125
47180;147.644088;206.379380;58.735291;43.610439;1.431504;7.112099
47200;147.644088;206.379380;58.735291;43.610439;1.431504;7.112099
47240;166.023581;206.379380;40.355799;43.610439;1.431504;7.112099
47260;166.023581;208.270618;42.247037;43.610435;1.431505;6.752828
47290;166.023581;208.270618;42.247037;43.610435;1.431505;6.752828
47310;166.023581;208.270618;42.247037;43.610435;1.431505;6.752828
47340;166.023581;208.270618;42.247037;43.610435;1.431505;6.752828
47360;162.423348;208.699196;46.275848;43.610435;1.431505;6.780292
47380;162.423348;208.699196;46.275848;43.610435;1.431505;6.780292
47400;162.423348;208.699196;46.275848;43.610435;1.431505;6.780292
47420;162.423348;208.699196;46.275848;43.610435;1.431505;6.780292
47450;147.644087;208.699196;61.055109;43.610435;1.431505;6.780292
47480;147.644087;209.124292;61.480205;43.610435;1.431506;6.808133
47500;147.644087;209.124292;61.480205;43.610435;1.431506;6.808133
47520;147.644087;209.124292;61.480205;43.610435;1.431506;6.808133
47540;147.644087;209.124292;61.480205;43.610435;1.431506;6.808133
47570;146.728439;209.545902;62.817463;43.610435;1.431507;6.836345
47620;147.644087;209.685664;62.041577;43.610435;1.431507;6.845831
47640;147.644087;209.685664;62.041577;43.610435;1.431507;6.845831
47660;147.644087;209.685664;62.041577;43.610435;1.431507;6.845831
47680;147.644087;209.685664;62.041577;43.610435;1.431507;6.845831
47700;147.644087;209.685664;62.041577;43.610435;1.431507;6.845831
47740;147.644087;209.685664;62.041577;43.610435;1.431507;6.845831
47770;147.644087;209.964025;62.319938;43.610435;1.431508;6.864925
47790;147.644087;209.964025;62.319938;43.610435;1.431508;6.864925
47810;147.644087;209.964025;62.319938;43.610435;1.431508;6.864925
47830;147.644087;209.964025;62.319938;43.610435;1.431508;6.864925
47860;147.644085;212.118130;64.474045;43.610432;1.431508;6.521228
47880;147.644085;212.118130;64.474045;43.610432;1.431508;6.521228
47900;147.644085;212.118130;64.474045;43.610432;1.431508;6.521228
47920;147.644085;212.118130;64.474045;43.610432;1.431508;6.521228
47960;144.953418;212.331885;67.378467;43.610432;1.431508;6.536581
47980;144.953418;212.331885;67.378467;43.610432;1.431508;6.536581
48000;144.953418;212.331885;67.378467;43.610432;1.431508;6.536581
48020;144.953418;212.331885;67.378467;43.610432;1.431508;6.536581
48050;147.644085;212.544635;64.900550;43.610432;1.431509;6.552026
48070;147.644085;212.544635;64.900550;43.610432;1.431509;6.552026
48110;147.644085;212.544635;64.900550;43.610432;1.431509;6.552026
48140;147.644085;212.544635;64.900550;43.610432;1.431509;6.552026
48160;144.953418;212.756382;67.802964;43.610432;1.431509;6.567560
48180;144.953418;212.756382;67.802964;43.610432;1.431509;6.567560
48200;144.953418;212.756382;67.802964;43.610432;1.431509;6.567560
48250;143.252305;212.896989;69.644684;43.610432;1.431509;6.577965
48270;143.252305;212.896989;69.644684;43.610432;1.431509;6.577965
48290;143.252305;212.896989;69.644684;43.610432;1.431509;6.577965
48310;143.252305;212.896989;69.644684;43.610432;1.431509;6.577965
48340;143.252305;212.896989;69.644684;43.610432;1.431509;6.577965
48360;144.953418;213.176869;68.223452;43.610432;1.431510;6.598895
48380;144.953418;213.176869;68.223452;43.610432;1.431510;6.598895
48400;144.953418;213.176869;68.223452;43.610432;1.431510;6.598895
48430;144.953418;213.176869;68.223452;43.610432;1.431510;6.598895
48460;144.953418;213.176869;68.223452;43.610432;1.431510;6.598895
48480;166.023579;215.520788;49.497208;43.610428;1.431510;6.264864
48500;166.023579;215.520788;49.497208;43.610428;1.431510;6.264864
48520;166.023579;215.520788;49.497208;43.610428;1.431510;6.264864
48540;166.023579;215.520788;49.497208;43.610428;1.431510;6.264864
48570;163.014339;215.876405;52.862066;43.610428;1.431511;6.292866
48610;163.014339;215.876405;52.862066;43.610428;1.431511;6.292866
48640;163.014339;215.876405;52.862066;43.610428;1.431511;6.292866
48660;160.673724;216.158619;55.484895;43.610428;1.431511;6.315441
48680;160.673724;216.158619;55.484895;43.610428;1.431511;6.315441
48700;160.673724;216.158619;55.484895;43.610428;1.431511;6.315441
48750;146.728436;216.508552;69.780116;43.610428;1.431512;6.343874
48770;146.728436;216.508552;69.780116;43.610428;1.431512;6.343874
48790;146.728436;216.508552;69.780116;43.610428;1.431512;6.343874
48810;146.728436;216.508552;69.780116;43.610428;1.431512;6.343874
48830;146.728436;216.508552;69.780116;43.610428;1.431512;6.343874
48860;147.644083;216.993193;69.349110;43.610428;1.431513;6.384072
48880;147.644083;216.993193;69.349110;43.610428;1.431513;6.384072
48920;161.252955;219.829578;58.576624;43.610424;1.431513;6.087388
48940;161.252955;219.829578;58.576624;43.610424;1.431513;6.087388
48960;161.252955;219.829578;58.576624;43.610424;1.431513;6.087388
48980;161.252955;219.829578;58.576624;43.610424;1.431513;6.087388
49000;161.252955;219.829578;58.576624;43.610424;1.431513;6.087388
49020;161.252955;219.829578;58.576624;43.610424;1.431513;6.087388
49050;161.252955;219.829578;58.576624;43.610424;1.431513;6.087388
49080;146.728434;219.968044;73.239609;43.610424;1.431514;6.099701
49110;146.728434;219.968044;73.239609;43.610424;1.431514;6.099701
49140;144.953414;220.105951;75.152536;43.610424;1.431514;6.112049
49160;144.953414;220.105951;75.152536;43.610424;1.431514;6.112049
49180;144.953414;220.105951;75.152536;43.610424;1.431514;6.112049
49210;144.953414;220.105951;75.152536;43.610424;1.431514;6.112049
49250;146.728434;220.105951;73.377516;43.610424;1.431514;6.112049
49270;146.728434;220.311767;73.583333;43.610424;1.431514;6.130637
49290;146.728434;220.311767;73.583333;43.610424;1.431514;6.130637
49310;146.728434;220.311767;73.583333;43.610424;1.431514;6.130637
49330;146.728434;220.311767;73.583333;43.610424;1.431514;6.130637
49360;146.728434;220.584250;73.855816;43.610424;1.431515;6.155543
49380;146.728434;220.584250;73.855816;43.610424;1.431515;6.155543
49410;146.728434;220.584250;73.855816;43.610424;1.431515;6.155543
49430;146.728434;220.584250;73.855816;43.610424;1.431515;6.155543
49460;144.093718;220.787167;76.693449;43.610424;1.431515;6.174313
49480;144.093718;220.787167;76.693449;43.610424;1.431515;6.174313
49510;144.093718;220.787167;76.693449;43.610424;1.431515;6.174313
49530;166.023578;223.633413;57.609836;43.610420;1.431515;5.872937
49560;166.023578;223.633413;57.609836;43.610420;1.431515;5.872937
49580;166.023578;223.633413;57.609836;43.610420;1.431515;5.872937
49610;166.023578;223.633413;57.609836;43.610420;1.431515;5.872937
49640;166.023578;223.633413;57.609836;43.610420;1.431515;5.872937
49660;165.414826;223.701106;58.286280;43.610420;1.431515;5.879564
49690;165.414826;223.701106;58.286280;43.610420;1.431515;5.879564
49710;165.414826;223.701106;58.286280;43.610420;1.431515;5.879564
49750;163.609077;223.903269;60.294192;43.610420;1.431516;5.899493
49770;163.609077;223.903269;60.294192;43.610420;1.431516;5.899493
49790;163.609077;223.903269;60.294192;43.610420;1.431516;5.899493
49810;163.609077;223.903269;60.294192;43.610420;1.431516;5.899493
49830;163.609077;223.903269;60.294192;43.610420;1.431516;5.899493
49860;163.609077;223.903269;60.294192;43.610420;1.431516;5.899493
49890;161.252954;224.170701;62.917747;43.610420;1.431516;5.926179
49910;161.252954;224.170701;62.917747;43.610420;1.431516;5.926179
49930;161.252954;224.170701;62.917747;43.610420;1.431516;5.926179
49960;146.728433;224.501612;77.773180;43.610420;1.431517;5.959716
49980;146.728433;224.501612;77.773180;43.610420;1.431517;5.959716
50000;146.728433;224.501612;77.773180;43.610420;1.431517;5.959716
50020;146.728433;224.501612;77.773180;43.610420;1.431517;5.959716
50060;146.728433;224.632935;77.904502;43.610420;1.431517;5.973186
50080;146.728433;224.632935;77.904502;43.610420;1.431517;5.973186
50110;146.728433;224.632935;77.904502;43.610420;1.431517;5.973186
50140;146.728433;224.632935;77.904502;43.610420;1.431517;5.973186
50160;146.728433;224.958658;78.230226;43.610420;1.431518;6.006998
50190;146.728433;224.958658;78.230226;43.610420;1.431518;6.006998
50210;146.728433;224.958658;78.230226;43.610420;1.431518;6.006998
50240;146.728433;224.958658;78.230226;43.610420;1.431518;6.006998
50270;161.836187;228.412145;66.575958;43.610416;1.431519;5.764785
50290;161.836187;228.412145;66.575958;43.610416;1.431519;5.764785
50310;161.836187;228.412145;66.575958;43.610416;1.431519;5.764785
50330;161.836187;228.412145;66.575958;43.610416;1.431519;5.764785
50370;144.953411;228.913669;83.960258;43.610416;1.431520;5.822435
50390;144.953411;228.913669;83.960258;43.610416;1.431520;5.822435
50410;144.953411;228.913669;83.960258;43.610416;1.431520;5.822435
50430;144.953411;228.913669;83.960258;43.610416;1.431520;5.822435
50460;144.953411;228.913669;83.960258;43.610416;1.431520;5.822435
50480;146.728431;229.344398;82.615967;43.610416;1.431520;5.873238
50500;146.728431;229.344398;82.615967;43.610416;1.431520;5.873238
50540;147.644078;229.405322;81.761244;43.610416;1.431520;5.880522
50560;147.644078;229.405322;81.761244;43.610416;1.431520;5.880522
50580;147.644078;229.405322;81.761244;43.610416;1.431520;5.880522
50610;147.644078;229.405322;81.761244;43.610416;1.431520;5.880522
50640;144.953411;229.405322;84.451911;43.610416;1.431520;5.880522
50670;144.953411;229.587192;84.633781;43.610416;1.431521;5.902415
50690;144.953411;229.587192;84.633781;43.610416;1.431521;5.902415
50710;144.953411;229.587192;84.633781;43.610416;1.431521;5.902415
50750;146.728431;229.767716;83.039284;43.610416;1.431521;5.924367
50770;146.728431;229.767716;83.039284;43.610416;1.431521;5.924367
50790;146.728431;229.767716;83.039284;43.610416;1.431521;5.924367
50810;146.728431;229.767716;83.039284;43.610416;1.431521;5.924367
50830;146.728431;229.767716;83.039284;43.610416;1.431521;5.924367
50870;161.252952;229.767716;68.514764;43.610416;1.431521;5.924367
50890;161.252952;233.106124;71.853172;43.610413;1.431521;5.667342
50910;161.252952;233.106124;71.853172;43.610413;1.431521;5.667342
50940;161.252952;233.106124;71.853172;43.610413;1.431521;5.667342
50960;159.527562;233.280168;73.752606;43.610413;1.431522;5.690396
50980;159.527562;233.280168;73.752606;43.610413;1.431522;5.690396
51000;159.527562;233.280168;73.752606;43.610413;1.431522;5.690396
51030;159.527562;233.280168;73.752606;43.610413;1.431522;5.690396
51060;147.644077;233.395414;85.751338;43.610413;1.431522;5.705793
51080;147.644077;233.395414;85.751338;43.610413;1.431522;5.705793
51110;147.644077;233.395414;85.751338;43.610413;1.431522;5.705793
51140;147.644077;233.395414;85.751338;43.610413;1.431522;5.705793
51170;145.831589;233.510041;87.678451;43.610413;1.431522;5.721214
51190;145.831589;233.510041;87.678451;43.610413;1.431522;5.721214
51210;145.831589;233.510041;87.678451;43.610413;1.431522;5.721214
51240;145.831589;233.510041;87.678451;43.610413;1.431522;5.721214
51270;143.252296;233.510041;90.257744;43.610413;1.431522;5.721214
51290;143.252296;233.680825;90.428528;43.610413;1.431522;5.744388
51310;143.252296;233.680825;90.428528;43.610413;1.431522;5.744388
51350;143.252296;233.680825;90.428528;43.610413;1.431522;5.744388
51370;141.623385;233.793917;92.170532;43.610413;1.431523;5.759865
51390;141.623385;233.793917;92.170532;43.610413;1.431523;5.759865
51410;141.623385;233.793917;92.170532;43.610413;1.431523;5.759865
51440;141.623385;233.793917;92.170532;43.610413;1.431523;5.759865
51460;144.093712;234.074002;89.980289;43.610413;1.431523;5.798656
51480;144.093712;234.074002;89.980289;43.610413;1.431523;5.798656
51510;144.093712;234.074002;89.980289;43.610413;1.431523;5.798656
51540;165.414823;237.878557;72.463733;43.610409;1.431524;5.600978
51560;165.414823;237.878557;72.463733;43.610409;1.431524;5.600978
51580;165.414823;237.878557;72.463733;43.610409;1.431524;5.600978
51610;165.414823;237.878557;72.463733;43.610409;1.431524;5.600978
51650;162.423341;238.137692;75.714351;43.610409;1.431525;5.641678
51670;162.423341;238.137692;75.714351;43.610409;1.431525;5.641678
51690;162.423341;238.137692;75.714351;43.610409;1.431525;5.641678
51710;162.423341;238.137692;75.714351;43.610409;1.431525;5.641678
51740;162.423341;238.137692;75.714351;43.610409;1.431525;5.641678
51770;147.644075;238.137692;90.493617;43.610409;1.431525;5.641678
51790;147.644075;238.544607;90.900532;43.610409;1.431525;5.707033
51820;147.644075;238.544607;90.900532;43.610409;1.431525;5.707033
51850;146.728428;238.594816;91.866388;43.610409;1.431526;5.715223
51870;146.728428;238.594816;91.866388;43.610409;1.431526;5.715223
51890;146.728428;238.594816;91.866388;43.610409;1.431526;5.715223
51910;146.728428;238.594816;91.866388;43.610409;1.431526;5.715223
51940;146.728428;238.594816;91.866388;43.610409;1.431526;5.715223
51960;146.728428;238.744584;92.016156;43.610409;1.431526;5.739817
51980;146.728428;238.744584;92.016156;43.610409;1.431526;5.739817
52010;146.728428;238.744584;92.016156;43.610409;1.431526;5.739817
52030;146.728428;238.744584;92.016156;43.610409;1.431526;5.739817
52060;145.831588;238.744584;92.912996;43.610409;1.431526;5.739817
52080;145.831588;238.893073;93.061485;43.610409;1.431526;5.764450
52120;145.831588;238.893073;93.061485;43.610409;1.431526;5.764450
52150;145.831588;238.893073;93.061485;43.610409;1.431526;5.764450
52170;162.423340;242.776018;80.352678;43.610405;1.431527;5.582774
52190;162.423340;242.776018;80.352678;43.610405;1.431527;5.582774
52210;162.423340;242.776018;80.352678;43.610405;1.431527;5.582774
52250;160.673717;242.910583;82.236866;43.610405;1.431527;5.608392
52270;160.673717;242.910583;82.236866;43.610405;1.431527;5.608392
52290;160.673717;242.910583;82.236866;43.610405;1.431527;5.608392
52330;160.673717;242.910583;82.236866;43.610405;1.431527;5.608392
52350;146.728426;243.043923;96.315497;43.610405;1.431527;5.634042
52370;146.728426;243.043923;96.315497;43.610405;1.431527;5.634042
52390;146.728426;243.043923;96.315497;43.610405;1.431527;5.634042
52410;146.728426;243.043923;96.315497;43.610405;1.431527;5.634042
52440;146.728426;243.043923;96.315497;43.610405;1.431527;5.634042
52460;144.093709;243.176054;99.082345;43.610405;1.431528;5.659721
52490;144.093709;243.176054;99.082345;43.610405;1.431528;5.659721
52510;144.093709;243.176054;99.082345;43.610405;1.431528;5.659721
52530;144.093709;243.176054;99.082345;43.610405;1.431528;5.659721
52560;145.831586;243.176054;97.344468;43.610405;1.431528;5.659721
52580;145.831586;243.306990;97.475404;43.610405;1.431528;5.685431
52620;145.831586;243.306990;97.475404;43.610405;1.431528;5.685431
52640;145.831586;243.306990;97.475404;43.610405;1.431528;5.685431
52670;141.623382;243.306990;101.683609;43.610405;1.431528;5.685431
52690;141.623382;243.522604;101.899222;43.610405;1.431529;5.728345
52710;141.623382;243.522604;101.899222;43.610405;1.431529;5.728345
52750;141.623382;243.522604;101.899222;43.610405;1.431529;5.728345
52770;164.809417;247.594780;82.785362;43.610401;1.431529;5.587699
52800;164.809417;247.594780;82.785362;43.610401;1.431529;5.587699
52820;164.809417;247.594780;82.785362;43.610401;1.431529;5.587699
52850;161.836183;247.780854;85.944672;43.610401;1.431530;5.632094
52870;161.836183;247.780854;85.944672;43.610401;1.431530;5.632094
52890;161.836183;247.780854;85.944672;43.610401;1.431530;5.632094
52910;161.836183;247.780854;85.944672;43.610401;1.431530;5.632094
52930;161.836183;247.780854;85.944672;43.610401;1.431530;5.632094
52970;147.644072;247.964017;100.319945;43.610401;1.431530;5.676547
52990;147.644072;247.964017;100.319945;43.610401;1.431530;5.676547
53010;147.644072;247.964017;100.319945;43.610401;1.431530;5.676547
53030;147.644072;247.964017;100.319945;43.610401;1.431530;5.676547
53060;145.831584;247.964017;102.132432;43.610401;1.431530;5.676547
53080;145.831584;248.251178;102.419594;43.610401;1.431531;5.747791
53120;145.831584;248.251178;102.419594;43.610401;1.431531;5.747791
53150;146.728424;248.251178;101.522754;43.610401;1.431531;5.747791
53170;146.728424;248.496662;101.768238;43.610401;1.431532;5.810245
53190;146.728424;248.496662;101.768238;43.610401;1.431532;5.810245
53210;146.728424;248.496662;101.768238;43.610401;1.431532;5.810245
53260;144.953404;248.565834;103.612430;43.610401;1.431532;5.828109
53280;144.953404;248.565834;103.612430;43.610401;1.431532;5.828109
53300;144.953404;248.565834;103.612430;43.610401;1.431532;5.828109
53330;144.953402;248.565834;103.612431;43.610401;1.431532;5.828109
53350;144.953402;252.662367;107.708964;43.610397;1.431533;5.723460
53370;144.953402;252.662367;107.708964;43.610397;1.431533;5.723460
53390;144.953402;252.662367;107.708964;43.610397;1.431533;5.723460
53430;144.953402;252.662367;107.708964;43.610397;1.431533;5.723460
53450;146.728423;252.747851;106.019428;43.610397;1.431533;5.750951
53470;146.728423;252.747851;106.019428;43.610397;1.431533;5.750951
53490;146.728423;252.747851;106.019428;43.610397;1.431533;5.750951
53510;146.728423;252.747851;106.019428;43.610397;1.431533;5.750951
53530;146.728423;252.747851;106.019428;43.610397;1.431533;5.750951
53560;145.831583;252.776164;106.944582;43.610397;1.431533;5.760117
53590;145.831583;252.776164;106.944582;43.610397;1.431533;5.760117
53620;145.831583;252.776164;106.944582;43.610397;1.431533;5.760117
53640;145.831583;252.776164;106.944582;43.610397;1.431533;5.760117
53670;145.831583;252.916390;107.084807;43.610397;1.431534;5.805970
53700;145.831583;252.916390;107.084807;43.610397;1.431534;5.805970
53720;145.831583;252.916390;107.084807;43.610397;1.431534;5.805970
53760;143.252290;252.999467;109.747177;43.610397;1.431534;5.833499
53780;143.252290;252.999467;109.747177;43.610397;1.431534;5.833499
53800;143.252290;252.999467;109.747177;43.610397;1.431534;5.833499
53830;141.623378;252.999467;111.376089;43.610397;1.431534;5.833499
53850;141.623378;253.054417;111.431039;43.610397;1.431535;5.851858
53880;141.623378;253.054417;111.431039;43.610397;1.431535;5.851858
53900;141.623378;253.054417;111.431039;43.610397;1.431535;5.851858
53930;141.623378;253.054417;111.431039;43.610397;1.431535;5.851858
53950;167.250670;257.148786;89.898116;43.610394;1.431535;5.761292
53970;167.250670;257.148786;89.898116;43.610394;1.431535;5.761292
53990;167.250670;257.148786;89.898116;43.610394;1.431535;5.761292
54010;167.250670;257.148786;89.898116;43.610394;1.431535;5.761292
54030;167.250670;257.148786;89.898116;43.610394;1.431535;5.761292
54070;167.250670;257.148786;89.898116;43.610394;1.431535;5.761292
54090;165.414820;257.212166;91.797346;43.610394;1.431535;5.789367
54130;163.609070;257.274934;93.665863;43.610394;1.431535;5.817449
54150;163.609070;257.274934;93.665863;43.610394;1.431535;5.817449
54180;163.609070;257.274934;93.665863;43.610394;1.431535;5.817449
54200;163.609070;257.274934;93.665863;43.610394;1.431535;5.817449
54220;163.609070;257.274934;93.665863;43.610394;1.431535;5.817449
54260;161.836181;257.337098;95.500918;43.610394;1.431536;5.845538
54280;161.836181;257.337098;95.500918;43.610394;1.431536;5.845538
54300;161.836181;257.337098;95.500918;43.610394;1.431536;5.845538
54320;161.836181;257.337098;95.500918;43.610394;1.431536;5.845538
54350;161.836181;257.337098;95.500918;43.610394;1.431536;5.845538
54380;145.831581;257.439389;111.607808;43.610394;1.431536;5.892368
54400;145.831581;257.439389;111.607808;43.610394;1.431536;5.892368
54420;145.831581;257.439389;111.607808;43.610394;1.431536;5.892368
54440;145.831581;257.439389;111.607808;43.610394;1.431536;5.892368
54470;145.831581;257.520058;111.688477;43.610394;1.431537;5.929846
54490;145.831581;257.520058;111.688477;43.610394;1.431537;5.929846
54520;145.831581;257.520058;111.688477;43.610394;1.431537;5.929846
54550;145.831581;257.520058;111.688477;43.610394;1.431537;5.929846
54570;164.809415;261.632433;96.823019;43.610390;1.431537;5.890833
54590;164.809415;261.632433;96.823019;43.610390;1.431537;5.890833
54620;164.809415;261.632433;96.823019;43.610390;1.431537;5.890833
54660;164.207464;261.645996;97.438532;43.610390;1.431538;5.900328
54680;164.207464;261.645996;97.438532;43.610390;1.431538;5.900328
54700;164.207464;261.645996;97.438532;43.610390;1.431538;5.900328
54720;164.207464;261.645996;97.438532;43.610390;1.431538;5.900328
54760;163.609069;261.659515;98.050445;43.610390;1.431538;5.909824
54780;163.609069;261.659515;98.050445;43.610390;1.431538;5.909824
54800;163.609069;261.659515;98.050445;43.610390;1.431538;5.909824
54820;163.609069;261.659515;98.050445;43.610390;1.431538;5.909824
54860;161.836179;261.699812;99.863633;43.610390;1.431538;5.938314
54880;161.836179;261.699812;99.863633;43.610390;1.431538;5.938314
54900;161.836179;261.699812;99.863633;43.610390;1.431538;5.938314
54920;161.836179;261.699812;99.863633;43.610390;1.431538;5.938314
54940;161.836179;261.699812;99.863633;43.610390;1.431538;5.938314
54970;147.644067;261.713159;114.069092;43.610390;1.431538;5.947811
54990;147.644067;261.713159;114.069092;43.610390;1.431538;5.947811
55020;147.644067;261.713159;114.069092;43.610390;1.431538;5.947811
55040;147.644067;261.713159;114.069092;43.610390;1.431538;5.947811
55070;146.728419;261.726463;114.998044;43.610390;1.431538;5.957308
55090;146.728419;261.726463;114.998044;43.610390;1.431538;5.957308
55130;146.728419;261.726463;114.998044;43.610390;1.431538;5.957308
55160;172.268860;265.805332;93.536472;43.610386;1.431538;5.920765
55180;172.268860;265.805332;93.536472;43.610386;1.431538;5.920765
55200;172.268860;265.805332;93.536472;43.610386;1.431538;5.920765
55220;172.268860;265.805332;93.536472;43.610386;1.431538;5.920765
55260;171.633374;265.812114;94.178740;43.610386;1.431538;5.930336
55280;171.633374;265.812114;94.178740;43.610386;1.431538;5.930336
55310;171.633374;265.812114;94.178740;43.610386;1.431538;5.930336
55330;171.633374;265.812114;94.178740;43.610386;1.431538;5.930336
55360;171.633374;265.812114;94.178740;43.610386;1.431538;5.930336
55380;171.633374;265.812114;94.178740;43.610386;1.431538;5.930336
55400;171.633374;265.812114;94.178740;43.610386;1.431538;5.930336
55420;171.633374;265.812114;94.178740;43.610386;1.431538;5.930336
55440;171.633374;265.812114;94.178740;43.610386;1.431538;5.930336
55470;170.368746;265.825614;95.456868;43.610386;1.431539;5.949481
55500;170.368746;265.825614;95.456868;43.610386;1.431539;5.949481
55530;169.113520;265.825614;96.712094;43.610386;1.431539;5.949481
55550;169.113520;265.839027;96.725507;43.610386;1.431539;5.968625
55570;169.113520;265.839027;96.725507;43.610386;1.431539;5.968625
55590;169.113520;265.839027;96.725507;43.610386;1.431539;5.968625
55640;167.250668;265.858986;98.608318;43.610386;1.431539;5.997342
55660;167.250668;265.858986;98.608318;43.610386;1.431539;5.997342
55680;167.250668;265.858986;98.608318;43.610386;1.431539;5.997342
55700;167.250668;265.858986;98.608318;43.610386;1.431539;5.997342
55720;167.250668;265.858986;98.608318;43.610386;1.431539;5.997342
55760;165.414818;265.878755;100.463937;43.610386;1.431540;6.026060
55780;165.414818;265.878755;100.463937;43.610386;1.431540;6.026060
55810;165.414818;265.878755;100.463937;43.610386;1.431540;6.026060
55830;165.414818;265.878755;100.463937;43.610386;1.431540;6.026060
55860;168.489773;269.915950;101.426177;43.610382;1.431540;6.068070
55880;168.489773;269.915950;101.426177;43.610382;1.431540;6.068070
55900;168.489773;269.915950;101.426177;43.610382;1.431540;6.068070
55920;168.489773;269.915950;101.426177;43.610382;1.431540;6.068070
55950;165.414817;269.915950;104.501133;43.610382;1.431540;6.068070
55980;165.414817;269.916610;104.501793;43.610382;1.431541;6.116058
56000;165.414817;269.916610;104.501793;43.610382;1.431541;6.116058
56030;165.414817;269.916610;104.501793;43.610382;1.431541;6.116058
56050;163.014327;269.917131;106.902804;43.610382;1.431541;6.154448
56070;163.014327;269.917131;106.902804;43.610382;1.431541;6.154448
56090;163.014327;269.917131;106.902804;43.610382;1.431541;6.154448
56140;163.014327;269.917131;106.902804;43.610382;1.431541;6.154448
56160;147.644064;269.917388;122.273325;43.610382;1.431542;6.173643
56180;147.644064;269.917388;122.273325;43.610382;1.431542;6.173643
56200;147.644064;269.917388;122.273325;43.610382;1.431542;6.173643
56220;147.644064;269.917388;122.273325;43.610382;1.431542;6.173643
56270;147.644064;269.917772;122.273708;43.610382;1.431542;6.202436
56290;147.644064;269.917772;122.273708;43.610382;1.431542;6.202436
56310;147.644064;269.917772;122.273708;43.610382;1.431542;6.202436
56330;147.644064;269.917772;122.273708;43.610382;1.431542;6.202436
56360;147.644064;269.917772;122.273708;43.610382;1.431542;6.202436
56380;146.728416;269.918152;123.189736;43.610382;1.431542;6.231229
56410;146.728416;269.918152;123.189736;43.610382;1.431542;6.231229
56440;145.831576;269.918654;124.087078;43.610382;1.431543;6.269619
56460;145.831576;269.918654;124.087078;43.610382;1.431543;6.269619
56480;145.831576;269.918654;124.087078;43.610382;1.431543;6.269619
56500;145.831576;269.918654;124.087078;43.610382;1.431543;6.269619
56520;145.831576;269.918654;124.087078;43.610382;1.431543;6.269619
56550;161.836176;269.918654;108.082478;43.610382;1.431543;6.269619
56570;161.836176;273.777971;111.941795;43.610378;1.431543;6.302504
56600;161.836176;273.777971;111.941795;43.610378;1.431543;6.302504
56630;161.836176;273.777971;111.941795;43.610378;1.431543;6.302504
56660;159.527551;273.755114;114.227564;43.610378;1.431544;6.340811
56680;159.527551;273.755114;114.227564;43.610378;1.431544;6.340811
56710;159.527551;273.755114;114.227564;43.610378;1.431544;6.340811
56740;159.527551;273.755114;114.227564;43.610378;1.431544;6.340811
56770;145.831574;273.738152;127.906578;43.610378;1.431544;6.369542
56790;145.831574;273.738152;127.906578;43.610378;1.431544;6.369542
56810;145.831574;273.738152;127.906578;43.610378;1.431544;6.369542
56840;145.831574;273.738152;127.906578;43.610378;1.431544;6.369542
56860;147.644062;273.721343;126.077281;43.610378;1.431544;6.398274
56890;147.644062;273.721343;126.077281;43.610378;1.431544;6.398274
56920;147.644062;273.721343;126.077281;43.610378;1.431544;6.398274
56940;144.953394;273.704683;128.751289;43.610378;1.431545;6.427007
56960;144.953394;273.704683;128.751289;43.610378;1.431545;6.427007
56980;144.953394;273.704683;128.751289;43.610378;1.431545;6.427007
57000;144.953394;273.704683;128.751289;43.610378;1.431545;6.427007
57030;146.728414;273.682701;126.954286;43.610378;1.431545;6.465317
57060;146.728414;273.682701;126.954286;43.610378;1.431545;6.465317
57080;146.728414;273.682701;126.954286;43.610378;1.431545;6.465317
57100;146.728414;273.682701;126.954286;43.610378;1.431545;6.465317
57140;146.728414;273.682701;126.954286;43.610378;1.431545;6.465317
57170;166.023567;277.380395;111.356828;43.610374;1.431545;6.534900
57190;166.023567;277.380395;111.356828;43.610374;1.431545;6.534900
57210;166.023567;277.380395;111.356828;43.610374;1.431545;6.534900
57230;166.023567;277.380395;111.356828;43.610374;1.431545;6.534900
57270;163.014325;277.326739;114.312415;43.610374;1.431546;6.582493
57290;163.014325;277.326739;114.312415;43.610374;1.431546;6.582493
57310;163.014325;277.326739;114.312415;43.610374;1.431546;6.582493
57340;163.014325;277.326739;114.312415;43.610374;1.431546;6.582493
57370;145.831572;277.273854;131.442281;43.610374;1.431547;6.630092
57390;145.831572;277.273854;131.442281;43.610374;1.431547;6.630092
57410;145.831572;277.273854;131.442281;43.610374;1.431547;6.630092
57440;145.831572;277.232089;131.400517;43.610374;1.431547;6.668175
57460;145.831572;277.232089;131.400517;43.610374;1.431547;6.668175
57480;145.831572;277.232089;131.400517;43.610374;1.431547;6.668175
57510;145.831572;277.232089;131.400517;43.610374;1.431547;6.668175
57540;145.831572;277.232089;131.400517;43.610374;1.431547;6.668175
57560;147.644060;277.221722;129.577662;43.610374;1.431547;6.677696
57580;147.644060;277.221722;129.577662;43.610374;1.431547;6.677696
57600;147.644060;277.221722;129.577662;43.610374;1.431547;6.677696
57650;147.644060;277.221722;129.577662;43.610374;1.431547;6.677696
57670;147.644060;277.190799;129.546738;43.610374;1.431548;6.706262
57690;147.644060;277.190799;129.546738;43.610374;1.431548;6.706262
57710;147.644060;277.190799;129.546738;43.610374;1.431548;6.706262
57740;147.644060;277.190799;129.546738;43.610374;1.431548;6.706262
57770;164.809410;280.708185;115.898775;43.610371;1.431548;6.800735
57790;164.809410;280.708185;115.898775;43.610371;1.431548;6.800735
57820;164.809410;280.708185;115.898775;43.610371;1.431548;6.800735
57850;164.809410;280.708185;115.898775;43.610371;1.431548;6.800735
57870;163.609064;280.678220;117.069155;43.610371;1.431548;6.819597
57890;163.609064;280.678220;117.069155;43.610371;1.431548;6.819597
57920;163.609064;280.678220;117.069155;43.610371;1.431548;6.819597
57940;161.836174;280.633582;118.797408;43.610371;1.431549;6.847893
57970;161.836174;280.633582;118.797408;43.610371;1.431549;6.847893
57990;161.836174;280.633582;118.797408;43.610371;1.431549;6.847893
58010;161.836174;280.633582;118.797408;43.610371;1.431549;6.847893
58040;161.252939;280.618784;119.365845;43.610371;1.431549;6.857326
58060;161.252939;280.618784;119.365845;43.610371;1.431549;6.857326
58080;161.252939;280.618784;119.365845;43.610371;1.431549;6.857326
58100;161.252939;280.618784;119.365845;43.610371;1.431549;6.857326
58150;161.252939;280.618784;119.365845;43.610371;1.431549;6.857326
58170;145.831571;280.574635;134.743064;43.610371;1.431549;6.885628
58190;145.831571;280.574635;134.743064;43.610371;1.431549;6.885628
58210;145.831571;280.574635;134.743064;43.610371;1.431549;6.885628
58230;145.831571;280.574635;134.743064;43.610371;1.431549;6.885628
58280;172.268857;284.001402;111.732545;43.610367;1.431549;6.975943
58300;172.268857;284.001402;111.732545;43.610367;1.431549;6.975943
58330;172.268857;284.001402;111.732545;43.610367;1.431549;6.975943
58350;170.368743;283.944414;113.575671;43.610367;1.431549;7.003884
58370;170.368743;283.944414;113.575671;43.610367;1.431549;7.003884
58390;170.368743;283.944414;113.575671;43.610367;1.431549;7.003884
58420;170.368743;283.944414;113.575671;43.610367;1.431549;7.003884
58450;168.489770;283.887879;115.398109;43.610367;1.431550;7.031832
58470;168.489770;283.887879;115.398109;43.610367;1.431550;7.031832
58490;168.489770;283.887879;115.398109;43.610367;1.431550;7.031832
58510;168.489770;283.887879;115.398109;43.610367;1.431550;7.031832
58530;168.489770;283.887879;115.398109;43.610367;1.431550;7.031832
58560;166.023566;283.813195;117.789629;43.610367;1.431550;7.069106
58590;166.023566;283.813195;117.789629;43.610367;1.431550;7.069106
58610;166.023566;283.813195;117.789629;43.610367;1.431550;7.069106
58640;166.023566;283.813195;117.789629;43.610367;1.431550;7.069106
58670;163.014323;283.720939;120.706617;43.610367;1.431551;7.115715
58690;163.014323;283.720939;120.706617;43.610367;1.431551;7.115715
58720;163.014323;283.720939;120.706617;43.610367;1.431551;7.115715
58750;163.014323;283.720939;120.706617;43.610367;1.431551;7.115715
58780;166.635553;286.856754;120.221201;43.610363;1.431552;7.283174
58800;166.635553;286.856754;120.221201;43.610363;1.431552;7.283174
58830;164.207457;286.769617;122.562159;43.610363;1.431552;7.319923
58850;164.207457;286.769617;122.562159;43.610363;1.431552;7.319923
58870;164.207457;286.769617;122.562159;43.610363;1.431552;7.319923
58900;164.207457;286.769617;122.562159;43.610363;1.431552;7.319923
58920;164.207457;286.769617;122.562159;43.610363;1.431552;7.319923
58950;147.644055;286.704836;139.060780;43.610363;1.431552;7.347496
58970;147.644055;286.704836;139.060780;43.610363;1.431552;7.347496
58990;147.644055;286.704836;139.060780;43.610363;1.431552;7.347496
59010;147.644055;286.704836;139.060780;43.610363;1.431552;7.347496
59050;147.644055;286.704836;139.060780;43.610363;1.431552;7.347496
59070;145.831567;286.661918;140.830351;43.610363;1.431553;7.365883
59090;145.831567;286.661918;140.830351;43.610363;1.431553;7.365883
59110;145.831567;286.661918;140.830351;43.610363;1.431553;7.365883
59160;147.644055;286.640539;138.996484;43.610363;1.431553;7.375079
59180;147.644055;286.640539;138.996484;43.610363;1.431553;7.375079
59200;147.644055;286.640539;138.996484;43.610363;1.431553;7.375079
59230;147.644055;286.640539;138.996484;43.610363;1.431553;7.375079
59250;145.831567;286.597942;140.766374;43.610363;1.431553;7.393472
59280;145.831567;286.597942;140.766374;43.610363;1.431553;7.393472
59300;145.831567;286.597942;140.766374;43.610363;1.431553;7.393472
59330;145.831567;286.597942;140.766374;43.610363;1.431553;7.393472
59360;167.250663;289.645180;122.394517;43.610359;1.431553;7.543701
59380;167.250663;289.645180;122.394517;43.610359;1.431553;7.543701
59400;167.250663;289.645180;122.394517;43.610359;1.431553;7.543701
59420;167.250663;289.645180;122.394517;43.610359;1.431553;7.543701
59450;165.414812;289.571923;124.157111;43.610359;1.431554;7.570824
59470;165.414812;289.571923;124.157111;43.610359;1.431554;7.570824
59500;165.414812;289.571923;124.157111;43.610359;1.431554;7.570824
59520;165.414812;289.571923;124.157111;43.610359;1.431554;7.570824
59550;165.414812;289.571923;124.157111;43.610359;1.431554;7.570824
59570;164.207456;289.523375;125.315919;43.610359;1.431554;7.588913
59590;164.207456;289.523375;125.315919;43.610359;1.431554;7.588913
59610;164.207456;289.523375;125.315919;43.610359;1.431554;7.588913
59660;163.014321;289.475059;126.460738;43.610359;1.431554;7.607007
59680;163.014321;289.475059;126.460738;43.610359;1.431554;7.607007
59700;163.014321;289.475059;126.460738;43.610359;1.431554;7.607007
59730;163.014321;289.475059;126.460738;43.610359;1.431554;7.607007
59750;161.252936;289.403014;128.150078;43.610359;1.431554;7.634159
59780;161.252936;289.403014;128.150078;43.610359;1.431554;7.634159
59810;161.252936;289.403014;128.150078;43.610359;1.431554;7.634159
59830;161.252936;289.403014;128.150078;43.610359;1.431554;7.634159
59860;170.368741;292.268402;121.899661;43.610355;1.431555;7.811999
59880;170.368741;292.268402;121.899661;43.610355;1.431555;7.811999
59900;170.368741;292.268402;121.899661;43.610355;1.431555;7.811999
59920;170.368741;292.268402;121.899661;43.610355;1.431555;7.811999
59960;167.868775;292.162187;124.293412;43.610355;1.431555;7.847539
59980;167.868775;292.162187;124.293412;43.610355;1.431555;7.847539
60000;167.868775;292.162187;124.293412;43.610355;1.431555;7.847539
60020;167.868775;292.162187;124.293412;43.610355;1.431555;7.847539
60040;167.868775;292.162187;124.293412;43.610355;1.431555;7.847539
60070;165.414811;292.056930;126.642119;43.610355;1.431556;7.883107
60090;165.414811;292.056930;126.642119;43.610355;1.431556;7.883107
60120;165.414811;292.056930;126.642119;43.610355;1.431556;7.883107
60160;161.836170;292.056930;130.220760;43.610355;1.431556;7.883107
60180;161.836170;291.900814;130.064644;43.610355;1.431556;7.936507
60200;161.836170;291.900814;130.064644;43.610355;1.431556;7.936507
60240;145.831564;291.823541;145.991977;43.610355;1.431557;7.963229
60260;145.831564;291.823541;145.991977;43.610355;1.431557;7.963229
60290;145.831564;291.823541;145.991977;43.610355;1.431557;7.963229
60310;145.831564;291.823541;145.991977;43.610355;1.431557;7.963229
60340;147.644052;291.746785;144.102733;43.610355;1.431557;7.989965
60360;147.644052;291.746785;144.102733;43.610355;1.431557;7.989965
60380;147.644052;291.746785;144.102733;43.610355;1.431557;7.989965
60420;163.609059;294.431740;130.822681;43.610352;1.431558;8.182851
60440;163.609059;294.431740;130.822681;43.610352;1.431558;8.182851
60460;163.609059;294.431740;130.822681;43.610352;1.431558;8.182851
60480;163.609059;294.431740;130.822681;43.610352;1.431558;8.182851
60500;163.609059;294.431740;130.822681;43.610352;1.431558;8.182851
60520;163.609059;294.431740;130.822681;43.610352;1.431558;8.182851
60550;162.423325;294.376269;131.952944;43.610352;1.431558;8.200331
60580;162.423325;294.376269;131.952944;43.610352;1.431558;8.200331
60600;162.423325;294.376269;131.952944;43.610352;1.431558;8.200331
60630;162.423325;294.376269;131.952944;43.610352;1.431558;8.200331
60660;147.644051;294.293503;146.649453;43.610352;1.431558;8.226566
60680;147.644051;294.293503;146.649453;43.610352;1.431558;8.226566
60710;147.644051;294.293503;146.649453;43.610352;1.431558;8.226566
60740;144.953382;294.211264;149.257882;43.610352;1.431558;8.252818
60760;144.953382;294.211264;149.257882;43.610352;1.431558;8.252818
60790;144.953382;294.211264;149.257882;43.610352;1.431558;8.252818
60810;144.953382;294.211264;149.257882;43.610352;1.431558;8.252818
60840;146.728403;294.156728;147.428326;43.610352;1.431559;8.270328
60860;146.728403;294.156728;147.428326;43.610352;1.431559;8.270328
60890;146.728403;294.156728;147.428326;43.610352;1.431559;8.270328
60910;146.728403;294.156728;147.428326;43.610352;1.431559;8.270328
60940;146.728403;294.156728;147.428326;43.610352;1.431559;8.270328
60960;168.489767;296.635238;128.145472;43.610348;1.431559;8.495648
60980;168.489767;296.635238;128.145472;43.610348;1.431559;8.495648
61000;168.489767;296.635238;128.145472;43.610348;1.431559;8.495648
61020;168.489767;296.635238;128.145472;43.610348;1.431559;8.495648
61050;168.489767;296.635238;128.145472;43.610348;1.431559;8.495648
61080;167.250660;296.577320;129.326659;43.610348;1.431560;8.512811
61100;167.250660;296.577320;129.326659;43.610348;1.431560;8.512811
61130;164.809404;296.462181;131.652776;43.610348;1.431560;8.547161
61170;164.809404;296.462181;131.652776;43.610348;1.431560;8.547161
61190;164.809404;296.462181;131.652776;43.610348;1.431560;8.547161
61210;164.809404;296.462181;131.652776;43.610348;1.431560;8.547161
61240;162.423324;296.347964;133.924640;43.610348;1.431561;8.581547
61260;162.423324;296.347964;133.924640;43.610348;1.431561;8.581547
61290;162.423324;296.347964;133.924640;43.610348;1.431561;8.581547
61310;162.423324;296.347964;133.924640;43.610348;1.431561;8.581547
61350;146.728401;296.234659;149.506258;43.610348;1.431561;8.615966
61370;146.728401;296.234659;149.506258;43.610348;1.431561;8.615966
61390;146.728401;296.234659;149.506258;43.610348;1.431561;8.615966
61410;146.728401;296.234659;149.506258;43.610348;1.431561;8.615966
61430;146.728401;296.234659;149.506258;43.610348;1.431561;8.615966
61460;164.207452;296.234659;132.027207;43.610348;1.431561;8.615966
61480;164.207452;298.530571;134.323118;43.610344;1.431562;8.862239
61510;164.207452;298.530571;134.323118;43.610344;1.431562;8.862239
61540;161.836167;298.412474;136.576307;43.610344;1.431562;8.895987
61560;161.836167;298.412474;136.576307;43.610344;1.431562;8.895987
61580;161.836167;298.412474;136.576307;43.610344;1.431562;8.895987
61600;161.836167;298.412474;136.576307;43.610344;1.431562;8.895987
61620;161.836167;298.412474;136.576307;43.610344;1.431562;8.895987
61660;160.673699;298.353761;137.680062;43.610344;1.431562;8.912874
61690;160.673699;298.353761;137.680062;43.610344;1.431562;8.912874
61710;160.673699;298.353761;137.680062;43.610344;1.431562;8.912874
61740;160.673699;298.353761;137.680062;43.610344;1.431562;8.912874
61770;147.644047;298.295270;150.651222;43.610344;1.431563;8.929771
61810;147.644047;298.295270;150.651222;43.610344;1.431563;8.929771
61830;146.728399;298.266107;151.537708;43.610344;1.431563;8.938223
61850;146.728399;298.266107;151.537708;43.610344;1.431563;8.938223
61870;146.728399;298.266107;151.537708;43.610344;1.431563;8.938223
61890;146.728399;298.266107;151.537708;43.610344;1.431563;8.938223
61910;146.728399;298.266107;151.537708;43.610344;1.431563;8.938223
61940;146.728399;298.266107;151.537708;43.610344;1.431563;8.938223
61970;146.728399;298.207947;151.479548;43.610344;1.431563;8.955134
61990;146.728399;298.207947;151.479548;43.610344;1.431563;8.955134
62010;146.728399;298.207947;151.479548;43.610344;1.431563;8.955134
62040;167.250659;300.454626;133.203967;43.610340;1.431563;9.188066
62060;167.250659;300.454626;133.203967;43.610340;1.431563;9.188066
62080;167.250659;300.454626;133.203967;43.610340;1.431563;9.188066
62100;167.250659;300.454626;133.203967;43.610340;1.431563;9.188066
62140;167.250659;300.454626;133.203967;43.610340;1.431563;9.188066
62160;166.635548;300.424318;133.788770;43.610340;1.431563;9.196341
62190;166.635548;300.424318;133.788770;43.610340;1.431563;9.196341
62210;166.635548;300.424318;133.788770;43.610340;1.431563;9.196341
62250;166.023560;300.394065;134.370505;43.610340;1.431564;9.204618
62270;166.023560;300.394065;134.370505;43.610340;1.431564;9.204618
62300;166.023560;300.394065;134.370505;43.610340;1.431564;9.204618
62320;166.023560;300.394065;134.370505;43.610340;1.431564;9.204618
62340;166.023560;300.394065;134.370505;43.610340;1.431564;9.204618
62370;164.809403;300.333721;135.524319;43.610340;1.431564;9.221181
62390;164.809403;300.333721;135.524319;43.610340;1.431564;9.221181
62430;163.014315;300.243612;137.229296;43.610340;1.431564;9.246043
62450;163.014315;300.243612;137.229296;43.610340;1.431564;9.246043
62470;163.014315;300.243612;137.229296;43.610340;1.431564;9.246043
62490;163.014315;300.243612;137.229296;43.610340;1.431564;9.246043
62510;163.014315;300.243612;137.229296;43.610340;1.431564;9.246043
62540;160.673698;300.124217;139.450519;43.610340;1.431565;9.279228
62570;160.673698;300.124217;139.450519;43.610340;1.431565;9.279228
62590;160.673698;300.124217;139.450519;43.610340;1.431565;9.279228
62610;160.673698;300.124217;139.450519;43.610340;1.431565;9.279228
62640;168.489765;302.214251;133.724487;43.610336;1.431565;9.531658
62660;168.489765;302.214251;133.724487;43.610336;1.431565;9.531658
62700;168.489765;302.214251;133.724487;43.610336;1.431565;9.531658
62720;168.489765;302.214251;133.724487;43.610336;1.431565;9.531658
62750;168.489765;302.214251;133.724487;43.610336;1.431565;9.531658
62770;165.414807;302.061130;136.646323;43.610336;1.431566;9.572293
62800;165.414807;302.061130;136.646323;43.610336;1.431566;9.572293
62830;165.414807;302.061130;136.646323;43.610336;1.431566;9.572293
62850;162.423321;301.909304;139.485983;43.610336;1.431566;9.612995
62880;162.423321;301.909304;139.485983;43.610336;1.431566;9.612995
62900;162.423321;301.909304;139.485983;43.610336;1.431566;9.612995
62930;162.423321;301.909304;139.485983;43.610336;1.431566;9.612995
62950;147.644044;301.818824;154.174781;43.610336;1.431567;9.637449
62970;147.644044;301.818824;154.174781;43.610336;1.431567;9.637449
62990;147.644044;301.818824;154.174781;43.610336;1.431567;9.637449
63010;147.644044;301.818824;154.174781;43.610336;1.431567;9.637449
63050;147.644044;301.698897;154.054853;43.610336;1.431567;9.670091
63070;147.644044;301.698897;154.054853;43.610336;1.431567;9.670091
63090;147.644044;301.698897;154.054853;43.610336;1.431567;9.670091
63110;147.644044;301.698897;154.054853;43.610336;1.431567;9.670091
63130;147.644044;301.698897;154.054853;43.610336;1.431567;9.670091
63160;164.809401;303.695677;138.886277;43.610332;1.431568;9.923500
63200;164.809401;303.695677;138.886277;43.610332;1.431568;9.923500
63220;164.809401;303.695677;138.886277;43.610332;1.431568;9.923500
63250;164.809401;303.695677;138.886277;43.610332;1.431568;9.923500
63270;162.423320;303.573102;141.149782;43.610332;1.431568;9.955463
63300;162.423320;303.573102;141.149782;43.610332;1.431568;9.955463
63320;162.423320;303.573102;141.149782;43.610332;1.431568;9.955463
63360;147.644042;303.451311;155.807269;43.610332;1.431569;9.987472
63380;147.644042;303.451311;155.807269;43.610332;1.431569;9.987472
63400;147.644042;303.451311;155.807269;43.610332;1.431569;9.987472
63420;147.644042;303.451311;155.807269;43.610332;1.431569;9.987472
63450;144.093676;303.330299;159.236623;43.610332;1.431569;10.019525
63470;144.093676;303.330299;159.236623;43.610332;1.431569;10.019525
63500;144.093676;303.330299;159.236623;43.610332;1.431569;10.019525
63530;144.093676;303.330299;159.236623;43.610332;1.431569;10.019525
63550;145.831554;303.240047;157.408494;43.610332;1.431569;10.043594
63570;145.831554;303.240047;157.408494;43.610332;1.431569;10.043594
63590;145.831554;303.240047;157.408494;43.610332;1.431569;10.043594
63610;145.831554;303.240047;157.408494;43.610332;1.431569;10.043594
63640;145.831554;303.240047;157.408494;43.610332;1.431569;10.043594
63670;147.644042;303.150227;155.506185;43.610332;1.431570;10.067689
63700;147.644042;303.150227;155.506185;43.610332;1.431570;10.067689
63720;147.644042;303.150227;155.506185;43.610332;1.431570;10.067689
63740;147.644042;303.150227;155.506185;43.610332;1.431570;10.067689
63780;164.207449;305.002600;140.795151;43.610329;1.431570;10.337187
63810;164.207449;305.002600;140.795151;43.610329;1.431570;10.337187
63830;164.207449;305.002600;140.795151;43.610329;1.431570;10.337187
63860;161.836162;304.880913;143.044751;43.610329;1.431571;10.368657
63880;161.836162;304.880913;143.044751;43.610329;1.431571;10.368657
63900;161.836162;304.880913;143.044751;43.610329;1.431571;10.368657
63940;161.836162;304.880913;143.044751;43.610329;1.431571;10.368657
63960;146.728393;304.790133;158.061740;43.610329;1.431571;10.392290
63980;146.728393;304.790133;158.061740;43.610329;1.431571;10.392290
64000;146.728393;304.790133;158.061740;43.610329;1.431571;10.392290
64020;146.728393;304.790133;158.061740;43.610329;1.431571;10.392290
64050;145.831552;304.639747;158.808194;43.610329;1.431572;10.431735
64080;145.831552;304.639747;158.808194;43.610329;1.431572;10.431735
64100;145.831552;304.639747;158.808194;43.610329;1.431572;10.431735
64120;145.831552;304.639747;158.808194;43.610329;1.431572;10.431735
64150;144.953372;304.490494;159.537123;43.610329;1.431572;10.471253
64170;144.953372;304.490494;159.537123;43.610329;1.431572;10.471253
64210;144.953372;304.490494;159.537123;43.610329;1.431572;10.471253
64230;144.953372;304.490494;159.537123;43.610329;1.431572;10.471253
64260;144.953372;304.490494;159.537123;43.610329;1.431572;10.471253
64280;147.644041;304.371902;156.727861;43.610329;1.431573;10.502917
64310;147.644041;304.371902;156.727861;43.610329;1.431573;10.502917
64340;163.609053;304.371902;140.762849;43.610329;1.431573;10.502917
64370;163.609053;306.208370;142.599318;43.610325;1.431573;10.755837
64390;163.609053;306.208370;142.599318;43.610325;1.431573;10.755837
64420;163.609053;306.208370;142.599318;43.610325;1.431573;10.755837
64440;163.014311;306.178191;143.163879;43.610325;1.431573;10.763582
64460;163.014311;306.178191;143.163879;43.610325;1.431573;10.763582
64480;163.014311;306.178191;143.163879;43.610325;1.431573;10.763582
64510;163.014311;306.178191;143.163879;43.610325;1.431573;10.763582
64540;163.014311;306.178191;143.163879;43.610325;1.431573;10.763582
64560;163.014311;306.178191;143.163879;43.610325;1.431573;10.763582
64580;163.014311;306.178191;143.163879;43.610325;1.431573;10.763582
64600;163.014311;306.178191;143.163879;43.610325;1.431573;10.763582
64620;163.014311;306.178191;143.163879;43.610325;1.431573;10.763582
64650;163.609053;306.208370;142.599318;43.610325;1.431573;10.755837
64680;163.609053;306.208370;142.599318;43.610325;1.431573;10.755837
64710;163.609053;306.208370;142.599318;43.610325;1.431573;10.755837
64740;163.609053;306.208370;142.599318;43.610325;1.431573;10.755837
64760;164.207448;306.238593;142.031146;43.610325;1.431573;10.748094
64790;164.207448;306.238593;142.031146;43.610325;1.431573;10.748094
64830;164.207448;306.238593;142.031146;43.610325;1.431573;10.748094
64850;164.207448;306.238593;142.031146;43.610325;1.431573;10.748094
64870;164.207448;306.238593;142.031146;43.610325;1.431573;10.748094
64900;164.207448;306.238593;142.031146;43.610325;1.431573;10.748094
64930;164.207448;306.238593;142.031146;43.610325;1.431573;10.748094
64950;181.296181;308.081872;126.785690;43.610321;1.431572;10.989049
64970;181.296181;308.081872;126.785690;43.610321;1.431572;10.989049
64990;181.296181;308.081872;126.785690;43.610321;1.431572;10.989049
65010;181.296181;308.081872;126.785690;43.610321;1.431572;10.989049
65030;181.296181;308.081872;126.785690;43.610321;1.431572;10.989049
65070;182.591037;308.081872;125.490835;43.610321;1.431572;10.989049
65090;182.591037;308.143685;125.552649;43.610321;1.431572;10.973946
65110;182.591037;308.143685;125.552649;43.610321;1.431572;10.973946
65140;182.591037;308.143685;125.552649;43.610321;1.431572;10.973946
65160;181.943857;308.112757;126.168900;43.610321;1.431572;10.981496
65180;181.943857;308.112757;126.168900;43.610321;1.431572;10.981496
65230;181.943857;308.112757;126.168900;43.610321;1.431572;10.981496
65250;181.943857;308.112757;126.168900;43.610321;1.431572;10.981496
65270;181.943857;308.112757;126.168900;43.610321;1.431572;10.981496
65290;181.943857;308.112757;126.168900;43.610321;1.431572;10.981496
65320;181.943857;308.112757;126.168900;43.610321;1.431572;10.981496
65360;182.591037;308.143685;125.552649;43.610321;1.431572;10.973946
65380;182.591037;308.143685;125.552649;43.610321;1.431572;10.973946
65400;182.591037;308.143685;125.552649;43.610321;1.431572;10.973946
65420;182.591037;308.143685;125.552649;43.610321;1.431572;10.973946
65450;183.883250;309.907084;126.023834;43.610317;1.431572;11.226152
65470;183.883250;309.907084;126.023834;43.610317;1.431572;11.226152
65500;183.883250;309.907084;126.023834;43.610317;1.431572;11.226152
65520;183.883250;309.907084;126.023834;43.610317;1.431572;11.226152
65550;183.883250;309.907084;126.023834;43.610317;1.431572;11.226152
65570;182.591037;309.844316;127.253279;43.610317;1.431572;11.240883
65590;182.591037;309.844316;127.253279;43.610317;1.431572;11.240883
65610;182.591037;309.844316;127.253279;43.610317;1.431572;11.240883
65640;182.591037;309.844316;127.253279;43.610317;1.431572;11.240883
65670;182.591037;309.844316;127.253279;43.610317;1.431572;11.240883
65690;182.591037;309.844316;127.253279;43.610317;1.431572;11.240883
65730;183.237556;309.875680;126.638124;43.610317;1.431572;11.233516
65750;183.237556;309.875680;126.638124;43.610317;1.431572;11.233516
65780;183.237556;309.875680;126.638124;43.610317;1.431572;11.233516
65800;183.237556;309.875680;126.638124;43.610317;1.431572;11.233516
65830;183.237556;309.875680;126.638124;43.610317;1.431572;11.233516
65860;183.237556;309.875680;126.638124;43.610317;1.431572;11.233516
65880;183.237556;309.875680;126.638124;43.610317;1.431572;11.233516
65900;183.237556;309.875680;126.638124;43.610317;1.431572;11.233516
65920;183.237556;309.875680;126.638124;43.610317;1.431572;11.233516
65950;183.237556;309.875680;126.638124;43.610317;1.431572;11.233516
65980;183.883250;309.907084;126.023834;43.610317;1.431572;11.226152
66000;183.883250;309.907084;126.023834;43.610317;1.431572;11.226152
66020;183.883250;309.907084;126.023834;43.610317;1.431572;11.226152
66050;182.591037;311.591477;129.000440;43.610313;1.431572;11.488519
66070;182.591037;311.591477;129.000440;43.610313;1.431572;11.488519
66090;182.591037;311.591477;129.000440;43.610313;1.431572;11.488519
66120;182.591037;311.591477;129.000440;43.610313;1.431572;11.488519
66140;182.591037;311.591477;129.000440;43.610313;1.431572;11.488519
66170;183.883250;311.655104;127.771854;43.610313;1.431571;11.474170
66190;183.883250;311.655104;127.771854;43.610313;1.431571;11.474170
66230;183.883250;311.655104;127.771854;43.610313;1.431571;11.474170
66260;185.813775;311.655104;125.841329;43.610313;1.431571;11.474170
66280;185.813775;311.750843;125.937067;43.610313;1.431571;11.452673
66300;185.813775;311.750843;125.937067;43.610313;1.431571;11.452673
66340;185.813775;311.750843;125.937067;43.610313;1.431571;11.452673
66360;187.093744;311.814869;124.721125;43.610313;1.431571;11.438360
66380;187.093744;311.814869;124.721125;43.610313;1.431571;11.438360
66410;187.093744;311.814869;124.721125;43.610313;1.431571;11.438360
66430;187.093744;311.814869;124.721125;43.610313;1.431571;11.438360
66460;187.093744;311.814869;124.721125;43.610313;1.431571;11.438360
66480;189.000056;311.911208;122.911152;43.610313;1.431571;11.416917
66500;189.000056;311.911208;122.911152;43.610313;1.431571;11.416917
66520;189.000056;311.911208;122.911152;43.610313;1.431571;11.416917
66560;189.000056;311.911208;122.911152;43.610313;1.431571;11.416917
66580;190.260124;311.975635;121.715512;43.610313;1.431570;11.402639
66600;190.260124;311.975635;121.715512;43.610313;1.431570;11.402639
66630;191.510240;312.040224;120.529985;43.610313;1.431570;11.388376
66650;191.510240;312.040224;120.529985;43.610313;1.431570;11.388376
66670;191.510240;312.040224;120.529985;43.610313;1.431570;11.388376
66700;191.510240;312.040224;120.529985;43.610313;1.431570;11.388376
66740;192.749347;312.104975;119.355628;43.610313;1.431570;11.374128
66760;192.749347;312.104975;119.355628;43.610313;1.431570;11.374128
66780;192.749347;312.104975;119.355628;43.610313;1.431570;11.374128
66810;192.749347;312.104975;119.355628;43.610313;1.431570;11.374128
66840;192.749347;312.104975;119.355628;43.610313;1.431570;11.374128
66870;193.976447;313.781700;119.805252;43.610310;1.431569;11.635032
66890;193.976447;313.781700;119.805252;43.610310;1.431569;11.635032
66910;193.976447;313.781700;119.805252;43.610310;1.431569;11.635032
66940;193.976447;313.781700;119.805252;43.610310;1.431569;11.635032
66960;195.792556;313.879980;118.087423;43.610310;1.431569;11.614262
66990;195.792556;313.879980;118.087423;43.610310;1.431569;11.614262
67020;197.576686;313.879980;116.303293;43.610310;1.431569;11.614262
67040;197.576686;313.978611;116.401925;43.610310;1.431569;11.593525
67060;197.576686;313.978611;116.401925;43.610310;1.431569;11.593525
67080;197.576686;313.978611;116.401925;43.610310;1.431569;11.593525
67110;198.163843;314.011567;115.847724;43.610310;1.431569;11.586621
67140;198.163843;314.011567;115.847724;43.610310;1.431569;11.586621
67160;198.163843;314.011567;115.847724;43.610310;1.431569;11.586621
67180;198.163843;314.011567;115.847724;43.610310;1.431569;11.586621
67200;198.163843;314.011567;115.847724;43.610310;1.431569;11.586621
67250;212.355968;314.110670;101.754703;43.610310;1.431568;11.565930
67270;212.355968;314.110670;101.754703;43.610310;1.431568;11.565930
67290;212.355968;314.110670;101.754703;43.610310;1.431568;11.565930
67310;212.355968;314.110670;101.754703;43.610310;1.431568;11.565930
67350;212.355968;314.110670;101.754703;43.610310;1.431568;11.565930
67370;191.510241;315.714226;124.203985;43.610306;1.431568;11.838248
67390;191.510241;315.714226;124.203985;43.610306;1.431568;11.838248
67420;191.510241;315.714226;124.203985;43.610306;1.431568;11.838248
67450;193.976448;315.847539;121.871091;43.610306;1.431567;11.811474
67470;193.976448;315.847539;121.871091;43.610306;1.431567;11.811474
67490;193.976448;315.847539;121.871091;43.610306;1.431567;11.811474
67520;196.390952;315.981456;119.590504;43.610306;1.431567;11.784765
67540;196.390952;315.981456;119.590504;43.610306;1.431567;11.784765
67570;196.390952;315.981456;119.590504;43.610306;1.431567;11.784765
67590;196.390952;315.981456;119.590504;43.610306;1.431567;11.784765
67620;196.390952;315.981456;119.590504;43.610306;1.431567;11.784765
67640;198.747079;316.115982;117.368903;43.610306;1.431566;11.758120
67660;198.747079;316.115982;117.368903;43.610306;1.431566;11.758120
67680;198.747079;316.115982;117.368903;43.610306;1.431566;11.758120
67700;198.747079;316.115982;117.368903;43.610306;1.431566;11.758120
67750;212.355969;316.284997;103.929028;43.610306;1.431566;11.724906
67770;212.355969;316.284997;103.929028;43.610306;1.431566;11.724906
67790;212.355969;316.284997;103.929028;43.610306;1.431566;11.724906
67810;212.355969;316.284997;103.929028;43.610306;1.431566;11.724906
67860;214.168458;316.489082;102.320624;43.610306;1.431565;11.685184
67880;214.168458;316.489082;102.320624;43.610306;1.431565;11.685184
67900;214.168458;316.489082;102.320624;43.610306;1.431565;11.685184
67920;214.168458;316.489082;102.320624;43.610306;1.431565;11.685184
67940;214.168458;316.489082;102.320624;43.610306;1.431565;11.685184
67970;213.271619;318.088712;104.817093;43.610302;1.431564;11.957827
67990;213.271619;318.088712;104.817093;43.610302;1.431564;11.957827
68030;213.271619;318.225895;104.954276;43.610302;1.431564;11.932217
68050;213.271619;318.225895;104.954276;43.610302;1.431564;11.932217
68070;213.271619;318.225895;104.954276;43.610302;1.431564;11.932217
68090;213.271619;318.225895;104.954276;43.610302;1.431564;11.932217
68110;213.271619;318.225895;104.954276;43.610302;1.431564;11.932217
68140;213.271619;318.225895;104.954276;43.610302;1.431564;11.932217
68170;214.168460;318.398203;104.229743;43.610302;1.431563;11.900302
68190;214.168460;318.398203;104.229743;43.610302;1.431563;11.900302
68210;214.168460;318.398203;104.229743;43.610302;1.431563;11.900302
68240;214.168460;318.398203;104.229743;43.610302;1.431563;11.900302
68280;215.046640;318.571436;103.524796;43.610302;1.431563;11.868494
68300;215.046640;318.571436;103.524796;43.610302;1.431563;11.868494
68320;215.046640;318.571436;103.524796;43.610302;1.431563;11.868494
68360;215.046640;318.745599;103.698959;43.610302;1.431562;11.836796
68380;215.046640;318.745599;103.698959;43.610302;1.431562;11.836796
68400;215.046640;318.745599;103.698959;43.610302;1.431562;11.836796
68420;215.046640;318.745599;103.698959;43.610302;1.431562;11.836796
68460;215.046640;318.745599;103.698959;43.610302;1.431562;11.836796
68480;215.046640;318.955827;103.909187;43.610302;1.431561;11.798903
68500;215.046640;318.955827;103.909187;43.610302;1.431561;11.798903
68530;215.046640;318.955827;103.909187;43.610302;1.431561;11.798903
68550;219.935408;319.167407;99.231999;43.610302;1.431561;11.761170
68570;219.935408;319.167407;99.231999;43.610302;1.431561;11.761170
68600;219.935408;319.167407;99.231999;43.610302;1.431561;11.761170
68630;219.935408;319.167407;99.231999;43.610302;1.431561;11.761170
68650;212.355972;320.693659;108.337687;43.610298;1.431560;12.048733
68670;212.355972;320.693659;108.337687;43.610298;1.431560;12.048733
68690;212.355972;320.693659;108.337687;43.610298;1.431560;12.048733
68710;212.355972;320.693659;108.337687;43.610298;1.431560;12.048733
68760;215.906339;320.835203;104.928864;43.610298;1.431559;12.024451
68780;215.906339;320.835203;104.928864;43.610298;1.431559;12.024451
68800;215.906339;320.835203;104.928864;43.610298;1.431559;12.024451
68820;215.906339;320.835203;104.928864;43.610298;1.431559;12.024451
68860;215.906339;320.835203;104.928864;43.610298;1.431559;12.024451
68890;212.355972;321.048592;108.692619;43.610298;1.431559;11.988166
68910;212.355972;321.048592;108.692619;43.610298;1.431559;11.988166
68940;212.355972;321.263273;108.907301;43.610298;1.431558;11.952048
68960;212.355972;321.263273;108.907301;43.610298;1.431558;11.952048
68980;212.355972;321.263273;108.907301;43.610298;1.431558;11.952048
69000;212.355972;321.263273;108.907301;43.610298;1.431558;11.952048
69030;212.355972;321.263273;108.907301;43.610298;1.431558;11.952048
69060;213.271621;321.515376;108.243756;43.610298;1.431557;11.910124
69080;213.271621;321.515376;108.243756;43.610298;1.431557;11.910124
69100;213.271621;321.515376;108.243756;43.610298;1.431557;11.910124
69120;213.271621;321.515376;108.243756;43.610298;1.431557;11.910124
69150;219.164673;321.769256;102.604583;43.610298;1.431556;11.868432
69180;219.164673;321.769256;102.604583;43.610298;1.431556;11.868432
69200;219.164673;321.769256;102.604583;43.610298;1.431556;11.868432
69220;219.164673;321.769256;102.604583;43.610298;1.431556;11.868432
69260;224.872690;322.061589;97.188899;43.610298;1.431555;11.821072
69280;224.872690;322.061589;97.188899;43.610298;1.431555;11.821072
69310;224.872690;322.061589;97.188899;43.610298;1.431555;11.821072
69330;224.872690;322.061589;97.188899;43.610298;1.431555;11.821072
69370;224.872690;322.061589;97.188899;43.610298;1.431555;11.821072
69390;229.088203;322.319304;93.231101;43.610298;1.431554;11.779886
69410;229.088203;322.319304;93.231101;43.610298;1.431554;11.779886
69440;232.692619;322.578822;89.886203;43.610298;1.431554;11.738940
69460;232.692619;322.578822;89.886203;43.610298;1.431554;11.738940
69490;232.692619;322.578822;89.886203;43.610298;1.431554;11.738940
69510;232.692619;322.578822;89.886203;43.610298;1.431554;11.738940
69540;270.000002;322.802707;52.802705;43.610298;1.431553;11.704036
69560;270.000002;322.802707;52.802705;43.610298;1.431553;11.704036
69580;270.000002;322.802707;52.802705;43.610298;1.431553;11.704036
69600;270.000002;322.802707;52.802705;43.610298;1.431553;11.704036
69630;270.000002;322.802707;52.802705;43.610298;1.431553;11.704036
69660;212.355974;324.319350;111.963376;43.610294;1.431552;11.999701
69680;212.355974;324.319350;111.963376;43.610294;1.431552;11.999701
69700;212.355974;324.319350;111.963376;43.610294;1.431552;11.999701
69720;212.355974;324.319350;111.963376;43.610294;1.431552;11.999701
69770;212.355974;324.319350;111.963376;43.610294;1.431552;11.999701
69790;213.271622;324.618253;111.346631;43.610294;1.431551;11.955080
69810;213.271622;324.618253;111.346631;43.610294;1.431551;11.955080
69830;213.271622;324.618253;111.346631;43.610294;1.431551;11.955080
69870;214.168463;324.919387;110.750924;43.610294;1.431550;11.910787
69890;214.168463;324.919387;110.750924;43.610294;1.431550;11.910787
69910;214.168463;324.919387;110.750924;43.610294;1.431550;11.910787
69950;214.168463;324.919387;110.750924;43.610294;1.431550;11.910787
69970;215.906341;325.222760;109.316419;43.610294;1.431549;11.866825
69990;215.906341;325.222760;109.316419;43.610294;1.431549;11.866825
70010;215.906341;325.222760;109.316419;43.610294;1.431549;11.866825
70040;215.906341;325.222760;109.316419;43.610294;1.431549;11.866825
70060;223.540623;325.605138;102.064516;43.610294;1.431548;11.812345
70090;223.540623;325.605138;102.064516;43.610294;1.431548;11.812345
70110;223.540623;325.605138;102.064516;43.610294;1.431548;11.812345
70130;223.540623;325.605138;102.064516;43.610294;1.431548;11.812345
70160;228.525913;325.913579;97.387667;43.610294;1.431547;11.769142
70180;228.525913;325.913579;97.387667;43.610294;1.431547;11.769142
70200;228.525913;325.913579;97.387667;43.610294;1.431547;11.769142
70230;228.525913;325.913579;97.387667;43.610294;1.431547;11.769142
70270;233.624661;325.913579;92.288918;43.610294;1.431547;11.769142
70290;233.624661;326.302314;92.677653;43.610294;1.431546;11.715623
70320;270.000002;326.302314;56.302312;43.610294;1.431546;11.715623
70350;270.000002;326.694599;56.694597;43.610294;1.431545;11.662648
70380;270.000002;326.694599;56.694597;43.610294;1.431545;11.662648
70400;270.000002;326.694599;56.694597;43.610294;1.431545;11.662648
70430;270.000002;326.694599;56.694597;43.610294;1.431545;11.662648
70450;270.000002;327.170042;57.170040;43.610294;1.431543;11.599807
70470;270.000002;327.170042;57.170040;43.610294;1.431543;11.599807
70490;270.000002;327.170042;57.170040;43.610294;1.431543;11.599807
70510;270.000002;327.170042;57.170040;43.610294;1.431543;11.599807
70540;270.000002;327.170042;57.170040;43.610294;1.431543;11.599807
70570;215.906343;328.664703;112.758360;43.610291;1.431542;11.908252
70590;215.906343;328.664703;112.758360;43.610291;1.431542;11.908252
70610;215.906343;328.664703;112.758360;43.610291;1.431542;11.908252
70630;215.906343;328.664703;112.758360;43.610291;1.431542;11.908252
70660;215.906343;328.664703;112.758360;43.610291;1.431542;11.908252
70690;216.747759;329.100571;112.352812;43.610291;1.431541;11.853692
70710;216.747759;329.100571;112.352812;43.610291;1.431541;11.853692
70730;216.747759;329.100571;112.352812;43.610291;1.431541;11.853692
70770;213.271624;329.420082;116.148458;43.610291;1.431540;11.814447
70800;213.271624;329.420082;116.148458;43.610291;1.431540;11.814447
70820;213.271624;329.420082;116.148458;43.610291;1.431540;11.814447
70850;220.689174;329.420082;108.730908;43.610291;1.431540;11.814447
70880;220.689174;329.782066;109.092892;43.610291;1.431539;11.770737
70900;220.689174;329.782066;109.092892;43.610291;1.431539;11.770737
70930;226.145837;329.782066;103.636229;43.610291;1.431539;11.770737
70950;226.145837;330.106082;103.960245;43.610291;1.431538;11.732282
70980;226.145837;330.106082;103.960245;43.610291;1.431538;11.732282
71000;226.145837;330.106082;103.960245;43.610291;1.431538;11.732282
71020;226.145837;330.106082;103.960245;43.610291;1.431538;11.732282
71050;231.719017;330.514084;98.795067;43.610291;1.431536;11.684744
71070;231.719017;330.514084;98.795067;43.610291;1.431536;11.684744
71090;231.719017;330.514084;98.795067;43.610291;1.431536;11.684744
71120;231.719017;330.514084;98.795067;43.610291;1.431536;11.684744
71140;231.719017;330.514084;98.795067;43.610291;1.431536;11.684744
71170;270.000002;330.514084;60.514082;43.610291;1.431536;11.684744
71190;270.000002;330.966712;60.966710;43.610291;1.431535;11.633143
71220;270.000002;330.966712;60.966710;43.610291;1.431535;11.633143
71240;270.000002;331.548576;61.548573;43.610291;1.431533;11.568529
71280;270.000002;331.548576;61.548573;43.610291;1.431533;11.568529
71300;270.000002;331.548576;61.548573;43.610291;1.431533;11.568529
71320;270.000002;331.548576;61.548573;43.610291;1.431533;11.568529
71350;270.000002;331.548576;61.548573;43.610291;1.431533;11.568529
71380;270.000002;331.883977;61.883974;43.610291;1.431533;11.532147
71400;270.000002;331.883977;61.883974;43.610291;1.431533;11.532147
71440;270.000002;331.883977;61.883975;43.610291;1.431533;11.532147
71460;270.000002;332.136914;62.136911;43.610291;1.431532;11.505122
71480;270.000002;332.136914;62.136911;43.610291;1.431532;11.505122
71500;270.000002;332.136914;62.136911;43.610291;1.431532;11.505122
71520;270.000002;332.136914;62.136911;43.610291;1.431532;11.505122
71550;270.000002;332.561110;62.561107;43.610291;1.431531;11.460580
71580;270.000002;332.561110;62.561107;43.610291;1.431531;11.460580
71600;270.000002;332.561110;62.561107;43.610291;1.431531;11.460580
71620;270.000002;332.561110;62.561107;43.610291;1.431531;11.460580
71650;270.000002;332.561110;62.561107;43.610291;1.431531;11.460580
71670;270.000002;332.988592;62.988590;43.610291;1.431529;11.416672
71690;270.000002;332.988592;62.988590;43.610291;1.431529;11.416672
71710;270.000002;332.988592;62.988590;43.610291;1.431529;11.416672
71750;270.000002;333.462607;63.462605;43.610291;1.431528;11.369113
71780;270.000002;333.462607;63.462605;43.610291;1.431528;11.369113
71800;270.000002;333.462607;63.462605;43.610291;1.431528;11.369113
71830;270.000002;333.896958;63.896955;43.610291;1.431527;11.326558
71860;270.000002;333.896958;63.896955;43.610291;1.431527;11.326558
71890;270.000002;333.896958;63.896955;43.610291;1.431527;11.326558
71910;270.000002;333.896958;63.896955;43.610291;1.431527;11.326558
71930;270.000002;333.896958;63.896955;43.610291;1.431527;11.326558
71960;270.000002;334.290653;64.290650;43.610291;1.431526;11.288820
71980;270.000002;334.290653;64.290650;43.610291;1.431526;11.288820
72000;270.000002;334.290653;64.290650;43.610291;1.431526;11.288820
72020;270.000002;334.290653;64.290650;43.610291;1.431526;11.288820
72060;220.689176;335.536982;114.847806;43.610287;1.431525;11.640450
72080;220.689176;335.536982;114.847806;43.610287;1.431525;11.640450
72100;220.689176;335.536982;114.847806;43.610287;1.431525;11.640450
72120;220.689176;335.536982;114.847806;43.610287;1.431525;11.640450
72150;220.689176;335.536982;114.847806;43.610287;1.431525;11.640450
72170;219.164678;335.925166;116.760488;43.610287;1.431524;11.604946
72200;219.164678;335.925166;116.760488;43.610287;1.431524;11.604946
72220;219.164678;335.925166;116.760488;43.610287;1.431524;11.604946
72250;219.164678;336.359254;117.194576;43.610287;1.431523;11.566127
72280;219.164678;336.359254;117.194576;43.610287;1.431523;11.566127
72310;219.164678;336.359254;117.194576;43.610287;1.431523;11.566127
72340;219.935415;336.796240;116.860825;43.610287;1.431521;11.527976
72360;219.935415;336.796240;116.860825;43.610287;1.431521;11.527976
72390;219.935415;336.796240;116.860825;43.610287;1.431521;11.527976
72410;219.935415;336.796240;116.860825;43.610287;1.431521;11.527976
72440;226.761142;336.796240;110.035099;43.610287;1.431521;11.527976
72470;226.761142;337.236103;110.474961;43.610287;1.431520;11.490500
72490;226.761142;337.236103;110.474961;43.610287;1.431520;11.490500
72510;226.761142;337.236103;110.474961;43.610287;1.431520;11.490500
72530;226.761142;337.236103;110.474961;43.610287;1.431520;11.490500
72560;231.719019;337.634418;105.915399;43.610287;1.431519;11.457354
72580;231.719019;337.634418;105.915399;43.610287;1.431519;11.457354
72610;231.719019;337.634418;105.915399;43.610287;1.431519;11.457354
72640;270.000002;338.035026;68.035023;43.610287;1.431518;11.424765
72660;270.000002;338.035026;68.035023;43.610287;1.431518;11.424765
72680;270.000002;338.035026;68.035023;43.610287;1.431518;11.424765
72700;270.000002;338.035026;68.035023;43.610287;1.431518;11.424765
72720;270.000002;338.035026;68.035023;43.610287;1.431518;11.424765
72750;270.000002;338.393029;68.393027;43.610287;1.431517;11.396268
72790;270.000002;338.393029;68.393027;43.610287;1.431517;11.396268
72810;270.000002;338.393029;68.393027;43.610287;1.431517;11.396268
72840;270.000002;338.393029;68.393027;43.610287;1.431517;11.396268
72860;270.000002;338.843036;68.843034;43.610287;1.431516;11.361277
72890;270.000002;338.843036;68.843034;43.610287;1.431516;11.361277
72910;270.000002;338.843036;68.843034;43.610287;1.431516;11.361277
72940;270.000002;338.843036;68.843034;43.610287;1.431516;11.361277
72970;270.000002;338.843036;68.843034;43.610287;1.431516;11.361277
72990;270.000002;339.295796;69.295793;43.610287;1.431515;11.326990
73010;270.000002;339.295796;69.295793;43.610287;1.431515;11.326990
73030;270.000002;339.295796;69.295793;43.610287;1.431515;11.326990
73050;270.000002;339.295796;69.295793;43.610287;1.431515;11.326990
73090;270.000002;339.751276;69.751273;43.610287;1.431514;11.293415
73110;270.000002;339.751276;69.751273;43.610287;1.431514;11.293415
73140;270.000002;340.163506;70.163504;43.610287;1.431512;11.263812
73160;270.000002;340.163506;70.163504;43.610287;1.431512;11.263812
73180;270.000002;340.163506;70.163504;43.610287;1.431512;11.263812
73200;270.000002;340.163506;70.163504;43.610287;1.431512;11.263812
73220;270.000002;340.163506;70.163504;43.610287;1.431512;11.263812
73260;270.000002;340.163506;70.163504;43.610287;1.431512;11.263812
73280;270.000002;340.439523;70.439521;43.610287;1.431512;11.244401
73310;270.000002;340.439523;70.439521;43.610287;1.431512;11.244401
73330;270.000002;340.439523;70.439521;43.610287;1.431512;11.244401
73360;270.000002;340.439523;70.439521;43.610287;1.431512;11.244401
73390;270.000002;340.809019;70.809017;43.610287;1.431511;11.218928
73420;270.000002;340.809019;70.809017;43.610287;1.431511;11.218928
73450;214.168468;341.811239;127.642770;43.610283;1.431510;11.599221
73470;214.168468;341.811239;127.642770;43.610283;1.431510;11.599221
73490;214.168468;341.811239;127.642770;43.610283;1.431510;11.599221
73510;214.168468;341.811239;127.642770;43.610283;1.431510;11.599221
73540;214.168468;341.811239;127.642770;43.610283;1.431510;11.599221
73570;219.164680;342.081893;122.917214;43.610283;1.431509;11.581375
73590;219.164680;342.081893;122.917214;43.610283;1.431509;11.581375
73610;219.164680;342.081893;122.917214;43.610283;1.431509;11.581375
73640;215.906346;342.081893;126.175547;43.610283;1.431509;11.581375
73660;215.906346;342.580242;126.673896;43.610283;1.431508;11.549331
73690;215.906346;342.580242;126.673896;43.610283;1.431508;11.549331
73710;215.906346;342.580242;126.673896;43.610283;1.431508;11.549331
73740;215.906346;342.580242;126.673896;43.610283;1.431508;11.549331
73760;216.747763;342.990018;126.242256;43.610283;1.431507;11.523767
73780;216.747763;342.990018;126.242256;43.610283;1.431507;11.523767
73820;216.747763;342.990018;126.242256;43.610283;1.431507;11.523767
73850;216.747763;342.990018;126.242256;43.610283;1.431507;11.523767
73870;223.540628;343.401596;119.860967;43.610283;1.431506;11.498795
73890;223.540628;343.401596;119.860967;43.610283;1.431506;11.498795
73920;223.540628;343.401596;119.860967;43.610283;1.431506;11.498795
73950;229.088210;343.401596;114.313386;43.610283;1.431506;11.498795
73980;229.088210;343.814943;114.726733;43.610283;1.431505;11.474418
74000;229.088210;343.814943;114.726733;43.610283;1.431505;11.474418
74020;229.088210;343.814943;114.726733;43.610283;1.431505;11.474418
74050;270.000002;344.322503;74.322501;43.610283;1.431503;11.445440
74070;270.000002;344.322503;74.322501;43.610283;1.431503;11.445440
74090;270.000002;344.322503;74.322501;43.610283;1.431503;11.445440
74110;270.000002;344.322503;74.322501;43.610283;1.431503;11.445440
74140;270.000002;344.322503;74.322501;43.610283;1.431503;11.445440
74170;270.000002;344.739668;74.739666;43.610283;1.431502;11.422401
74190;270.000002;344.739668;74.739666;43.610283;1.431502;11.422401
74210;270.000002;344.739668;74.739666;43.610283;1.431502;11.422401
74240;270.000002;344.739668;74.739666;43.610283;1.431502;11.422401
74260;270.000002;345.298471;75.298469;43.610283;1.431501;11.392629
74290;270.000002;345.298471;75.298469;43.610283;1.431501;11.392629
74320;270.000002;345.298471;75.298469;43.610283;1.431501;11.392629
74340;270.000002;345.298471;75.298469;43.610283;1.431501;11.392629
74370;270.000002;345.719465;75.719462;43.610283;1.431500;11.371015
74390;270.000002;345.719465;75.719462;43.610283;1.431500;11.371015
74430;270.000002;345.719465;75.719462;43.610283;1.431500;11.371015
74460;270.000002;345.719465;75.719462;43.610283;1.431500;11.371015
74480;270.000002;346.142039;76.142036;43.610283;1.431499;11.350017
74500;270.000002;346.142039;76.142036;43.610283;1.431499;11.350017
74520;270.000002;346.142039;76.142036;43.610283;1.431499;11.350017
74550;220.689180;347.001365;126.312185;43.610279;1.431498;11.744776
74570;220.689180;347.001365;126.312185;43.610279;1.431498;11.744776
74600;220.689180;347.001365;126.312185;43.610279;1.431498;11.744776
74630;220.689180;347.001365;126.312185;43.610279;1.431498;11.744776
74650;218.376677;347.412628;129.035951;43.610279;1.431497;11.725649
74670;218.376677;347.412628;129.035951;43.610279;1.431497;11.725649
74690;218.376677;347.412628;129.035951;43.610279;1.431497;11.725649
74710;218.376677;347.412628;129.035951;43.610279;1.431497;11.725649
74750;218.376677;347.412628;129.035951;43.610279;1.431497;11.725649
74770;219.164682;347.871137;128.706455;43.610279;1.431496;11.705108
74790;219.164682;347.871137;128.706455;43.610279;1.431496;11.705108
74820;219.164682;347.871137;128.706455;43.610279;1.431496;11.705108
74850;219.164682;347.871137;128.706455;43.610279;1.431496;11.705108
74880;219.935419;348.331228;128.395810;43.610279;1.431494;11.685319
74900;219.935419;348.331228;128.395810;43.610279;1.431494;11.685319
74940;219.935419;348.331228;128.395810;43.610279;1.431494;11.685319
74960;226.145842;348.746621;122.600778;43.610279;1.431493;11.668155
74980;226.145842;348.746621;122.600778;43.610279;1.431493;11.668155
75000;226.145842;348.746621;122.600778;43.610279;1.431493;11.668155
75030;226.145842;348.746621;122.600778;43.610279;1.431493;11.668155
75060;226.145842;348.746621;122.600778;43.610279;1.431493;11.668155
75080;232.211159;349.255952;117.044793;43.610279;1.431492;11.648013
75100;232.211159;349.255952;117.044793;43.610279;1.431492;11.648013
75120;232.211159;349.255952;117.044793;43.610279;1.431492;11.648013
75150;270.000002;349.767006;79.767004;43.610279;1.431491;11.628794
75180;270.000002;349.767006;79.767004;43.610279;1.431491;11.628794
75200;270.000002;349.767006;79.767004;43.610279;1.431491;11.628794
75220;270.000002;349.767006;79.767004;43.610279;1.431491;11.628794
75240;270.000002;349.767006;79.767004;43.610279;1.431491;11.628794
75270;270.000002;349.767006;79.767004;43.610279;1.431491;11.628794
75290;270.000002;350.139724;80.139721;43.610279;1.431490;11.615400
75330;270.000002;350.139724;80.139721;43.610279;1.431490;11.615400
75360;270.000002;350.560039;80.560036;43.610279;1.431489;11.600920
75380;270.000002;350.560039;80.560036;43.610279;1.431489;11.600920
75400;270.000002;350.560039;80.560036;43.610279;1.431489;11.600920
75440;270.000002;350.560039;80.560036;43.610279;1.431489;11.600920
75460;213.271631;351.434567;138.162936;43.610275;1.431487;12.001859
75490;213.271631;351.434567;138.162936;43.610275;1.431487;12.001859
75510;213.271631;351.434567;138.162936;43.610275;1.431487;12.001859
75540;213.271631;351.434567;138.162936;43.610275;1.431487;12.001859
75560;215.046652;351.888167;136.841515;43.610275;1.431486;11.987940
75580;215.046652;351.888167;136.841515;43.610275;1.431486;11.987940
75600;215.046652;351.888167;136.841515;43.610275;1.431486;11.987940
75630;215.046652;351.888167;136.841515;43.610275;1.431486;11.987940
75660;215.046652;351.888167;136.841515;43.610275;1.431486;11.987940
75680;215.046652;352.297286;137.250633;43.610275;1.431485;11.976057
75700;215.046652;352.297286;137.250633;43.610275;1.431485;11.976057
75720;215.046652;352.297286;137.250633;43.610275;1.431485;11.976057
75740;215.046652;352.297286;137.250633;43.610275;1.431485;11.976057
75780;221.426268;352.661613;131.235345;43.610275;1.431484;11.966008
75800;221.426268;352.661613;131.235345;43.610275;1.431484;11.966008
75840;227.362710;353.072194;125.709484;43.610275;1.431483;11.955282
75860;227.362710;353.072194;125.709484;43.610275;1.431483;11.955282
75890;227.362710;353.072194;125.709484;43.610275;1.431483;11.955282
75910;227.362710;353.072194;125.709484;43.610275;1.431483;11.955282
75950;227.362710;353.072194;125.709484;43.610275;1.431483;11.955282
75970;232.211160;353.483491;121.272331;43.610275;1.431482;11.945171
75990;232.211160;353.483491;121.272331;43.610275;1.431482;11.945171
76010;232.211160;353.483491;121.272331;43.610275;1.431482;11.945171
76040;270.000002;353.895464;83.895462;43.610275;1.431481;11.935676
76070;270.000002;353.895464;83.895462;43.610275;1.431481;11.935676
76090;270.000002;353.895464;83.895462;43.610275;1.431481;11.935676
76110;270.000002;353.895464;83.895462;43.610275;1.431481;11.935676
76140;270.000002;353.895464;83.895462;43.610275;1.431481;11.935676
76160;270.000002;354.399844;84.399842;43.610275;1.431479;11.924911
76180;270.000002;354.399844;84.399842;43.610275;1.431479;11.924911
76200;270.000002;354.399844;84.399842;43.610275;1.431479;11.924911
76230;270.000002;354.399844;84.399842;43.610275;1.431479;11.924911
76260;270.000002;354.399844;84.399842;43.610275;1.431479;11.924911
76280;270.000002;354.813171;84.813169;43.610275;1.431478;11.916792
76300;270.000002;354.813171;84.813169;43.610275;1.431478;11.916792
76350;270.000002;355.227040;85.227037;43.610275;1.431477;11.909294
76370;270.000002;355.227040;85.227037;43.610275;1.431477;11.909294
76390;270.000002;355.227040;85.227037;43.610275;1.431477;11.909294
76420;270.000002;355.227040;85.227037;43.610275;1.431477;11.909294
76450;270.000002;355.595344;85.595342;43.610275;1.431476;11.903151
76470;270.000002;355.595344;85.595342;43.610275;1.431476;11.903151
76490;270.000002;355.595344;85.595342;43.610275;1.431476;11.903151
76520;270.000002;355.595344;85.595342;43.610275;1.431476;11.903151
76550;270.000002;355.595344;85.595342;43.610275;1.431476;11.903151
76570;270.000002;355.964013;85.964011;43.610275;1.431475;11.897501
76590;270.000002;355.964013;85.964011;43.610275;1.431475;11.897501
76610;270.000002;355.964013;85.964011;43.610275;1.431475;11.897501
76640;270.000002;355.964013;85.964011;43.610275;1.431475;11.897501
76660;270.000002;356.333018;86.333015;43.610275;1.431474;11.892343
76690;270.000002;356.333018;86.333015;43.610275;1.431474;11.892343
76710;270.000002;356.333018;86.333015;43.610275;1.431474;11.892343
76740;270.000002;356.333018;86.333015;43.610275;1.431474;11.892343
76760;270.000003;356.794698;86.794696;43.610275;1.431473;11.886591
76780;270.000003;356.794698;86.794696;43.610275;1.431473;11.886591
76800;270.000003;356.794698;86.794696;43.610275;1.431473;11.886591
76850;270.000002;357.164346;87.164344;43.610275;1.431472;11.882545
76870;270.000002;357.164346;87.164344;43.610275;1.431472;11.882545
76890;270.000002;357.164346;87.164344;43.610275;1.431472;11.882545
76910;270.000002;357.164346;87.164344;43.610275;1.431472;11.882545
76950;270.000002;357.534230;87.534228;43.610275;1.431471;11.878994
76980;270.000002;357.534230;87.534228;43.610275;1.431471;11.878994
77000;270.000002;357.534230;87.534228;43.610275;1.431471;11.878994
77020;270.000002;357.534230;87.534228;43.610275;1.431471;11.878994
77050;270.000002;357.534230;87.534228;43.610275;1.431471;11.878994
77070;270.000002;357.904320;87.904318;43.610275;1.431470;11.875938
77090;270.000002;357.904320;87.904318;43.610275;1.431470;11.875938
77110;270.000002;357.904320;87.904318;43.610275;1.431470;11.875938
77140;270.000002;357.904320;87.904318;43.610275;1.431470;11.875938
77170;216.747768;358.378790;141.631022;43.610271;1.431469;12.297093
77190;216.747768;358.378790;141.631022;43.610271;1.431469;12.297093
77220;218.376680;358.825880;140.449200;43.610271;1.431468;12.294752
77240;218.376680;358.825880;140.449200;43.610271;1.431468;12.294752
77260;218.376680;358.825880;140.449200;43.610271;1.431468;12.294752
77290;218.376680;358.825880;140.449200;43.610271;1.431468;12.294752
77310;218.376680;358.825880;140.449200;43.610271;1.431468;12.294752
77350;212.355984;358.825880;146.469896;43.610271;1.431468;12.294752
77370;212.355984;359.228385;146.872401;43.610271;1.431467;12.293285
77390;212.355984;359.228385;146.872401;43.610271;1.431467;12.293285
77420;212.355984;359.228385;146.872401;43.610271;1.431467;12.293285
77460;212.355984;359.228385;146.872401;43.610271;1.431467;12.293285
77480;220.689183;359.675701;138.986518;43.610271;1.431466;12.292367
77500;220.689183;359.675701;138.986518;43.610271;1.431466;12.292367
77520;220.689183;359.675701;138.986518;43.610271;1.431466;12.292367
77540;220.689183;359.675701;138.986518;43.610271;1.431466;12.292367
77570;226.761149;359.675701;132.914552;43.610271;1.431466;12.292367
77610;226.761149;0.078320;133.317171;43.610271;1.431465;12.292182
77630;231.215939;0.436198;129.220259;43.610271;1.431464;12.292526
77650;231.215939;0.436198;129.220259;43.610271;1.431464;12.292526
77670;231.215939;0.436198;129.220259;43.610271;1.431464;12.292526
77690;231.215939;0.436198;129.220259;43.610271;1.431464;12.292526
77720;270.000002;0.436198;90.436196;43.610271;1.431464;12.292526
77750;270.000002;0.794043;90.794041;43.610271;1.431463;12.293351
77770;270.000002;0.794043;90.794041;43.610271;1.431463;12.293351
77790;270.000002;0.794043;90.794041;43.610271;1.431463;12.293351
77810;270.000002;0.794043;90.794041;43.610271;1.431463;12.293351
77850;270.000003;1.151826;91.151823;43.610271;1.431462;12.294654
77880;270.000003;1.151826;91.151823;43.610271;1.431462;12.294654
77900;270.000003;1.151826;91.151823;43.610271;1.431462;12.294654
77920;270.000003;1.151826;91.151823;43.610271;1.431462;12.294654
77960;324.093651;1.563444;37.469793;43.610275;1.431461;11.872415
77980;324.093651;1.563444;37.469793;43.610275;1.431461;11.872415
78000;324.093651;1.563444;37.469793;43.610275;1.431461;11.872415
78020;324.093651;1.563444;37.469793;43.610275;1.431461;11.872415
78040;324.093651;1.563444;37.469793;43.610275;1.431461;11.872415
78080;324.093651;1.933776;37.840124;43.610275;1.431460;11.874758
78100;324.093651;1.933776;37.840124;43.610275;1.431460;11.874758
78120;324.093651;1.933776;37.840124;43.610275;1.431460;11.874758
78140;324.093651;1.933776;37.840124;43.610275;1.431460;11.874758
78170;323.252235;2.350204;39.097969;43.610275;1.431459;11.877986
78190;323.252235;2.350204;39.097969;43.610275;1.431459;11.877986
78220;323.252235;2.350204;39.097969;43.610275;1.431459;11.877986
78250;323.252235;2.720156;39.467921;43.610275;1.431458;11.881383
78270;323.252235;2.720156;39.467921;43.610275;1.431458;11.881383
78290;323.252235;2.720156;39.467921;43.610275;1.431458;11.881383
78310;323.252235;2.720156;39.467921;43.610275;1.431458;11.881383
78350;315.785804;3.182273;47.396469;43.610275;1.431457;11.886324
78370;315.785804;3.182273;47.396469;43.610275;1.431457;11.886324
78400;315.785804;3.182273;47.396469;43.610275;1.431457;11.886324
78420;315.785804;3.182273;47.396469;43.610275;1.431457;11.886324
78460;313.854158;3.320830;49.466672;43.610275;1.431456;11.887957
78480;313.854158;3.320830;49.466672;43.610275;1.431456;11.887957
78500;313.854158;3.320830;49.466672;43.610275;1.431456;11.887957
78520;313.854158;3.320830;49.466672;43.610275;1.431456;11.887957
78550;313.854158;3.320830;49.466672;43.610275;1.431456;11.887957
78570;309.298391;3.690121;54.391729;43.610275;1.431455;11.892652
78600;309.298391;3.690121;54.391729;43.610275;1.431455;11.892652
78620;309.298391;3.690121;54.391729;43.610275;1.431455;11.892652
78650;270.000002;4.013000;94.012998;43.610275;1.431455;11.897165
78670;270.000002;4.013000;94.012998;43.610275;1.431455;11.897165
78690;270.000002;4.013000;94.012998;43.610275;1.431455;11.897165
78710;270.000002;4.013000;94.012998;43.610275;1.431455;11.897165
78740;270.000002;4.013000;94.012998;43.610275;1.431455;11.897165
78770;270.000002;4.427752;94.427750;43.610275;1.431454;11.903522
78790;270.000002;4.427752;94.427750;43.610275;1.431454;11.903522
78810;270.000002;4.427752;94.427750;43.610275;1.431454;11.903522
78830;270.000002;4.427752;94.427750;43.610275;1.431454;11.903522
78870;270.000002;4.842041;94.842038;43.610275;1.431453;11.910502
78890;270.000002;4.842041;94.842038;43.610275;1.431453;11.910502
78920;270.000002;4.842041;94.842038;43.610275;1.431453;11.910502
78950;270.000002;4.842041;94.842038;43.610275;1.431453;11.910502
78980;270.000002;5.163917;95.163914;43.610275;1.431452;11.916360
79000;270.000002;5.163917;95.163914;43.610275;1.431452;11.916360
79020;270.000002;5.163917;95.163914;43.610275;1.431452;11.916360
79050;270.000002;5.393629;95.393627;43.610275;1.431451;11.920775
79070;270.000002;5.393629;95.393627;43.610275;1.431451;11.920775
79090;270.000002;5.393629;95.393627;43.610275;1.431451;11.920775
79120;270.000002;5.393629;95.393627;43.610275;1.431451;11.920775
79150;322.428876;5.782625;43.353749;43.610279;1.431451;11.502352
79170;322.428876;5.782625;43.353749;43.610279;1.431451;11.502352
79190;322.428876;5.782625;43.353749;43.610279;1.431451;11.502352
79220;322.428876;5.782625;43.353749;43.610279;1.431451;11.502352
79240;327.644020;5.925282;38.281262;43.610279;1.431450;11.505289
79260;327.644020;5.925282;38.281262;43.610279;1.431450;11.505289
79290;327.644020;5.925282;38.281262;43.610279;1.431450;11.505289
79310;327.644020;5.925282;38.281262;43.610279;1.431450;11.505289
79330;327.644020;5.925282;38.281262;43.610279;1.431450;11.505289
79360;324.953350;6.067865;41.114515;43.610279;1.431450;11.508297
79390;324.953350;6.067865;41.114515;43.610279;1.431450;11.508297
79420;324.953350;6.067865;41.114515;43.610279;1.431450;11.508297
79450;324.953350;6.067865;41.114515;43.610279;1.431450;11.508297
79480;323.252236;6.162879;42.910642;43.610279;1.431450;11.510342
79510;323.252236;6.162879;42.910642;43.610279;1.431450;11.510342
79530;350.999940;6.496718;15.496778;43.610283;1.431449;11.090867
79550;350.999940;6.496718;15.496778;43.610283;1.431449;11.090867
79570;350.999940;6.496718;15.496778;43.610283;1.431449;11.090867
79590;350.999940;6.496718;15.496778;43.610283;1.431449;11.090867
79620;350.368730;6.496718;16.127988;43.610283;1.431449;11.090867
79650;350.368730;6.545976;16.177246;43.610283;1.431449;11.091957
79670;350.368730;6.545976;16.177246;43.610283;1.431449;11.091957
79690;350.368730;6.545976;16.177246;43.610283;1.431449;11.091957
79710;350.368730;6.545976;16.177246;43.610283;1.431449;11.091957
79740;350.368730;6.545976;16.177246;43.610283;1.431449;11.091957
79760;350.368730;6.545976;16.177246;43.610283;1.431449;11.091957
79780;350.368730;6.545976;16.177246;43.610283;1.431449;11.091957
79800;350.368730;6.545976;16.177246;43.610283;1.431449;11.091957
79830;350.368730;6.545976;16.177246;43.610283;1.431449;11.091957
79860;350.368730;6.545976;16.177246;43.610283;1.431449;11.091957
79880;349.739871;6.595225;16.855353;43.610283;1.431449;11.093055
79920;349.739871;6.595225;16.855353;43.610283;1.431449;11.093055
79950;349.739871;6.595225;16.855353;43.610283;1.431449;11.093055
79970;349.739871;6.595225;16.855353;43.610283;1.431449;11.093055
80000;349.739871;6.595225;16.855353;43.610283;1.431449;11.093055
80030;356.116748;6.959087;10.842339;43.610287;1.431449;10.674107
80050;356.116748;6.959087;10.842339;43.610287;1.431449;10.674107
80070;356.116748;6.959087;10.842339;43.610287;1.431449;10.674107
80090;356.116748;6.959087;10.842339;43.610287;1.431449;10.674107
80120;356.116748;6.959087;10.842339;43.610287;1.431449;10.674107
80140;354.186222;7.112450;12.926228;43.610287;1.431449;10.677634
80170;354.186222;7.112450;12.926228;43.610287;1.431449;10.677634
80190;354.186222;7.112450;12.926228;43.610287;1.431449;10.677634
80210;354.186222;7.112450;12.926228;43.610287;1.431449;10.677634
80240;351.633360;7.112450;15.479089;43.610287;1.431449;10.677634
80260;351.633360;7.316774;15.683413;43.610287;1.431448;10.682456
80280;351.633360;7.316774;15.683413;43.610287;1.431448;10.682456
80300;351.633360;7.316774;15.683413;43.610287;1.431448;10.682456
80320;351.633360;7.316774;15.683413;43.610287;1.431448;10.682456
80360;351.633360;7.316774;15.683413;43.610287;1.431448;10.682456
80380;349.113502;7.520911;18.407408;43.610287;1.431448;10.687413
80400;349.113502;7.520911;18.407408;43.610287;1.431448;10.687413
80430;349.113502;7.520911;18.407408;43.610287;1.431448;10.687413
80470;349.113502;7.520911;18.407408;43.610287;1.431448;10.687413
80490;351.633361;7.830741;16.197380;43.610291;1.431448;10.267037
80530;351.633361;7.830741;16.197380;43.610291;1.431448;10.267037
80550;350.999941;7.883795;16.883854;43.610291;1.431448;10.268349
80570;350.999941;7.883795;16.883854;43.610291;1.431448;10.268349
80590;350.999941;7.883795;16.883854;43.610291;1.431448;10.268349
80610;350.999941;7.883795;16.883854;43.610291;1.431448;10.268349
80640;350.368731;7.936835;17.568104;43.610291;1.431447;10.269670
80660;350.368731;7.936835;17.568104;43.610291;1.431447;10.269670
80690;350.368731;7.936835;17.568104;43.610291;1.431447;10.269670
80710;350.368731;7.936835;17.568104;43.610291;1.431447;10.269670
80740;350.368731;7.936835;17.568104;43.610291;1.431447;10.269670
80760;348.489756;8.095873;19.606117;43.610291;1.431447;10.273685
80780;348.489756;8.095873;19.606117;43.610291;1.431447;10.273685
80800;348.489756;8.095873;19.606117;43.610291;1.431447;10.273685
80820;348.489756;8.095873;19.606117;43.610291;1.431447;10.273685
80850;348.489756;8.095873;19.606117;43.610291;1.431447;10.273685
80880;344.809391;8.413569;23.604178;43.610291;1.431446;10.281953
80900;344.809391;8.413569;23.604178;43.610291;1.431446;10.281953
80930;350.999941;8.939367;17.939426;43.610294;1.431446;9.866971
80970;350.999941;8.939367;17.939426;43.610294;1.431446;9.866971
80990;350.999941;8.939367;17.939426;43.610294;1.431446;9.866971
81020;350.999941;8.939367;17.939426;43.610294;1.431446;9.866971
81050;350.368732;8.994413;18.625681;43.610294;1.431446;9.868467
81070;350.368732;8.994413;18.625681;43.610294;1.431446;9.868467
81090;350.368732;8.994413;18.625681;43.610294;1.431446;9.868467
81110;350.368732;8.994413;18.625681;43.610294;1.431446;9.868467
81140;348.489757;9.159451;20.669694;43.610294;1.431445;9.873010
81160;348.489757;9.159451;20.669694;43.610294;1.431445;9.873010
81180;348.489757;9.159451;20.669694;43.610294;1.431445;9.873010
81200;348.489757;9.159451;20.669694;43.610294;1.431445;9.873010
81230;348.489757;9.159451;20.669694;43.610294;1.431445;9.873010
81260;346.635539;9.324336;22.688797;43.610294;1.431445;9.877634
81280;346.635539;9.324336;22.688797;43.610294;1.431445;9.877634
81300;346.635539;9.324336;22.688797;43.610294;1.431445;9.877634
81320;346.635539;9.324336;22.688797;43.610294;1.431445;9.877634
81350;346.635539;9.324336;22.688797;43.610294;1.431445;9.877634
81370;349.739874;10.084032;20.344158;43.610298;1.431444;9.469226
81390;349.739874;10.084032;20.344158;43.610298;1.431444;9.469226
81420;349.739874;10.084032;20.344158;43.610298;1.431444;9.469226
81450;348.489757;10.198342;21.708584;43.610298;1.431444;9.472606
81490;348.489757;10.198342;21.708584;43.610298;1.431444;9.472606
81510;348.489757;10.198342;21.708584;43.610298;1.431444;9.472606
81530;348.489757;10.198342;21.708584;43.610298;1.431444;9.472606
81570;346.023550;10.426715;24.403164;43.610298;1.431444;9.479478
81590;346.023550;10.426715;24.403164;43.610298;1.431444;9.479478
81610;346.023550;10.426715;24.403164;43.610298;1.431444;9.479478
81640;344.809393;10.426715;25.617322;43.610298;1.431444;9.479478
81660;344.809393;10.540776;25.731384;43.610298;1.431443;9.482971
81680;344.809393;10.540776;25.731384;43.610298;1.431443;9.482971
81700;344.809393;10.540776;25.731384;43.610298;1.431443;9.482971
81720;344.809393;10.540776;25.731384;43.610298;1.431443;9.482971
81760;344.809393;10.540776;25.731384;43.610298;1.431443;9.482971
81780;350.368733;11.090686;20.721953;43.610302;1.431443;9.068127
81800;350.368733;11.090686;20.721953;43.610302;1.431443;9.068127
81820;350.368733;11.090686;20.721953;43.610302;1.431443;9.068127
81850;350.368733;11.090686;20.721953;43.610302;1.431443;9.068127
81870;349.739875;11.150182;21.410308;43.610302;1.431443;9.069979
81900;349.739875;11.150182;21.410308;43.610302;1.431443;9.069979
81930;349.113505;11.209655;22.096149;43.610302;1.431443;9.071839
81950;349.113505;11.209655;22.096149;43.610302;1.431443;9.071839
81970;349.113505;11.209655;22.096149;43.610302;1.431443;9.071839
82010;349.113505;11.209655;22.096149;43.610302;1.431443;9.071839
82040;346.635540;11.447297;24.811757;43.610302;1.431443;9.079381
82060;346.635540;11.447297;24.811757;43.610302;1.431443;9.079381
82090;346.635540;11.447297;24.811757;43.610302;1.431443;9.079381
82110;346.635540;11.447297;24.811757;43.610302;1.431443;9.079381
82140;346.635540;11.447297;24.811757;43.610302;1.431443;9.079381
82160;354.186224;12.128127;17.941903;43.610306;1.431442;8.668065
82180;354.186224;12.128127;17.941903;43.610306;1.431442;8.668065
82200;354.186224;12.128127;17.941903;43.610306;1.431442;8.668065
82220;354.186224;12.128127;17.941903;43.610306;1.431442;8.668065
82250;354.186224;12.128127;17.941903;43.610306;1.431442;8.668065
82280;354.828479;12.066089;17.237609;43.610306;1.431442;8.666054
82300;354.828479;12.066089;17.237609;43.610306;1.431442;8.666054
82320;354.828479;12.066089;17.237609;43.610306;1.431442;8.666054
82350;353.545431;12.190137;18.644706;43.610306;1.431442;8.670086
82370;353.545431;12.190137;18.644706;43.610306;1.431442;8.670086
82390;353.545431;12.190137;18.644706;43.610306;1.431442;8.670086
82410;353.545431;12.190137;18.644706;43.610306;1.431442;8.670086
82450;352.906255;12.190137;19.283881;43.610306;1.431442;8.670086
82470;352.906255;12.252117;19.345862;43.610306;1.431442;8.672118
82490;352.906255;12.252117;19.345862;43.610306;1.431442;8.672118
82540;352.906255;12.252117;19.345862;43.610306;1.431442;8.672118
82560;350.999943;12.437883;21.437940;43.610306;1.431442;8.678274
82590;350.999943;12.437883;21.437940;43.610306;1.431442;8.678274
82610;350.999943;12.437883;21.437940;43.610306;1.431442;8.678274
82630;350.999943;12.437883;21.437940;43.610306;1.431442;8.678274
82660;350.999943;12.437883;21.437940;43.610306;1.431442;8.678274
82680;352.906256;13.330242;20.423987;43.610310;1.431441;8.273326
82710;352.906256;13.330242;20.423987;43.610310;1.431441;8.273326
82730;349.739876;13.653187;23.913311;43.610310;1.431441;8.284522
82750;349.739876;13.653187;23.913311;43.610310;1.431441;8.284522
82780;349.739876;13.653187;23.913311;43.610310;1.431441;8.284522
82800;349.739876;13.653187;23.913311;43.610310;1.431441;8.284522
82820;349.739876;13.653187;23.913311;43.610310;1.431441;8.284522
82850;347.868766;13.846531;25.977765;43.610310;1.431440;8.291366
82870;347.868766;13.846531;25.977765;43.610310;1.431440;8.291366
82890;347.868766;13.846531;25.977765;43.610310;1.431440;8.291366
82910;347.868766;13.846531;25.977765;43.610310;1.431440;8.291366
82950;347.868766;13.846531;25.977765;43.610310;1.431440;8.291366
82970;346.635542;13.975249;27.339707;43.610310;1.431440;8.295981
82990;346.635542;13.975249;27.339707;43.610310;1.431440;8.295981
83040;349.113507;13.975249;24.861742;43.610310;1.431440;8.295981
83060;349.113507;14.921801;25.808294;43.610313;1.431440;7.892392
83080;349.113507;14.921801;25.808294;43.610313;1.431440;7.892392
83110;349.113507;14.921801;25.808294;43.610313;1.431440;7.892392
83130;349.113507;14.921801;25.808294;43.610313;1.431440;7.892392
83160;349.113507;14.921801;25.808294;43.610313;1.431440;7.892392
83180;347.250653;15.123586;27.872933;43.610313;1.431439;7.899855
83210;347.250653;15.123586;27.872933;43.610313;1.431439;7.899855
83230;344.809396;15.392036;30.582640;43.610313;1.431439;7.909958
83250;344.809396;15.392036;30.582640;43.610313;1.431439;7.909958
83280;344.809396;15.392036;30.582640;43.610313;1.431439;7.909958
83300;344.809396;15.392036;30.582640;43.610313;1.431439;7.909958
83320;344.809396;15.392036;30.582640;43.610313;1.431439;7.909958
83350;345.414801;15.324988;29.910187;43.610313;1.431439;7.907416
83370;345.414801;15.324988;29.910187;43.610313;1.431439;7.907416
83390;345.414801;15.324988;29.910187;43.610313;1.431439;7.907416
83410;345.414801;15.324988;29.910187;43.610313;1.431439;7.907416
83440;345.414801;15.324988;29.910187;43.610313;1.431439;7.907416
83470;356.116750;15.970053;19.853303;43.610317;1.431439;7.491188
83490;356.116750;15.970053;19.853303;43.610317;1.431439;7.491188
83510;356.116750;15.970053;19.853303;43.610317;1.431439;7.491188
83560;357.408963;15.828807;18.419844;43.610317;1.431440;7.485930
83580;357.408963;15.828807;18.419844;43.610317;1.431440;7.485930
83600;357.408963;15.828807;18.419844;43.610317;1.431440;7.485930
83630;357.408963;15.828807;18.419844;43.610317;1.431440;7.485930
83650;357.408963;15.828807;18.419844;43.610317;1.431440;7.485930
83680;356.116750;15.970053;19.853303;43.610317;1.431439;7.491188
83700;356.116750;15.970053;19.853303;43.610317;1.431439;7.491188
83730;353.545432;16.251946;22.706514;43.610317;1.431439;7.501842
83750;353.545432;16.251946;22.706514;43.610317;1.431439;7.501842
83770;353.545432;16.251946;22.706514;43.610317;1.431439;7.501842
83800;353.545432;16.251946;22.706514;43.610317;1.431439;7.501842
83820;353.545432;16.251946;22.706514;43.610317;1.431439;7.501842
83850;353.545432;16.251946;22.706514;43.610317;1.431439;7.501842
83870;358.703819;17.284555;18.580736;43.610321;1.431439;7.098455
83890;358.703819;17.284555;18.580736;43.610321;1.431439;7.098455
83910;358.703819;17.284555;18.580736;43.610321;1.431439;7.098455
83940;358.056143;17.358494;19.302351;43.610321;1.431439;7.101313
83960;358.056143;17.358494;19.302351;43.610321;1.431439;7.101313
83990;358.056143;17.358494;19.302351;43.610321;1.431439;7.101313
84010;358.056143;17.358494;19.302351;43.610321;1.431439;7.101313
84040;358.056143;17.358494;19.302351;43.610321;1.431439;7.101313
84080;358.703819;17.284555;18.580736;43.610321;1.431439;7.098455
84100;358.703819;17.284555;18.580736;43.610321;1.431439;7.098455
84120;358.703819;17.284555;18.580736;43.610321;1.431439;7.098455
84160;358.056143;17.358494;19.302351;43.610321;1.431439;7.101313
84180;358.056143;17.358494;19.302351;43.610321;1.431439;7.101313
84200;358.056143;17.358494;19.302351;43.610321;1.431439;7.101313
84220;358.056143;17.358494;19.302351;43.610321;1.431439;7.101313
84250;358.056143;17.358494;19.302351;43.610321;1.431439;7.101313
84270;357.408963;18.596798;21.187834;43.610325;1.431438;6.703749
84290;357.408963;18.596798;21.187834;43.610325;1.431438;6.703749
84320;357.408963;18.596798;21.187834;43.610325;1.431438;6.703749
84350;357.408963;18.596798;21.187834;43.610325;1.431438;6.703749
84370;357.408963;18.596798;21.187834;43.610325;1.431438;6.703749
84390;357.408963;18.596798;21.187834;43.610325;1.431438;6.703749
84410;357.408963;18.596798;21.187834;43.610325;1.431438;6.703749
84430;357.408963;18.596798;21.187834;43.610325;1.431438;6.703749
84460;356.116750;18.596798;22.480048;43.610325;1.431438;6.703749
84480;356.116750;18.752147;22.635397;43.610325;1.431438;6.709895
84510;356.116750;18.752147;22.635397;43.610325;1.431438;6.709895
84530;356.116750;18.752147;22.635397;43.610325;1.431438;6.709895
84560;356.116750;18.752147;22.635397;43.610325;1.431438;6.709895
84610;357.408963;19.990485;22.581522;43.610329;1.431438;6.309710
84630;354.828481;20.317404;25.488923;43.610329;1.431438;6.322937
84650;354.828481;20.317404;25.488923;43.610329;1.431438;6.322937
84680;354.828481;20.317404;25.488923;43.610329;1.431438;6.322937
84700;354.828481;20.317404;25.488923;43.610329;1.431438;6.322937
84730;353.545433;20.317404;26.771971;43.610329;1.431438;6.322937
84750;353.545433;20.480349;26.934915;43.610329;1.431437;6.329627
84770;353.545433;20.480349;26.934915;43.610329;1.431437;6.329627
84790;353.545433;20.480349;26.934915;43.610329;1.431437;6.329627
84810;353.545433;20.480349;26.934915;43.610329;1.431437;6.329627
84830;353.545433;20.480349;26.934915;43.610329;1.431437;6.329627
84870;350.999947;20.805200;29.805253;43.610329;1.431437;6.343162
84890;350.999947;20.805200;29.805253;43.610329;1.431437;6.343162
84910;350.999947;20.805200;29.805253;43.610329;1.431437;6.343162
84930;350.999947;20.805200;29.805253;43.610329;1.431437;6.343162
84960;350.999947;22.597911;31.597964;43.610332;1.431437;5.963200
84980;350.999947;22.597911;31.597964;43.610332;1.431437;5.963200
85000;350.999947;22.597911;31.597964;43.610332;1.431437;5.963200
85030;350.999947;22.597911;31.597964;43.610332;1.431437;5.963200
85050;350.999947;22.597911;31.597964;43.610332;1.431437;5.963200
85100;349.113510;22.852844;33.739334;43.610332;1.431436;5.974323
85130;349.113510;22.852844;33.739334;43.610332;1.431436;5.974323
85150;346.635547;23.191272;36.555725;43.610332;1.431436;5.989337
85180;346.635547;23.191272;36.555725;43.610332;1.431436;5.989337
85200;346.635547;23.191272;36.555725;43.610332;1.431436;5.989337
85220;346.635547;23.191272;36.555725;43.610332;1.431436;5.989337
85250;345.414806;23.191272;37.776466;43.610332;1.431436;5.989337
85270;345.414806;23.359847;37.945041;43.610332;1.431435;5.996922
85290;345.414806;23.359847;37.945041;43.610332;1.431435;5.996922
85310;345.414806;23.359847;37.945041;43.610332;1.431435;5.996922
85340;352.268853;24.988971;32.720118;43.610336;1.431436;5.605976
85370;352.268853;24.988971;32.720118;43.610336;1.431436;5.605976
85390;352.268853;24.988971;32.720118;43.610336;1.431436;5.605976
85410;352.268853;24.988971;32.720118;43.610336;1.431436;5.605976
85430;352.268853;24.988971;32.720118;43.610336;1.431436;5.605976
85450;352.268853;24.988971;32.720118;43.610336;1.431436;5.605976
85480;351.633367;25.077816;33.444449;43.610336;1.431435;5.610037
85500;351.633367;25.077816;33.444449;43.610336;1.431435;5.610037
85520;351.633367;25.077816;33.444449;43.610336;1.431435;5.610037
85550;351.633367;25.077816;33.444449;43.610336;1.431435;5.610037
85600;351.633367;25.077816;33.444449;43.610336;1.431435;5.610037
85630;352.268853;24.988971;32.720118;43.610336;1.431436;5.605976
85650;352.268853;24.988971;32.720118;43.610336;1.431436;5.605976
85670;352.268853;24.988971;32.720118;43.610336;1.431436;5.605976
85690;352.268853;24.988971;32.720118;43.610336;1.431436;5.605976
85730;352.268853;24.988971;32.720118;43.610336;1.431436;5.605976
85750;3.237555;26.577935;23.340380;43.610340;1.431436;5.207293
85770;3.237555;26.577935;23.340380;43.610340;1.431436;5.207293
85790;3.237555;26.577935;23.340380;43.610340;1.431436;5.207293
85810;3.237555;26.577935;23.340380;43.610340;1.431436;5.207293
85840;3.883249;26.577935;22.694686;43.610340;1.431436;5.207293
85860;3.883249;26.483414;22.600165;43.610340;1.431436;5.203006
85880;3.883249;26.483414;22.600165;43.610340;1.431436;5.203006
85900;3.883249;26.483414;22.600165;43.610340;1.431436;5.203006
85920;3.883249;26.483414;22.600165;43.610340;1.431436;5.203006
85960;3.883249;26.483414;22.600165;43.610340;1.431436;5.203006
85980;358.703819;27.235211;28.531391;43.610340;1.431435;5.237697
86000;358.703819;27.235211;28.531391;43.610340;1.431435;5.237697
86020;358.703819;27.235211;28.531391;43.610340;1.431435;5.237697
86050;358.703819;27.235211;28.531391;43.610340;1.431435;5.237697
86090;358.703819;27.235211;28.531391;43.610340;1.431435;5.237697
86120;358.703819;27.235211;28.531391;43.610340;1.431435;5.237697
86150;357.408964;29.620555;32.211591;43.610344;1.431435;4.869159
86170;357.408964;29.620555;32.211591;43.610344;1.431435;4.869159
86190;357.408964;29.620555;32.211591;43.610344;1.431435;4.869159
86210;357.408964;29.620555;32.211591;43.610344;1.431435;4.869159
86240;356.762446;29.718637;32.956191;43.610344;1.431435;4.873910
86260;356.762446;29.718637;32.956191;43.610344;1.431435;4.873910
86280;356.762446;29.718637;32.956191;43.610344;1.431435;4.873910
86310;356.762446;29.718637;32.956191;43.610344;1.431435;4.873910
86330;356.762446;29.718637;32.956191;43.610344;1.431435;4.873910
86350;356.762446;29.718637;32.956191;43.610344;1.431435;4.873910
86380;356.762446;29.718637;32.956191;43.610344;1.431435;4.873910
86400;356.762446;29.718637;32.956191;43.610344;1.431435;4.873910
86420;356.762446;29.718637;32.956191;43.610344;1.431435;4.873910
86450;356.762446;29.718637;32.956191;43.610344;1.431435;4.873910
86470;356.116752;29.816526;33.699775;43.610344;1.431435;4.878675
86500;356.116752;29.816526;33.699775;43.610344;1.431435;4.878675
86520;356.116752;29.816526;33.699775;43.610344;1.431435;4.878675
86550;358.056144;32.493626;34.437482;43.610348;1.431435;4.515579
86590;358.056144;32.493626;34.437482;43.610348;1.431435;4.515579
86610;358.056144;32.493626;34.437482;43.610348;1.431435;4.515579
86630;358.056144;32.493626;34.437482;43.610348;1.431435;4.515579
86670;357.408964;32.596223;35.187259;43.610348;1.431435;4.520743
86690;357.408964;32.596223;35.187259;43.610348;1.431435;4.520743
86710;357.408964;32.596223;35.187259;43.610348;1.431435;4.520743
86740;356.762446;32.596223;35.833777;43.610348;1.431435;4.520743
86760;356.762446;32.698585;35.936140;43.610348;1.431435;4.525920
86780;356.762446;32.698585;35.936140;43.610348;1.431435;4.525920
86800;356.762446;32.698585;35.936140;43.610348;1.431435;4.525920
86820;356.762446;32.698585;35.936140;43.610348;1.431435;4.525920
86850;356.762446;32.698585;35.936140;43.610348;1.431435;4.525920
86880;357.408964;32.596223;35.187259;43.610348;1.431435;4.520743
86900;357.408964;32.596223;35.187259;43.610348;1.431435;4.520743
86930;357.408964;32.596223;35.187259;43.610348;1.431435;4.520743
86950;0.648173;35.523110;34.874937;43.610352;1.431435;4.158464
86970;0.648173;35.523110;34.874937;43.610352;1.431435;4.158464
86990;0.648173;35.523110;34.874937;43.610352;1.431435;4.158464
87010;0.648173;35.523110;34.874937;43.610352;1.431435;4.158464
87050;358.056144;35.523110;37.466966;43.610352;1.431435;4.158464
87070;358.056144;35.951304;37.895161;43.610352;1.431435;4.180887
87110;358.056144;35.951304;37.895161;43.610352;1.431435;4.180887
87130;358.056144;35.951304;37.895161;43.610352;1.431435;4.180887
87160;357.408964;36.057634;38.648670;43.610352;1.431434;4.186529
87190;357.408964;36.057634;38.648670;43.610352;1.431434;4.186529
87210;357.408964;36.057634;38.648670;43.610352;1.431434;4.186529
87240;357.408964;36.057634;38.648670;43.610352;1.431434;4.186529
87260;355.472044;36.374907;40.902863;43.610352;1.431434;4.203541
87280;355.472044;36.374907;40.902863;43.610352;1.431434;4.203541
87300;355.472044;36.374907;40.902863;43.610352;1.431434;4.203541
87320;355.472044;36.374907;40.902863;43.610352;1.431434;4.203541
87350;354.186229;40.426261;46.240032;43.610355;1.431434;3.888808
87380;354.186229;40.426261;46.240032;43.610355;1.431434;3.888808
87400;354.186229;40.426261;46.240032;43.610355;1.431434;3.888808
87420;354.186229;40.426261;46.240032;43.610355;1.431434;3.888808
87450;354.186229;40.426261;46.240032;43.610355;1.431434;3.888808
87470;352.268856;40.747646;48.478790;43.610355;1.431433;3.907541
87490;352.268856;40.747646;48.478790;43.610355;1.431433;3.907541
87510;352.268856;40.747646;48.478790;43.610355;1.431433;3.907541
87530;352.268856;40.747646;48.478790;43.610355;1.431433;3.907541
87570;351.633370;40.854090;49.220720;43.610355;1.431433;3.913812
87610;351.633370;40.854090;49.220720;43.610355;1.431433;3.913812
87630;351.633370;40.854090;49.220720;43.610355;1.431433;3.913812
87660;351.633370;40.854090;49.220720;43.610355;1.431433;3.913812
87680;350.368741;41.065955;50.697214;43.610355;1.431433;3.926396
87710;350.368741;41.065955;50.697214;43.610355;1.431433;3.926396
87740;350.368741;41.065955;50.697214;43.610355;1.431433;3.926396
87760;352.906262;45.696323;52.790062;43.610359;1.431433;3.631048
87780;352.906262;45.696323;52.790062;43.610359;1.431433;3.631048
87800;352.906262;45.696323;52.790062;43.610359;1.431433;3.631048
87820;352.906262;45.696323;52.790062;43.610359;1.431433;3.631048
87840;352.906262;45.696323;52.790062;43.610359;1.431433;3.631048
87870;351.633370;45.696323;54.062953;43.610359;1.431433;3.631048
87900;351.633370;45.907080;54.273710;43.610359;1.431432;3.644810
87920;351.633370;45.907080;54.273710;43.610359;1.431432;3.644810
87950;350.368742;45.907080;55.538338;43.610359;1.431432;3.644810
87970;350.368742;46.116249;55.747507;43.610359;1.431432;3.658620
87990;350.368742;46.116249;55.747507;43.610359;1.431432;3.658620
88010;350.368742;46.116249;55.747507;43.610359;1.431432;3.658620
88040;349.739884;46.220242;56.480358;43.610359;1.431432;3.665544
88070;349.739884;46.220242;56.480358;43.610359;1.431432;3.665544
88110;349.739884;46.220242;56.480358;43.610359;1.431432;3.665544
88130;349.739884;46.220242;56.480358;43.610359;1.431432;3.665544
88160;354.828484;51.510781;56.682296;43.610363;1.431432;3.393448
88180;354.828484;51.510781;56.682296;43.610363;1.431432;3.393448
88200;354.828484;51.510781;56.682296;43.610363;1.431432;3.393448
88230;354.828484;51.510781;56.682296;43.610363;1.431432;3.393448
88250;354.828484;51.510781;56.682296;43.610363;1.431432;3.393448
88280;351.633371;52.009514;60.376143;43.610363;1.431431;3.431139
88300;351.633371;52.009514;60.376143;43.610363;1.431431;3.431139
88330;351.633371;52.009514;60.376143;43.610363;1.431431;3.431139
88350;348.489770;52.497373;64.007603;43.610363;1.431431;3.469085
88370;348.489770;52.497373;64.007603;43.610363;1.431431;3.469085
88390;348.489770;52.497373;64.007603;43.610363;1.431431;3.469085
88420;348.489770;52.497373;64.007603;43.610363;1.431431;3.469085
88450;347.250664;52.497373;65.246709;43.610363;1.431431;3.469085
88470;347.250664;52.689535;65.438871;43.610363;1.431431;3.484332
88490;347.250664;52.689535;65.438871;43.610363;1.431431;3.484332
88510;347.250664;52.689535;65.438871;43.610363;1.431431;3.484332
88540;347.250664;52.689535;65.438871;43.610363;1.431431;3.484332
88560;344.207457;53.162644;68.955187;43.610363;1.431430;3.522620
88610;344.207457;53.162644;68.955187;43.610363;1.431430;3.522620
88630;344.207457;53.162644;68.955187;43.610363;1.431430;3.522620
88660;344.207457;53.162644;68.955187;43.610363;1.431430;3.522620
88680;346.023566;59.433208;73.409643;43.610367;1.431430;3.318890
88700;346.023566;59.433208;73.409643;43.610367;1.431430;3.318890
88720;346.023566;59.433208;73.409643;43.610367;1.431430;3.318890
88760;343.609064;59.766919;76.157855;43.610367;1.431429;3.352002
88780;343.609064;59.766919;76.157855;43.610367;1.431429;3.352002
88800;343.609064;59.766919;76.157855;43.610367;1.431429;3.352002
88830;342.423330;59.931311;77.507981;43.610367;1.431429;3.368600
88850;342.423330;59.931311;77.507981;43.610367;1.431429;3.368600
88870;342.423330;59.931311;77.507981;43.610367;1.431429;3.368600
88890;342.423330;59.931311;77.507981;43.610367;1.431429;3.368600
88920;342.423330;59.931311;77.507981;43.610367;1.431429;3.368600
88950;342.423330;59.931311;77.507981;43.610367;1.431429;3.368600
88970;325.831570;60.174880;94.343310;43.610367;1.431428;3.393549
88990;325.831570;60.174880;94.343310;43.610367;1.431428;3.393549
89010;325.831570;60.174880;94.343310;43.610367;1.431428;3.393549
89040;350.999953;60.174880;69.174928;43.610367;1.431428;3.393549
89060;350.999953;66.838030;75.838077;43.610371;1.431428;3.212610
89110;350.999953;66.838030;75.838077;43.610371;1.431428;3.212610
89140;350.368744;66.905172;76.536428;43.610371;1.431428;3.221436
89160;350.368744;66.905172;76.536428;43.610371;1.431428;3.221436
89180;350.368744;66.905172;76.536428;43.610371;1.431428;3.221436
89200;350.368744;66.905172;76.536428;43.610371;1.431428;3.221436
89220;350.368744;66.905172;76.536428;43.610371;1.431428;3.221436
89250;349.113517;66.905172;77.791655;43.610371;1.431428;3.221436
89280;349.113517;67.038357;77.924840;43.610371;1.431428;3.239101
89300;349.113517;67.038357;77.924840;43.610371;1.431428;3.239101
89330;349.113517;67.038357;77.924840;43.610371;1.431428;3.239101
89350;349.113517;67.038357;77.924840;43.610371;1.431428;3.239101
89370;349.113517;67.038357;77.924840;43.610371;1.431428;3.239101
89390;349.113517;67.038357;77.924840;43.610371;1.431428;3.239101
89410;349.113517;67.038357;77.924840;43.610371;1.431428;3.239101
89450;357.408965;74.280132;76.871166;43.610374;1.431428;3.098340
89470;357.408965;74.280132;76.871166;43.610374;1.431428;3.098340
89490;357.408965;74.280132;76.871166;43.610374;1.431428;3.098340
89510;357.408965;74.280132;76.871166;43.610374;1.431428;3.098340
89540;357.408965;74.280132;76.871166;43.610374;1.431428;3.098340
89560;355.472046;74.423110;78.951064;43.610374;1.431428;3.126065
89620;352.906263;74.423110;81.516847;43.610374;1.431428;3.126065
89640;352.906263;74.609848;81.703585;43.610374;1.431427;3.163062
89660;352.906263;74.609848;81.703585;43.610374;1.431427;3.163062
89680;352.906263;74.609848;81.703585;43.610374;1.431427;3.163062
89700;352.906263;74.609848;81.703585;43.610374;1.431427;3.163062
89730;352.906263;74.609848;81.703585;43.610374;1.431427;3.163062
89750;349.739887;74.837212;85.097326;43.610374;1.431427;3.209355
89770;349.739887;74.837212;85.097326;43.610374;1.431427;3.209355
89800;349.739887;74.837212;85.097326;43.610374;1.431427;3.209355
89820;349.739887;74.837212;85.097326;43.610374;1.431427;3.209355
89850;349.739887;74.837212;85.097325;43.610374;1.431427;3.209355
89870;349.739887;82.456776;92.716889;43.610378;1.431426;3.163392
89890;349.739887;82.456776;92.716889;43.610378;1.431426;3.163392
89910;349.739887;82.456776;92.716889;43.610378;1.431426;3.163392
89930;349.739887;82.456776;92.716889;43.610378;1.431426;3.163392
89970;348.489772;82.502143;94.012370;43.610378;1.431426;3.182422
89990;348.489772;82.502143;94.012370;43.610378;1.431426;3.182422
90010;348.489772;82.502143;94.012370;43.610378;1.431426;3.182422
90030;348.489772;82.502143;94.012370;43.610378;1.431426;3.182422
90060;348.489772;82.502143;94.012370;43.610378;1.431426;3.182422
90080;347.250667;82.546970;95.296303;43.610378;1.431426;3.201454
90130;347.250667;82.546970;95.296303;43.610378;1.431426;3.201454
90150;347.250667;82.546970;95.296303;43.610378;1.431426;3.201454
90180;352.906264;90.159257;97.252993;43.610382;1.431425;3.203212
90200;352.906264;90.159257;97.252993;43.610382;1.431425;3.203212
90220;352.906264;90.159257;97.252993;43.610382;1.431425;3.203212
90250;351.633374;90.159257;98.525884;43.610382;1.431425;3.203212
90270;351.633374;90.158308;98.524935;43.610382;1.431425;3.222407
90290;351.633374;90.158308;98.524935;43.610382;1.431425;3.222407
90320;351.633374;90.158308;98.524935;43.610382;1.431425;3.222407
90350;349.113519;90.156444;101.042925;43.610382;1.431424;3.260797
90370;349.113519;90.156444;101.042925;43.610382;1.431424;3.260797
90390;349.113519;90.156444;101.042925;43.610382;1.431424;3.260797
90410;349.113519;90.156444;101.042925;43.610382;1.431424;3.260797
90430;349.113519;90.156444;101.042925;43.610382;1.431424;3.260797
90460;348.489774;97.372354;108.882581;43.610386;1.431423;3.375064
90490;348.489774;97.372354;108.882581;43.610386;1.431423;3.375064
90510;348.489774;97.372354;108.882581;43.610386;1.431423;3.375064
90530;348.489774;97.372354;108.882581;43.610386;1.431423;3.375064
90560;348.489774;97.372354;108.882581;43.610386;1.431423;3.375064
90580;344.809414;97.249001;112.439587;43.610386;1.431423;3.432182
90640;344.809414;97.249001;112.439587;43.610386;1.431423;3.432182
90660;324.953398;97.014216;132.060818;43.610386;1.431421;3.546462
90680;324.953398;97.014216;132.060818;43.610386;1.431421;3.546462
90700;324.953398;97.014216;132.060818;43.610386;1.431421;3.546462
90720;324.953398;97.014216;132.060818;43.610386;1.431421;3.546462
90750;327.644066;97.014216;129.370150;43.610386;1.431421;3.546462
90770;327.644066;96.995332;129.351266;43.610386;1.431421;3.555988
90800;327.644066;96.995332;129.351266;43.610386;1.431421;3.555988
90820;327.644066;96.995332;129.351266;43.610386;1.431421;3.555988
90840;327.644066;96.995332;129.351266;43.610386;1.431421;3.555988
90870;322.428925;96.884119;134.455194;43.610386;1.431420;3.613151
90890;322.428925;96.884119;134.455194;43.610386;1.431420;3.613151
90910;322.428925;96.884119;134.455194;43.610386;1.431420;3.613151
90940;324.953400;96.884119;131.930719;43.610386;1.431420;3.613151
90970;324.953400;103.235747;138.282347;43.610390;1.431420;3.744147
90990;324.953400;103.235747;138.282347;43.610390;1.431420;3.744147
91020;325.831580;103.069684;137.238104;43.610390;1.431419;3.790876
91040;325.831580;103.069684;137.238104;43.610390;1.431419;3.790876
91060;325.831580;103.069684;137.238104;43.610390;1.431419;3.790876
91080;325.831580;103.069684;137.238104;43.610390;1.431419;3.790876
91140;325.831580;103.069684;137.238104;43.610390;1.431419;3.790876
91160;324.093703;103.004400;138.910697;43.610390;1.431419;3.809576
91180;324.093703;103.004400;138.910697;43.610390;1.431419;3.809576
91200;324.093703;103.004400;138.910697;43.610390;1.431419;3.809576
91220;324.093703;103.004400;138.910697;43.610390;1.431419;3.809576
91260;320.835371;102.875736;142.040364;43.610390;1.431418;3.846992
91280;320.835371;102.875736;142.040364;43.610390;1.431418;3.846992
91300;320.835371;102.875736;142.040364;43.610390;1.431418;3.846992
91320;320.835371;102.875736;142.040364;43.610390;1.431418;3.846992
91350;346.635560;102.875736;116.240176;43.610390;1.431418;3.846992
91370;346.635560;108.686977;122.051417;43.610394;1.431418;3.999493
91390;346.635560;108.686977;122.051417;43.610394;1.431418;3.999493
91410;346.635560;108.686977;122.051417;43.610394;1.431418;3.999493
91450;343.609070;108.686977;125.077906;43.610394;1.431418;3.999493
91470;343.609070;108.469191;124.860121;43.610394;1.431417;4.044980
91490;343.609070;108.469191;124.860121;43.610394;1.431417;4.044980
91510;343.609070;108.469191;124.860121;43.610394;1.431417;4.044980
91530;343.609070;108.469191;124.860121;43.610394;1.431417;4.044980
91560;341.836181;108.469191;126.633011;43.610394;1.431417;4.044980
91590;341.836181;108.340856;126.504676;43.610394;1.431417;4.072300
91640;341.836181;108.340856;126.504676;43.610394;1.431417;4.072300
91660;341.252946;108.298460;127.045514;43.610394;1.431417;4.081411
91680;341.252946;108.298460;127.045514;43.610394;1.431417;4.081411
91700;341.252946;108.298460;127.045514;43.610394;1.431417;4.081411
91730;341.252946;108.298460;127.045514;43.610394;1.431417;4.081411
91760;348.489776;108.298460;119.808684;43.610394;1.431417;4.081411
91780;348.489776;113.497867;125.008091;43.610397;1.431416;4.277751
91800;348.489776;113.497867;125.008091;43.610397;1.431416;4.277751
91830;348.489776;113.497867;125.008091;43.610397;1.431416;4.277751
91850;346.635561;113.345047;126.709486;43.610397;1.431416;4.304171
91880;346.635561;113.345047;126.709486;43.610397;1.431416;4.304171
91900;346.635561;113.345047;126.709486;43.610397;1.431416;4.304171
91920;346.635561;113.345047;126.709486;43.610397;1.431416;4.304171
91940;346.635561;113.345047;126.709486;43.610397;1.431416;4.304171
91970;343.014331;113.345047;130.330716;43.610397;1.431416;4.304171
91990;343.014331;113.044972;130.030641;43.610397;1.431415;4.357102
92020;343.014331;113.044972;130.030641;43.610397;1.431415;4.357102
92050;325.831583;112.703982;146.872399;43.610397;1.431414;4.419002
92070;325.831583;112.703982;146.872399;43.610397;1.431414;4.419002
92090;325.831583;112.703982;146.872399;43.610397;1.431414;4.419002
92140;343.014332;117.255949;134.241617;43.610401;1.431414;4.650513
92160;343.014332;117.255949;134.241617;43.610401;1.431414;4.650513
92190;343.014332;117.255949;134.241617;43.610401;1.431414;4.650513
92210;343.014332;117.255949;134.241617;43.610401;1.431414;4.650513
92240;340.098562;117.255949;137.157387;43.610401;1.431414;4.650513
92260;340.098562;116.987651;136.889088;43.610401;1.431413;4.693224
92280;340.098562;116.987651;136.889088;43.610401;1.431413;4.693224
92300;340.098562;116.987651;136.889088;43.610401;1.431413;4.693224
92320;340.098562;116.987651;136.889088;43.610401;1.431413;4.693224
92360;327.644073;116.934576;149.290504;43.610401;1.431413;4.701779
92380;327.644073;116.934576;149.290504;43.610401;1.431413;4.701779
92400;327.644073;116.934576;149.290504;43.610401;1.431413;4.701779
92420;327.644073;116.934576;149.290504;43.610401;1.431413;4.701779
92440;327.644073;116.934576;149.290504;43.610401;1.431413;4.701779
92470;327.644073;116.934576;149.290504;43.610401;1.431413;4.701779
92500;326.728425;116.724197;149.995772;43.610401;1.431412;4.736037
92520;326.728425;116.724197;149.995772;43.610401;1.431412;4.736037
92550;347.868785;120.949835;133.081050;43.610405;1.431412;4.966003
92570;347.868785;120.949835;133.081050;43.610405;1.431412;4.966003
92590;347.868785;120.949835;133.081050;43.610405;1.431412;4.966003
92650;346.023574;120.779835;134.756261;43.610405;1.431412;4.990718
92670;346.023574;120.779835;134.756261;43.610405;1.431412;4.990718
92690;346.023574;120.779835;134.756261;43.610405;1.431412;4.990718
92710;346.023574;120.779835;134.756261;43.610405;1.431412;4.990718
92730;346.023574;120.779835;134.756261;43.610405;1.431412;4.990718
92760;344.809418;120.779835;135.970416;43.610405;1.431412;4.990718
92780;344.809418;120.667434;135.858016;43.610405;1.431412;5.007219
92810;344.809418;120.667434;135.858016;43.610405;1.431412;5.007219
92830;344.809418;120.667434;135.858016;43.610405;1.431412;5.007219
92860;344.809418;120.667434;135.858016;43.610405;1.431412;5.007219
92880;345.414823;120.723542;135.308719;43.610405;1.431412;4.998966
92910;345.414823;120.723542;135.308719;43.610405;1.431412;4.998966
92930;349.739892;124.190763;134.450871;43.610409;1.431411;5.299631
92960;349.739892;124.190763;134.450871;43.610409;1.431411;5.299631
92980;349.739892;124.190763;134.450871;43.610409;1.431411;5.299631
93000;349.739892;124.190763;134.450871;43.610409;1.431411;5.299631
93030;348.489778;124.190763;135.700985;43.610409;1.431411;5.299631
93050;348.489778;124.074494;135.584716;43.610409;1.431410;5.315519
93070;348.489778;124.074494;135.584716;43.610409;1.431410;5.315519
93090;348.489778;124.074494;135.584716;43.610409;1.431410;5.315519
93150;348.489778;124.074494;135.584716;43.610409;1.431410;5.315519
93170;344.207469;123.672976;139.465507;43.610409;1.431409;5.371300
93190;344.207469;123.672976;139.465507;43.610409;1.431409;5.371300
93210;344.207469;123.672976;139.465507;43.610409;1.431409;5.371300
93230;344.207469;123.672976;139.465507;43.610409;1.431409;5.371300
93270;341.836185;123.447266;141.611081;43.610409;1.431409;5.403291
93290;341.836185;123.447266;141.611081;43.610409;1.431409;5.403291
93310;341.836185;123.447266;141.611081;43.610409;1.431409;5.403291
93330;341.836185;123.447266;141.611081;43.610409;1.431409;5.403291
93360;343.014335;123.447266;140.432931;43.610409;1.431409;5.403291
93380;343.014335;126.748658;143.734323;43.610413;1.431408;5.686561
93400;343.014335;126.748658;143.734323;43.610413;1.431408;5.686561
93430;343.014335;126.748658;143.734323;43.610413;1.431408;5.686561
93460;341.252952;126.748658;145.495707;43.610413;1.431408;5.686561
93480;341.252952;126.575788;145.322836;43.610413;1.431408;5.709658
93500;341.252952;126.575788;145.322836;43.610413;1.431408;5.709658
93520;341.252952;126.575788;145.322836;43.610413;1.431408;5.709658
93550;339.527562;126.575788;147.048226;43.610413;1.431408;5.709658
93580;339.527562;126.404313;146.876751;43.610413;1.431408;5.732806
93600;339.527562;126.404313;146.876751;43.610413;1.431408;5.732806
93650;327.644077;126.177824;158.533747;43.610413;1.431407;5.763749
93670;327.644077;126.177824;158.533747;43.610413;1.431407;5.763749
93690;327.644077;126.177824;158.533747;43.610413;1.431407;5.763749
93720;327.644077;126.177824;158.533747;43.610413;1.431407;5.763749
93750;348.489780;126.177824;137.688044;43.610413;1.431407;5.763749
93770;348.489780;129.262877;140.773098;43.610416;1.431407;6.046140
93790;348.489780;129.262877;140.773098;43.610416;1.431407;6.046140
93810;348.489780;129.262877;140.773098;43.610416;1.431407;6.046140
93830;348.489780;129.262877;140.773098;43.610416;1.431407;6.046140
93860;346.635565;129.090829;142.455265;43.610416;1.431406;6.068461
93890;346.635565;129.090829;142.455265;43.610416;1.431406;6.068461
93910;346.635565;129.090829;142.455265;43.610416;1.431406;6.068461
93930;346.635565;129.090829;142.455265;43.610416;1.431406;6.068461
93960;346.635565;129.090829;142.455265;43.610416;1.431406;6.068461
93980;346.635565;129.090829;142.455265;43.610416;1.431406;6.068461
94000;346.635565;129.090829;142.455265;43.610416;1.431406;6.068461
94030;344.809421;129.090829;144.281408;43.610416;1.431406;6.068461
94060;344.809421;128.920044;144.110623;43.610416;1.431406;6.090835
94080;344.809421;128.920044;144.110623;43.610416;1.431406;6.090835
94100;344.809421;128.920044;144.110623;43.610416;1.431406;6.090835
94150;344.809421;128.920044;144.110623;43.610416;1.431406;6.090835
94170;351.633379;131.662002;140.028623;43.610420;1.431406;6.394506
94200;351.633379;131.662002;140.028623;43.610420;1.431406;6.394506
94220;351.633379;131.662002;140.028623;43.610420;1.431406;6.394506
94240;351.633379;131.662002;140.028623;43.610420;1.431406;6.394506
94270;349.739894;131.491084;141.751189;43.610420;1.431405;6.416045
94290;349.739894;131.491084;141.751189;43.610420;1.431405;6.416045
94320;349.739894;131.491084;141.751189;43.610420;1.431405;6.416045
94350;347.868788;131.321311;143.452523;43.610420;1.431405;6.437641
94370;347.868788;131.321311;143.452523;43.610420;1.431405;6.437641
94390;347.868788;131.321311;143.452523;43.610420;1.431405;6.437641
94410;347.868788;131.321311;143.452523;43.610420;1.431405;6.437641
94440;350.368752;131.321311;140.952559;43.610420;1.431405;6.437641
94460;350.368752;133.753589;143.384837;43.610424;1.431404;6.759846
94480;350.368752;133.753589;143.384837;43.610424;1.431404;6.759846
94510;350.368752;133.753589;143.384837;43.610424;1.431404;6.759846
94530;350.368752;133.753589;143.384837;43.610424;1.431404;6.759846
94560;347.868789;133.529481;145.660693;43.610424;1.431404;6.787628
94580;347.868789;133.529481;145.660693;43.610424;1.431404;6.787628
94600;347.868789;133.529481;145.660693;43.610424;1.431404;6.787628
94660;346.023578;133.362603;147.339024;43.610424;1.431404;6.808532
94680;346.023578;133.362603;147.339024;43.610424;1.431404;6.808532
94700;346.023578;133.362603;147.339024;43.610424;1.431404;6.808532
94720;346.023578;133.362603;147.339024;43.610424;1.431404;6.808532
94750;344.207473;133.362603;149.155130;43.610424;1.431404;6.808532
94770;344.207473;133.196747;148.989274;43.610424;1.431403;6.829493
94790;344.207473;133.196747;148.989274;43.610424;1.431403;6.829493
94830;347.868789;133.196747;145.327958;43.610424;1.431403;6.829493
94850;347.868789;135.463629;147.594839;43.610428;1.431403;7.153428
94870;347.868789;135.463629;147.594839;43.610428;1.431403;7.153428
94890;347.868789;135.463629;147.594839;43.610428;1.431403;7.153428
94920;347.868789;135.463629;147.594839;43.610428;1.431403;7.153428
94940;345.414828;135.245271;149.830443;43.610428;1.431402;7.180406
94970;345.414828;135.245271;149.830443;43.610428;1.431402;7.180406
94990;345.414828;135.245271;149.830443;43.610428;1.431402;7.180406
95010;345.414828;135.245271;149.830443;43.610428;1.431402;7.180406
95030;345.414828;135.245271;149.830443;43.610428;1.431402;7.180406
95060;343.014339;135.028552;152.014213;43.610428;1.431402;7.207487
95080;343.014339;135.028552;152.014213;43.610428;1.431402;7.207487
95100;343.014339;135.028552;152.014213;43.610428;1.431402;7.207487
95150;343.014339;135.028552;152.014213;43.610428;1.431402;7.207487
95180;349.739896;137.100778;147.360882;43.610432;1.431401;7.539637
95200;349.739896;137.100778;147.360882;43.610432;1.431401;7.539637
95220;349.739896;137.100778;147.360882;43.610432;1.431401;7.539637
95250;347.250678;137.100778;149.850100;43.610432;1.431401;7.539637
95280;347.250678;136.887803;149.637126;43.610432;1.431401;7.565822
95300;347.250678;136.887803;149.637126;43.610432;1.431401;7.565822
95320;347.250678;136.887803;149.637126;43.610432;1.431401;7.565822
95350;344.207475;136.623654;152.416179;43.610432;1.431400;7.598699
95370;344.207475;136.623654;152.416179;43.610432;1.431400;7.598699
95390;344.207475;136.623654;152.416179;43.610432;1.431400;7.598699
95410;344.207475;136.623654;152.416179;43.610432;1.431400;7.598699
95440;344.207475;136.623654;152.416179;43.610432;1.431400;7.598699
95470;341.252957;136.361786;155.108828;43.610432;1.431400;7.631736
95490;341.252957;136.361786;155.108828;43.610432;1.431400;7.631736
95510;341.252957;136.361786;155.108828;43.610432;1.431400;7.631736
95530;341.252957;136.361786;155.108828;43.610432;1.431400;7.631736
95560;324.953418;136.102180;171.148762;43.610432;1.431399;7.664931
95590;324.953418;136.102180;171.148762;43.610432;1.431399;7.664931
95610;324.953418;136.102180;171.148762;43.610432;1.431399;7.664931
95660;346.023581;138.266869;152.243288;43.610435;1.431399;7.969615
95680;346.023581;138.266869;152.243288;43.610435;1.431399;7.969615
95710;346.023581;138.266869;152.243288;43.610435;1.431399;7.969615
95740;344.809426;138.164051;153.354625;43.610435;1.431399;7.982405
95760;344.809426;138.164051;153.354625;43.610435;1.431399;7.982405
95780;344.809426;138.164051;153.354625;43.610435;1.431399;7.982405
95800;344.809426;138.164051;153.354625;43.610435;1.431399;7.982405
95830;342.423348;138.164051;155.740703;43.610435;1.431399;7.982405
95850;342.423348;137.959403;155.536054;43.610435;1.431398;8.008062
95870;342.423348;137.959403;155.536054;43.610435;1.431398;8.008062
95900;342.423348;137.959403;155.536054;43.610435;1.431398;8.008062
95920;342.423348;137.959403;155.536054;43.610435;1.431398;8.008062
95940;342.423348;137.959403;155.536054;43.610435;1.431398;8.008062
95970;340.673726;137.806776;157.133050;43.610435;1.431398;8.027372
95990;340.673726;137.806776;157.133050;43.610435;1.431398;8.027372
96010;340.673726;137.806776;157.133050;43.610435;1.431398;8.027372
96030;340.673726;137.806776;157.133050;43.610435;1.431398;8.027372
96070;353.545445;139.662386;146.116941;43.610439;1.431398;8.358912
96090;353.545445;139.662386;146.116941;43.610439;1.431398;8.358912
96110;353.545445;139.662386;146.116941;43.610439;1.431398;8.358912
96160;352.268866;139.562244;147.293378;43.610439;1.431398;8.371350
96190;352.268866;139.562244;147.293378;43.610439;1.431398;8.371350
96210;352.268866;139.562244;147.293378;43.610439;1.431398;8.371350
96240;352.268866;139.562244;147.293378;43.610439;1.431398;8.371350
96260;352.268866;139.562244;147.293378;43.610439;1.431398;8.371350
96280;352.268866;139.562244;147.293378;43.610439;1.431398;8.371350
96300;352.268866;139.562244;147.293378;43.610439;1.431398;8.371350
96320;352.268866;139.562244;147.293378;43.610439;1.431398;8.371350
96360;354.186237;141.128679;146.942442;43.610443;1.431397;8.728582
96380;354.186237;141.128679;146.942442;43.610443;1.431397;8.728582
96400;354.186237;141.128679;146.942442;43.610443;1.431397;8.728582
96420;354.186237;141.128679;146.942442;43.610443;1.431397;8.728582
96440;354.186237;141.128679;146.942442;43.610443;1.431397;8.728582
96470;352.268867;140.981836;148.712969;43.610443;1.431397;8.746680
96490;352.268867;140.981836;148.712969;43.610443;1.431397;8.746680
96510;352.268867;140.981836;148.712969;43.610443;1.431397;8.746680
96550;352.268867;140.981836;148.712969;43.610443;1.431397;8.746680
96570;349.739898;140.786990;151.047092;43.610443;1.431396;8.770900
96590;349.739898;140.786990;151.047092;43.610443;1.431396;8.770900
96610;349.739898;140.786990;151.047092;43.610443;1.431396;8.770900
96670;344.809428;140.400519;155.591091;43.610443;1.431395;8.819642
96690;344.809428;140.400519;155.591091;43.610443;1.431395;8.819642
96710;344.809428;140.400519;155.591091;43.610443;1.431395;8.819642
96730;344.809428;140.400519;155.591091;43.610443;1.431395;8.819642
96760;343.014344;141.763310;158.748966;43.610447;1.431394;9.191900
96780;343.014344;141.763310;158.748966;43.610447;1.431394;9.191900
96800;343.014344;141.763310;158.748966;43.610447;1.431394;9.191900
96840;340.098576;141.763310;161.664733;43.610447;1.431394;9.191900
96860;340.098576;141.529119;161.430542;43.610447;1.431394;9.221677
96880;340.098576;141.529119;161.430542;43.610447;1.431394;9.221677
96900;340.098576;141.529119;161.430542;43.610447;1.431394;9.221677
96920;340.098576;141.529119;161.430542;43.610447;1.431394;9.221677
96950;340.673730;141.575836;160.902106;43.610447;1.431394;9.215710
96980;340.673730;141.575836;160.902106;43.610447;1.431394;9.215710
97000;340.673730;141.575836;160.902106;43.610447;1.431394;9.215710
97020;340.673730;141.575836;160.902106;43.610447;1.431394;9.215710
97040;340.673730;141.575836;160.902106;43.610447;1.431394;9.215710
97070;340.673730;141.575836;160.902106;43.610447;1.431394;9.215710
97090;327.644092;141.342854;173.698762;43.610447;1.431393;9.245610
97120;327.644092;141.342854;173.698762;43.610447;1.431393;9.245610
97170;346.635572;142.699373;156.063801;43.610451;1.431393;9.609516
97190;346.635572;142.699373;156.063801;43.610451;1.431393;9.609516
97210;346.635572;142.699373;156.063801;43.610451;1.431393;9.609516
97240;346.635572;142.699373;156.063801;43.610451;1.431393;9.609516
97260;341.836197;142.336970;160.500773;43.610451;1.431392;9.656238
97290;341.836197;142.336970;160.500773;43.610451;1.431392;9.656238
97310;341.836197;142.336970;160.500773;43.610451;1.431392;9.656238
97330;341.836197;142.336970;160.500773;43.610451;1.431392;9.656238
97360;341.836197;142.336970;160.500773;43.610451;1.431392;9.656238
97380;339.527574;142.157084;162.629510;43.610451;1.431391;9.679743
97400;339.527574;142.157084;162.629510;43.610451;1.431391;9.679743
97420;339.527574;142.157084;162.629510;43.610451;1.431391;9.679743
97450;339.527574;142.157084;162.629510;43.610451;1.431391;9.679743
97480;325.831607;141.978071;176.146464;43.610451;1.431391;9.703343
97500;325.831607;141.978071;176.146464;43.610451;1.431391;9.703343
97520;325.831607;141.978071;176.146464;43.610451;1.431391;9.703343
97550;324.953427;141.978071;177.024644;43.610451;1.431391;9.703343
97570;324.953427;141.755529;176.802102;43.610451;1.431390;9.732975
97590;324.953427;141.755529;176.802102;43.610451;1.431390;9.732975
97620;324.953427;141.755529;176.802102;43.610451;1.431390;9.732975
97670;340.673732;143.031576;162.357844;43.610455;1.431390;10.098321
97690;340.673732;143.031576;162.357844;43.610455;1.431390;10.098321
97720;340.673732;143.031576;162.357844;43.610455;1.431390;10.098321
97750;322.428956;142.685105;-179.743852;43.610455;1.431389;10.144681
97770;322.428956;142.685105;-179.743852;43.610455;1.431389;10.144681
97790;322.428956;142.685105;-179.743852;43.610455;1.431389;10.144681
97810;322.428956;142.685105;-179.743852;43.610455;1.431389;10.144681
97830;322.428956;142.685105;-179.743852;43.610455;1.431389;10.144681
97860;325.831609;142.685105;176.853496;43.610455;1.431389;10.144681
97890;325.831609;142.513057;176.681448;43.610455;1.431388;10.167999
97910;325.831609;142.513057;176.681448;43.610455;1.431388;10.167999
97930;325.831609;142.513057;176.681448;43.610455;1.431388;10.167999
97960;345.414835;142.513057;157.098222;43.610455;1.431388;10.167999
97980;345.414835;143.667832;158.252997;43.610458;1.431387;10.541765
98000;345.414835;143.667832;158.252997;43.610458;1.431387;10.541765
98030;345.414835;143.667832;158.252997;43.610458;1.431387;10.541765
98060;344.809431;143.625832;158.816400;43.610458;1.431387;10.547454
98080;344.809431;143.625832;158.816400;43.610458;1.431387;10.547454
98100;344.809431;143.625832;158.816400;43.610458;1.431387;10.547454
98130;343.014347;143.625832;160.611485;43.610458;1.431387;10.547454
98180;343.014347;143.500102;160.485755;43.610458;1.431387;10.564555
98200;343.014347;143.500102;160.485755;43.610458;1.431387;10.564555
98230;343.014347;143.500102;160.485755;43.610458;1.431387;10.564555
98250;341.252965;143.374779;162.121814;43.610458;1.431387;10.581707
98270;341.252965;143.374779;162.121814;43.610458;1.431387;10.581707
98290;341.252965;143.374779;162.121814;43.610458;1.431387;10.581707
98320;341.252965;143.374779;162.121814;43.610458;1.431387;10.581707
98350;349.113533;143.374779;154.261246;43.610458;1.431387;10.581707
98370;349.113533;144.538033;155.424499;43.610462;1.431386;10.947289
98390;349.113533;144.538033;155.424499;43.610462;1.431386;10.947289
98410;349.113533;144.538033;155.424499;43.610462;1.431386;10.947289
98430;349.113533;144.538033;155.424499;43.610462;1.431386;10.947289
98470;348.489788;144.497140;156.007352;43.610462;1.431386;10.952860
98490;348.489788;144.497140;156.007352;43.610462;1.431386;10.952860
98520;348.489788;144.497140;156.007352;43.610462;1.431386;10.952860
98540;346.635575;144.374710;157.739136;43.610462;1.431386;10.969606
98560;346.635575;144.374710;157.739136;43.610462;1.431386;10.969606
98580;346.635575;144.374710;157.739136;43.610462;1.431386;10.969606
98600;346.635575;144.374710;157.739136;43.610462;1.431386;10.969606
98640;344.207482;144.212052;160.004570;43.610462;1.431385;10.992012
98680;344.207482;144.212052;160.004570;43.610462;1.431385;10.992012
98700;344.207482;144.212052;160.004570;43.610462;1.431385;10.992012
98730;344.207482;144.212052;160.004570;43.610462;1.431385;10.992012
98760;341.836200;144.050058;162.213857;43.610462;1.431385;11.014506
98780;341.836200;144.050058;162.213857;43.610462;1.431385;11.014506
98800;341.836200;144.050058;162.213857;43.610462;1.431385;11.014506
98820;341.836200;144.050058;162.213857;43.610462;1.431385;11.014506
98840;341.836200;144.050058;162.213857;43.610462;1.431385;11.014506
98870;347.250685;145.147191;157.896506;43.610466;1.431384;11.382514
98890;347.250685;145.147191;157.896506;43.610466;1.431384;11.382514
98930;347.250685;145.147191;157.896506;43.610466;1.431384;11.382514
98950;343.014349;144.870610;161.856261;43.610466;1.431383;11.421040
98970;343.014349;144.870610;161.856261;43.610466;1.431383;11.421040
98990;343.014349;144.870610;161.856261;43.610466;1.431383;11.421040
99010;343.014349;144.870610;161.856261;43.610466;1.431383;11.421040
99040;343.014349;144.870610;161.856261;43.610466;1.431383;11.421040
99070;341.252967;144.752647;163.499679;43.610466;1.431383;11.437632
99090;341.252967;144.752647;163.499679;43.610466;1.431383;11.437632
99110;341.252967;144.752647;163.499679;43.610466;1.431383;11.437632
99140;341.252967;144.752647;163.499679;43.610466;1.431383;11.437632
99190;327.644100;144.674195;177.030094;43.610466;1.431383;11.448721
99210;327.644100;144.674195;177.030094;43.610466;1.431383;11.448721
99240;327.644100;144.674195;177.030094;43.610466;1.431383;11.448721
99260;347.868797;145.749881;157.881084;43.610470;1.431382;11.813526
99280;347.868797;145.749881;157.881084;43.610470;1.431382;11.813526
99300;347.868797;145.749881;157.881084;43.610470;1.431382;11.813526
99320;347.868797;145.749881;157.881084;43.610470;1.431382;11.813526
99360;346.635576;145.749881;159.114305;43.610470;1.431382;11.813526
99380;346.635576;145.672999;159.037422;43.610470;1.431382;11.824340
99400;346.635576;145.672999;159.037422;43.610470;1.431382;11.824340
99420;346.635576;145.672999;159.037422;43.610470;1.431382;11.824340
99450;345.414838;145.596257;160.181419;43.610470;1.431382;11.835175
99470;345.414838;145.596257;160.181419;43.610470;1.431382;11.835175
99500;345.414838;145.596257;160.181419;43.610470;1.431382;11.835175
99520;345.414838;145.596257;160.181419;43.610470;1.431382;11.835175
99550;345.414838;145.596257;160.181419;43.610470;1.431382;11.835175
99570;354.186240;146.647675;152.461435;43.610474;1.431382;12.198051
99590;354.186240;146.647675;152.461435;43.610474;1.431382;12.198051
99610;354.186240;146.647675;152.461435;43.610474;1.431382;12.198051
99650;352.906275;146.572427;153.666152;43.610474;1.431381;12.208615
99690;352.906275;146.572427;153.666152;43.610474;1.431381;12.208615
99710;352.906275;146.572427;153.666152;43.610474;1.431381;12.208615
99730;352.906275;146.572427;153.666152;43.610474;1.431381;12.208615
99760;352.906275;146.572427;153.666152;43.610474;1.431381;12.208615
99790;350.368760;146.422322;156.053562;43.610474;1.431381;12.229805
99810;350.368760;146.422322;156.053562;43.610474;1.431381;12.229805
99830;350.368760;146.422322;156.053562;43.610474;1.431381;12.229805
99860;348.489790;146.310085;157.820294;43.610474;1.431381;12.245753
99880;348.489790;146.310085;157.820294;43.610474;1.431381;12.245753
99900;348.489790;146.310085;157.820294;43.610474;1.431381;12.245753
99940;349.739904;147.196593;157.456689;43.610477;1.431380;12.626819
99960;349.739904;147.196593;157.456689;43.610477;1.431380;12.626819
99980;349.739904;147.196593;157.456689;43.610477;1.431380;12.626819
100000;349.739904;147.196593;157.456689;43.610477;1.431380;12.626819
100030;349.739904;147.196593;157.456689;43.610477;1.431380;12.626819
100050;346.635578;147.013942;160.378364;43.610477;1.431379;12.652881
100080;346.635578;147.013942;160.378364;43.610477;1.431379;12.652881
100100;346.635578;147.013942;160.378364;43.610477;1.431379;12.652881
100120;346.635578;147.013942;160.378364;43.610477;1.431379;12.652881
100140;346.635578;147.013942;160.378364;43.610477;1.431379;12.652881
100200;344.207486;146.868364;162.660878;43.610477;1.431379;12.673823
100220;344.207486;146.868364;162.660878;43.610477;1.431379;12.673823
100240;344.207486;146.868364;162.660878;43.610477;1.431379;12.673823
100270;343.609092;146.868364;163.259272;43.610477;1.431379;12.673823
100290;343.609092;146.832044;163.222952;43.610477;1.431379;12.679071
100330;343.609092;146.832044;163.222952;43.610477;1.431379;12.679071
100350;349.739905;147.816349;158.076444;43.610481;1.431379;13.041310
100370;349.739905;147.816349;158.076444;43.610481;1.431379;13.041310
100390;349.739905;147.816349;158.076444;43.610481;1.431379;13.041310
100410;349.739905;147.816349;158.076444;43.610481;1.431379;13.041310
100450;347.868800;147.709413;159.840613;43.610481;1.431378;13.056669
100470;347.868800;147.709413;159.840613;43.610481;1.431378;13.056669
100490;347.868800;147.709413;159.840613;43.610481;1.431378;13.056669
100510;347.868800;147.709413;159.840613;43.610481;1.431378;13.056669
100550;347.250688;147.673824;160.423136;43.610481;1.431378;13.061799
100570;347.250688;147.673824;160.423136;43.610481;1.431378;13.061799
100590;347.250688;147.673824;160.423136;43.610481;1.431378;13.061799
100610;347.250688;147.673824;160.423136;43.610481;1.431378;13.061799
100630;347.250688;147.673824;160.423136;43.610481;1.431378;13.061799
100660;344.809437;147.531747;162.722310;43.610481;1.431378;13.082368
100710;344.809437;147.531747;162.722310;43.610481;1.431378;13.082368
100730;344.809437;147.531747;162.722310;43.610481;1.431378;13.082368
100760;351.633388;148.363069;156.729681;43.610485;1.431377;13.462266
100790;351.633388;148.363069;156.729681;43.610485;1.431377;13.462266
100820;351.633388;148.363069;156.729681;43.610485;1.431377;13.462266
100840;350.368762;148.293566;157.924805;43.610485;1.431377;13.472344
100860;350.368762;148.293566;157.924805;43.610485;1.431377;13.472344
100880;350.368762;148.293566;157.924805;43.610485;1.431377;13.472344
100900;350.368762;148.293566;157.924805;43.610485;1.431377;13.472344
100940;350.368762;148.293566;157.924805;43.610485;1.431377;13.472344
100960;347.250689;148.120265;160.869577;43.610485;1.431376;13.497627
100980;347.250689;148.120265;160.869577;43.610485;1.431376;13.497627
101000;347.250689;148.120265;160.869577;43.610485;1.431376;13.497627
101020;347.250689;148.120265;160.869577;43.610485;1.431376;13.497627
101060;344.809438;147.982092;163.172655;43.610485;1.431376;13.517941
101080;344.809438;147.982092;163.172655;43.610485;1.431376;13.517941
101100;344.809438;147.982092;163.172655;43.610485;1.431376;13.517941
101120;344.809438;147.982092;163.172655;43.610485;1.431376;13.517941
101150;344.809438;147.982092;163.172655;43.610485;1.431376;13.517941
101180;347.250689;148.741166;161.490477;43.610489;1.431375;13.904254
101220;347.250689;148.741166;161.490477;43.610489;1.431375;13.904254
101250;347.250689;148.741166;161.490477;43.610489;1.431375;13.904254
101280;344.207489;148.572429;164.364940;43.610489;1.431375;13.929216
101300;344.207489;148.572429;164.364940;43.610489;1.431375;13.929216
101330;342.423363;148.572429;166.149066;43.610489;1.431375;13.929216
101350;342.423363;148.471478;166.048115;43.610489;1.431374;13.944251
101370;342.423363;148.471478;166.048115;43.610489;1.431374;13.944251
101400;342.423363;148.471478;166.048115;43.610489;1.431374;13.944251
101420;342.423363;148.471478;166.048115;43.610489;1.431374;13.944251
101450;342.423363;148.471478;166.048115;43.610489;1.431374;13.944251
101470;340.673742;148.370744;167.697002;43.610489;1.431374;13.959329
101490;340.673742;148.370744;167.697002;43.610489;1.431374;13.959329
101510;340.673742;148.370744;167.697002;43.610489;1.431374;13.959329
101540;340.673742;148.370744;167.697002;43.610489;1.431374;13.959329
101570;349.739906;149.260671;159.520765;43.610493;1.431374;14.322224
101590;349.739906;149.260671;159.520765;43.610493;1.431374;14.322224
101610;349.739906;149.260671;159.520765;43.610493;1.431374;14.322224
101630;349.739906;149.260671;159.520765;43.610493;1.431374;14.322224
101670;349.739906;149.260671;159.520765;43.610493;1.431374;14.322224
101690;347.868802;149.161772;161.292970;43.610493;1.431374;14.336962
101740;346.023594;149.161772;163.138178;43.610493;1.431374;14.336962
101770;346.023594;149.063075;163.039481;43.610493;1.431373;14.351743
101790;346.023594;149.063075;163.039481;43.610493;1.431373;14.351743
101810;346.023594;149.063075;163.039481;43.610493;1.431373;14.351743
101830;346.023594;149.063075;163.039481;43.610493;1.431373;14.351743
101860;344.809439;148.997390;164.187951;43.610493;1.431373;14.361621
101890;344.809439;148.997390;164.187951;43.610493;1.431373;14.361621
101910;344.809439;148.997390;164.187951;43.610493;1.431373;14.361621
101930;344.809439;148.997390;164.187951;43.610493;1.431373;14.361621
101960;344.809439;148.997390;164.187951;43.610493;1.431373;14.361621
101980;354.186242;149.815168;155.628926;43.610497;1.431373;14.731644
102010;354.186242;149.815168;155.628926;43.610497;1.431373;14.731644
102040;354.186242;149.815168;155.628926;43.610497;1.431373;14.731644
102060;351.633389;149.686271;158.052882;43.610497;1.431373;14.750983
102080;351.633389;149.686271;158.052882;43.610497;1.431373;14.750983
102100;351.633389;149.686271;158.052882;43.610497;1.431373;14.750983
102120;351.633389;149.686271;158.052882;43.610497;1.431373;14.750983
102160;349.739907;149.589820;159.849913;43.610497;1.431372;14.765537
102180;349.739907;149.589820;159.849913;43.610497;1.431372;14.765537
102230;347.250691;149.461515;162.210824;43.610497;1.431372;14.785007
102260;347.250691;149.461515;162.210824;43.610497;1.431372;14.785007
102280;347.250691;149.461515;162.210824;43.610497;1.431372;14.785007
102300;347.250691;149.461515;162.210824;43.610497;1.431372;14.785007
102320;347.250691;149.461515;162.210824;43.610497;1.431372;14.785007
102350;347.250691;149.461515;162.210824;43.610497;1.431372;14.785007
102380;349.739908;150.150645;160.410737;43.610500;1.431371;15.170947
102400;349.739908;150.150645;160.410737;43.610500;1.431371;15.170947
102420;349.739908;150.150645;160.410737;43.610500;1.431371;15.170947
102440;349.739908;150.150645;160.410737;43.610500;1.431371;15.170947
102470;348.489795;150.087807;161.598012;43.610500;1.431371;15.180510
102500;348.489795;150.087807;161.598012;43.610500;1.431371;15.180510
102520;348.489795;150.087807;161.598012;43.610500;1.431371;15.180510
102540;348.489795;150.087807;161.598012;43.610500;1.431371;15.180510
102570;347.250692;150.087807;162.837116;43.610500;1.431371;15.180510
102590;347.250692;150.025050;162.774358;43.610500;1.431371;15.190092
102620;347.250692;150.025050;162.774358;43.610500;1.431371;15.190092
102650;346.635583;150.025050;163.389467;43.610500;1.431371;15.190092
102670;346.635583;149.993700;163.358117;43.610500;1.431371;15.194889
102690;346.635583;149.993700;163.358117;43.610500;1.431371;15.194889
102750;346.635583;149.993700;163.358117;43.610500;1.431371;15.194889
102770;353.545452;150.743823;157.198371;43.610504;1.431370;15.568346
102790;353.545452;150.743823;157.198371;43.610504;1.431370;15.568346
102810;353.545452;150.743823;157.198371;43.610504;1.431370;15.568346
102830;353.545452;150.743823;157.198371;43.610504;1.431370;15.568346
102870;351.633390;150.651458;159.018067;43.610504;1.431370;15.582438
102890;351.633390;150.651458;159.018067;43.610504;1.431370;15.582438
102910;351.633390;150.651458;159.018067;43.610504;1.431370;15.582438
102940;351.633390;150.651458;159.018067;43.610504;1.431370;15.582438
102960;350.368765;150.589974;160.221209;43.610504;1.431370;15.591854
102990;350.368765;150.589974;160.221209;43.610504;1.431370;15.591854
103010;350.368765;150.589974;160.221209;43.610504;1.431370;15.591854
103030;350.368765;150.589974;160.221209;43.610504;1.431370;15.591854
103060;350.368765;150.589974;160.221209;43.610504;1.431370;15.591854
103080;348.489796;150.497887;162.008091;43.610504;1.431370;15.606013
103110;348.489796;150.497887;162.008091;43.610504;1.431370;15.606013
103140;354.186243;151.247029;157.060786;43.610508;1.431370;15.976554
103160;354.186243;151.247029;157.060786;43.610508;1.431370;15.976554
103180;354.186243;151.247029;157.060786;43.610508;1.431370;15.976554
103200;354.186243;151.247029;157.060786;43.610508;1.431370;15.976554
103260;350.999973;151.096370;160.096397;43.610508;1.431369;15.999694
103280;350.999973;151.096370;160.096397;43.610508;1.431369;15.999694
103300;350.999973;151.096370;160.096397;43.610508;1.431369;15.999694
103320;350.999973;151.096370;160.096397;43.610508;1.431369;15.999694
103360;347.868805;150.946147;163.077342;43.610508;1.431368;16.022943
103380;347.868805;150.946147;163.077342;43.610508;1.431368;16.022943
103400;347.868805;150.946147;163.077342;43.610508;1.431368;16.022943
103420;347.868805;150.946147;163.077342;43.610508;1.431368;16.022943
103450;345.414847;150.826283;165.411436;43.610508;1.431368;16.041622
103480;345.414847;150.826283;165.411436;43.610508;1.431368;16.041622
103500;345.414847;150.826283;165.411436;43.610508;1.431368;16.041622
103520;345.414847;150.826283;165.411436;43.610508;1.431368;16.041622
103550;345.414847;150.826283;165.411436;43.610508;1.431368;16.041622
103570;348.489797;151.430395;162.940598;43.610512;1.431367;16.431615
103600;348.489797;151.430395;162.940598;43.610512;1.431367;16.431615
103630;347.868806;151.430395;163.561590;43.610512;1.431367;16.431615
103650;347.868806;151.401012;163.532207;43.610512;1.431367;16.436207
103670;347.868806;151.401012;163.532207;43.610512;1.431367;16.436207
103690;347.868806;151.401012;163.532207;43.610512;1.431367;16.436207
103720;347.868806;151.401012;163.532207;43.610512;1.431367;16.436207
103770;346.023598;151.312962;165.289364;43.610512;1.431367;16.450009
103790;346.023598;151.312962;165.289364;43.610512;1.431367;16.450009
103810;346.023598;151.312962;165.289364;43.610512;1.431367;16.450009
103850;344.809444;151.254344;166.444900;43.610512;1.431367;16.459232
103870;344.809444;151.254344;166.444900;43.610512;1.431367;16.459232
103890;344.809444;151.254344;166.444900;43.610512;1.431367;16.459232
103910;344.809444;151.254344;166.444900;43.610512;1.431367;16.459232
103940;352.906280;151.254344;158.348064;43.610512;1.431367;16.459232
103970;352.906280;151.919918;159.013638;43.610516;1.431367;16.836884
103990;352.906280;151.919918;159.013638;43.610516;1.431367;16.836884
104020;352.268876;151.919918;159.651042;43.610516;1.431367;16.836884
104040;352.268876;151.891109;159.622233;43.610516;1.431366;16.841404
104060;352.268876;151.891109;159.622233;43.610516;1.431366;16.841404
104090;352.268876;151.891109;159.622233;43.610516;1.431366;16.841404
104110;352.268876;151.891109;159.622233;43.610516;1.431366;16.841404
104140;352.268876;151.891109;159.622233;43.610516;1.431366;16.841404
104160;352.268876;151.891109;159.622233;43.610516;1.431366;16.841404
104180;352.268876;151.891109;159.622233;43.610516;1.431366;16.841404
104200;352.268876;151.891109;159.622233;43.610516;1.431366;16.841404
104240;356.116763;151.891109;155.774347;43.610516;1.431366;16.841404
104280;356.116763;152.442941;156.326178;43.610519;1.431366;17.234436
104300;356.116763;152.442941;156.326178;43.610519;1.431366;17.234436
104330;356.116763;152.442941;156.326178;43.610519;1.431366;17.234436
104350;356.116763;152.442941;156.326178;43.610519;1.431366;17.234436
104380;354.828498;152.386396;157.557898;43.610519;1.431366;17.243325
104410;354.828498;152.386396;157.557898;43.610519;1.431366;17.243325
104430;353.545454;152.329909;158.784455;43.610519;1.431365;17.252230
104460;353.545454;152.329909;158.784455;43.610519;1.431365;17.252230
104480;353.545454;152.329909;158.784455;43.610519;1.431365;17.252230
104500;353.545454;152.329909;158.784455;43.610519;1.431365;17.252230
104530;353.545454;152.329909;158.784455;43.610519;1.431365;17.252230
104550;350.999975;152.217110;161.217135;43.610519;1.431365;17.270091
104580;350.999975;152.217110;161.217135;43.610519;1.431365;17.270091
104600;350.999975;152.217110;161.217135;43.610519;1.431365;17.270091
104620;350.999975;152.217110;161.217135;43.610519;1.431365;17.270091
104650;349.739912;152.748273;163.008361;43.610523;1.431365;17.664021
104670;349.739912;152.748273;163.008361;43.610523;1.431365;17.664021
104700;349.739912;152.748273;163.008361;43.610523;1.431365;17.664021
104720;349.739912;152.748273;163.008361;43.610523;1.431365;17.664021
104750;347.868808;152.665308;164.796500;43.610523;1.431364;17.677224
104790;347.868808;152.665308;164.796500;43.610523;1.431364;17.677224
104820;347.868808;152.665308;164.796500;43.610523;1.431364;17.677224
104850;347.868808;152.665308;164.796500;43.610523;1.431364;17.677224
104870;347.868808;152.665308;164.796500;43.610523;1.431364;17.677224
104890;347.868808;152.665308;164.796500;43.610523;1.431364;17.677224
104910;347.868808;152.665308;164.796500;43.610523;1.431364;17.677224
104930;347.868808;152.665308;164.796500;43.610523;1.431364;17.677224
104970;353.545454;153.201861;159.656407;43.610527;1.431364;18.068049
104990;353.545454;153.201861;159.656407;43.610527;1.431364;18.068049
105010;353.545454;153.201861;159.656407;43.610527;1.431364;18.068049
105040;352.268878;153.201861;160.932984;43.610527;1.431364;18.068049
105070;352.268878;153.147555;160.878677;43.610527;1.431364;18.076711
105090;352.268878;153.147555;160.878677;43.610527;1.431364;18.076711
105110;352.268878;153.147555;160.878677;43.610527;1.431364;18.076711
105140;352.268878;153.147555;160.878677;43.610527;1.431364;18.076711
105160;350.999976;153.093300;162.093325;43.610527;1.431363;18.085389
105190;350.999976;153.093300;162.093325;43.610527;1.431363;18.085389
105210;350.999976;153.093300;162.093325;43.610527;1.431363;18.085389
105230;350.999976;153.093300;162.093325;43.610527;1.431363;18.085389
105260;350.999976;153.093300;162.093325;43.610527;1.431363;18.085389
105300;350.999976;153.093300;162.093325;43.610527;1.431363;18.085389
105340;350.999976;153.093300;162.093325;43.610527;1.431363;18.085389
105360;357.408972;153.769093;156.360121;43.610531;1.431364;18.451899
105380;357.408972;153.769093;156.360121;43.610531;1.431364;18.451899
105400;357.408972;153.769093;156.360121;43.610531;1.431364;18.451899
105430;357.408972;153.769093;156.360121;43.610531;1.431364;18.451899
105460;356.116764;153.715652;157.598888;43.610531;1.431363;18.460391
105480;356.116764;153.715652;157.598888;43.610531;1.431363;18.460391
105500;356.116764;153.715652;157.598888;43.610531;1.431363;18.460391
105520;356.116764;153.715652;157.598888;43.610531;1.431363;18.460391
105550;350.999976;153.715652;162.715675;43.610531;1.431363;18.460391
105580;350.999976;153.502379;162.502403;43.610531;1.431363;18.494519
105600;350.999976;153.502379;162.502403;43.610531;1.431363;18.494519
105620;350.999976;153.502379;162.502403;43.610531;1.431363;18.494519
105650;349.739913;153.502379;163.762466;43.610531;1.431363;18.494519
105670;349.739913;153.449184;163.709271;43.610531;1.431362;18.503091
105700;349.739913;153.449184;163.709271;43.610531;1.431362;18.503091
105720;349.739913;153.449184;163.709271;43.610531;1.431362;18.503091
105750;350.999977;153.893732;162.893755;43.610535;1.431362;18.904551
105770;350.999977;153.893732;162.893755;43.610535;1.431362;18.904551
105820;350.999977;153.893732;162.893755;43.610535;1.431362;18.904551
105850;350.999977;153.893732;162.893755;43.610535;1.431362;18.904551
105870;349.113546;153.815422;164.701876;43.610535;1.431361;18.917239
105890;349.113546;153.815422;164.701876;43.610535;1.431361;18.917239
105920;347.868810;153.815422;165.946612;43.610535;1.431361;18.917239
105950;347.868810;153.763274;165.894464;43.610535;1.431361;18.925717
105970;347.868810;153.763274;165.894464;43.610535;1.431361;18.925717
105990;347.868810;153.763274;165.894464;43.610535;1.431361;18.925717
106010;347.868810;153.763274;165.894464;43.610535;1.431361;18.925717
106040;347.868810;153.763274;165.894464;43.610535;1.431361;18.925717
106070;354.186246;154.345441;160.159195;43.610538;1.431361;19.302945
106090;354.186246;154.345441;160.159195;43.610538;1.431361;19.302945
106110;354.186246;154.345441;160.159195;43.610538;1.431361;19.302945
106130;354.186246;154.345441;160.159195;43.610538;1.431361;19.302945
106160;350.999977;154.217181;163.217203;43.610538;1.431361;19.323769
106190;350.999977;154.217181;163.217203;43.610538;1.431361;19.323769
106210;350.999977;154.217181;163.217203;43.610538;1.431361;19.323769
106230;350.999977;154.217181;163.217203;43.610538;1.431361;19.323769
106260;350.999977;154.217181;163.217203;43.610538;1.431361;19.323769
106280;350.999977;154.217181;163.217203;43.610538;1.431361;19.323769
106340;350.368770;154.191562;163.822792;43.610538;1.431360;19.327946
106360;350.368770;154.191562;163.822792;43.610538;1.431360;19.327946
106380;350.368770;154.191562;163.822792;43.610538;1.431360;19.327946
106400;350.368770;154.191562;163.822792;43.610538;1.431360;19.327946
106440;350.368770;154.191562;163.822792;43.610538;1.431360;19.327946
106460;355.472059;154.677941;159.205882;43.610542;1.431360;19.718879
106480;355.472059;154.677941;159.205882;43.610542;1.431360;19.718879
106500;355.472059;154.677941;159.205882;43.610542;1.431360;19.718879
106520;355.472059;154.677941;159.205882;43.610542;1.431360;19.718879
106560;354.186246;154.627547;160.441300;43.610542;1.431360;19.727096
106580;354.186246;154.627547;160.441300;43.610542;1.431360;19.727096
106600;354.186246;154.627547;160.441300;43.610542;1.431360;19.727096
106620;354.186246;154.627547;160.441300;43.610542;1.431360;19.727096
106650;352.268879;154.552034;162.283155;43.610542;1.431360;19.739451
106680;352.268879;154.552034;162.283155;43.610542;1.431360;19.739451
106700;352.268879;154.552034;162.283155;43.610542;1.431360;19.739451
106720;352.268879;154.552034;162.283155;43.610542;1.431360;19.739451
106750;348.489803;154.401293;165.911490;43.610542;1.431359;19.764263
106770;348.489803;154.401293;165.911490;43.610542;1.431359;19.764263
106800;348.489803;154.401293;165.911490;43.610542;1.431359;19.764263
106850;350.368771;154.873065;164.504294;43.610546;1.431359;20.155779
106870;350.368771;154.873065;164.504294;43.610546;1.431359;20.155779
106890;350.368771;154.873065;164.504294;43.610546;1.431359;20.155779
106920;350.368771;154.873065;164.504294;43.610546;1.431359;20.155779
106950;350.368771;154.873065;164.504294;43.610546;1.431359;20.155779
106970;347.868812;154.774342;166.905529;43.610546;1.431358;20.172110
106990;347.868812;154.774342;166.905529;43.610546;1.431358;20.172110
107010;347.868812;154.774342;166.905529;43.610546;1.431358;20.172110
107050;347.868812;154.774342;166.905529;43.610546;1.431358;20.172110
107070;346.635593;154.725040;168.089448;43.610546;1.431358;20.180298
107090;346.635593;154.725040;168.089448;43.610546;1.431358;20.180298
107110;346.635593;154.725040;168.089448;43.610546;1.431358;20.180298
107140;346.635593;154.725040;168.089448;43.610546;1.431358;20.180298
107170;347.250701;154.749686;167.498985;43.610546;1.431358;20.176202
107190;347.250701;154.749686;167.498985;43.610546;1.431358;20.176202
107210;347.250701;154.749686;167.498985;43.610546;1.431358;20.176202
107230;347.250701;154.749686;167.498985;43.610546;1.431358;20.176202
107260;354.186247;155.205359;161.019111;43.610550;1.431358;20.568687
107290;354.186247;155.205359;161.019111;43.610550;1.431358;20.568687
107320;354.186247;155.205359;161.019111;43.610550;1.431358;20.568687
107360;352.268880;155.132590;162.863710;43.610550;1.431358;20.580779
107380;352.268880;155.132590;162.863710;43.610550;1.431358;20.580779
107410;352.268880;155.132590;162.863710;43.610550;1.431358;20.580779
107430;352.268880;155.132590;162.863710;43.610550;1.431358;20.580779
107460;352.268880;155.132590;162.863710;43.610550;1.431358;20.580779
107480;352.268880;155.132590;162.863710;43.610550;1.431358;20.580779
107500;352.268880;155.132590;162.863710;43.610550;1.431358;20.580779
107530;352.268880;155.132590;162.863710;43.610550;1.431358;20.580779
107560;351.633397;155.132590;163.499194;43.610550;1.431358;20.580779
107580;351.633397;155.108353;163.474957;43.610550;1.431357;20.584816
107600;351.633397;155.108353;163.474957;43.610550;1.431357;20.584816
107620;351.633397;155.108353;163.474957;43.610550;1.431357;20.584816
107660;350.368772;155.059908;164.691136;43.610550;1.431357;20.592903
107680;350.368772;155.059908;164.691136;43.610550;1.431357;20.592903
107700;350.368772;155.059908;164.691136;43.610550;1.431357;20.592903
107730;350.368772;155.059908;164.691136;43.610550;1.431357;20.592903
107750;353.545457;155.500715;161.955258;43.610554;1.431357;20.986239
107780;353.545457;155.500715;161.955258;43.610554;1.431357;20.986239
107800;353.545457;155.500715;161.955258;43.610554;1.431357;20.986239
107830;352.268881;155.453045;163.184164;43.610554;1.431357;20.994206
107870;352.268881;155.453045;163.184164;43.610554;1.431357;20.994206
107900;352.268881;155.453045;163.184164;43.610554;1.431357;20.994206
107930;352.268881;155.453045;163.184164;43.610554;1.431357;20.994206
107950;350.368773;155.381609;165.012836;43.610554;1.431356;21.006184
107970;350.368773;155.381609;165.012836;43.610554;1.431356;21.006184
107990;350.368773;155.381609;165.012836;43.610554;1.431356;21.006184
108020;350.368773;155.381609;165.012836;43.610554;1.431356;21.006184
108040;350.368773;155.381609;165.012836;43.610554;1.431356;21.006184
108070;347.250703;155.262730;168.012027;43.610554;1.431356;21.026219
108090;347.250703;155.262730;168.012027;43.610554;1.431356;21.026219
108110;347.250703;155.262730;168.012027;43.610554;1.431356;21.026219
108140;347.250703;155.262730;168.012027;43.610554;1.431356;21.026219
108170;349.113550;155.620737;166.507187;43.610558;1.431355;21.431970
108190;349.113550;155.620737;166.507187;43.610558;1.431355;21.431970
108220;349.113550;155.620737;166.507187;43.610558;1.431355;21.431970
108240;348.489806;155.597372;167.107566;43.610558;1.431355;21.435933
108270;348.489806;155.597372;167.107566;43.610558;1.431355;21.435933
108290;348.489806;155.597372;167.107566;43.610558;1.431355;21.435933
108310;348.489806;155.597372;167.107566;43.610558;1.431355;21.435933
108340;347.250703;155.550666;168.299962;43.610558;1.431355;21.443870
108390;347.250703;155.550666;168.299962;43.610558;1.431355;21.443870
108410;347.250703;155.550666;168.299962;43.610558;1.431355;21.443870
108440;346.023608;155.550666;169.527058;43.610558;1.431355;21.443870
108460;346.023608;155.503995;169.480387;43.610558;1.431355;21.451822
108480;346.023608;155.503995;169.480387;43.610558;1.431355;21.451822
108510;346.023608;155.503995;169.480387;43.610558;1.431355;21.451822
108540;346.023608;155.503995;169.480387;43.610558;1.431355;21.451822
108560;352.268882;155.919451;163.650569;43.610561;1.431354;21.846350
108580;352.268882;155.919451;163.650569;43.610561;1.431354;21.846350
108600;352.268882;155.919451;163.650569;43.610561;1.431354;21.846350
108630;352.268882;155.919451;163.650569;43.610561;1.431354;21.846350
108660;350.999981;155.919451;164.919470;43.610561;1.431354;21.846350
108680;350.999981;155.873506;164.873525;43.610561;1.431354;21.854189
108700;350.999981;155.873506;164.873525;43.610561;1.431354;21.854189
108730;350.999981;155.873506;164.873525;43.610561;1.431354;21.854189
108760;350.368774;155.850546;165.481772;43.610561;1.431354;21.858114
108780;350.368774;155.850546;165.481772;43.610561;1.431354;21.858114
108800;350.368774;155.850546;165.481772;43.610561;1.431354;21.858114
108820;350.368774;155.850546;165.481772;43.610561;1.431354;21.858114
108850;348.489807;155.781715;167.291908;43.610561;1.431354;21.869910
108900;348.489807;155.781715;167.291908;43.610561;1.431354;21.869910
108920;348.489807;155.781715;167.291908;43.610561;1.431354;21.869910
108950;352.268882;156.139263;163.870381;43.610565;1.431353;22.272935
108970;352.268882;156.139263;163.870381;43.610565;1.431353;22.272935
109000;352.268882;156.139263;163.870381;43.610565;1.431353;22.272935
109020;352.268882;156.139263;163.870381;43.610565;1.431353;22.272935
109050;352.268882;156.139263;163.870381;43.610565;1.431353;22.272935
109070;349.113552;156.026466;166.912915;43.610565;1.431352;22.292389
109090;349.113552;156.026466;166.912915;43.610565;1.431352;22.292389
109130;349.113552;156.026466;166.912915;43.610565;1.431352;22.292389
109150;344.207508;155.846402;171.638894;43.610565;1.431352;22.323697
109170;344.207508;155.846402;171.638894;43.610565;1.431352;22.323697
109190;344.207508;155.846402;171.638894;43.610565;1.431352;22.323697
109210;344.207508;155.846402;171.638894;43.610565;1.431352;22.323697
109250;327.644143;155.734118;-171.910025;43.610565;1.431351;22.343375
109270;327.644143;155.734118;-171.910025;43.610565;1.431351;22.343375
109290;327.644143;155.734118;-171.910025;43.610565;1.431351;22.343375
109310;327.644143;155.734118;-171.910025;43.610565;1.431351;22.343375
109340;327.644143;155.734118;-171.910025;43.610565;1.431351;22.343375
109370;342.423385;156.040883;173.617498;43.610569;1.431350;22.754066
109410;342.423385;156.040883;173.617498;43.610569;1.431350;22.754066
109440;342.423385;156.040883;173.617498;43.610569;1.431350;22.754066
109470;341.252997;155.996729;174.743732;43.610569;1.431350;22.761867
109490;341.252997;155.996729;174.743732;43.610569;1.431350;22.761867
109510;341.252997;155.996729;174.743732;43.610569;1.431350;22.761867
109530;341.252997;155.996729;174.743732;43.610569;1.431350;22.761867
109560;327.644145;155.952605;-171.691540;43.610569;1.431350;22.769683
109590;327.644145;155.952605;-171.691540;43.610569;1.431350;22.769683
109620;327.644145;155.952605;-171.691540;43.610569;1.431350;22.769683
109640;325.831659;155.908511;-169.923149;43.610569;1.431350;22.777511
109660;325.831659;155.908511;-169.923149;43.610569;1.431350;22.777511
109680;325.831659;155.908511;-169.923149;43.610569;1.431350;22.777511
109710;325.831659;155.908511;-169.923149;43.610569;1.431350;22.777511
109740;350.999982;156.293293;165.293311;43.610573;1.431349;23.173096
109760;350.999982;156.293293;165.293311;43.610573;1.431349;23.173096
109780;350.999982;156.293293;165.293311;43.610573;1.431349;23.173096
109800;350.999982;156.293293;165.293311;43.610573;1.431349;23.173096
109820;350.999982;156.293293;165.293311;43.610573;1.431349;23.173096
109860;350.368776;156.271569;165.902794;43.610573;1.431349;23.176957
109880;350.368776;156.271569;165.902794;43.610573;1.431349;23.176957
109930;352.268883;156.271569;164.002686;43.610573;1.431349;23.176957
109960;352.268883;156.336763;164.067880;43.610573;1.431350;23.165385
109990;353.545459;156.380262;162.834803;43.610573;1.431350;23.157688
110010;353.545459;156.380262;162.834803;43.610573;1.431350;23.157688
110030;353.545459;156.380262;162.834803;43.610573;1.431350;23.157688
110050;353.545459;156.380262;162.834803;43.610573;1.431350;23.157688
110080;353.545459;156.380262;162.834803;43.610573;1.431350;23.157688
110100;353.545459;156.380262;162.834803;43.610573;1.431350;23.157688
110130;353.545459;156.380262;162.834803;43.610573;1.431350;23.157688
110150;358.056151;156.686569;158.630418;43.610577;1.431349;23.565891
110170;358.056151;156.686569;158.630418;43.610577;1.431349;23.565891
110200;358.056151;156.686569;158.630418;43.610577;1.431349;23.565891
110220;358.056151;156.686569;158.630418;43.610577;1.431349;23.565891
110250;352.268884;156.493984;164.225100;43.610577;1.431348;23.600210
110270;352.268884;156.493984;164.225100;43.610577;1.431348;23.600210
110300;352.268884;156.493984;164.225100;43.610577;1.431348;23.600210
110330;346.635599;156.301961;169.666362;43.610577;1.431347;23.634794
110350;346.635599;156.301961;169.666362;43.610577;1.431347;23.634794
110370;346.635599;156.301961;169.666362;43.610577;1.431347;23.634794
110390;346.635599;156.301961;169.666362;43.610577;1.431347;23.634794
110450;324.093787;156.110501;-167.983287;43.610577;1.431346;23.669643
110470;324.093787;156.110501;-167.983287;43.610577;1.431346;23.669643
110490;324.093787;156.110501;-167.983287;43.610577;1.431346;23.669643
110520;324.093787;156.110501;-167.983287;43.610577;1.431346;23.669643
110550;341.836233;156.582532;174.746298;43.610580;1.431346;24.046634
110570;341.836233;156.582532;174.746298;43.610580;1.431346;24.046634
110590;341.836233;156.582532;174.746298;43.610580;1.431346;24.046634
110610;341.836233;156.582532;174.746298;43.610580;1.431346;24.046634
110640;340.098617;156.519608;176.420991;43.610580;1.431346;24.058091
110660;340.098617;156.519608;176.420991;43.610580;1.431346;24.058091
110690;340.098617;156.519608;176.420991;43.610580;1.431346;24.058091
110710;340.098617;156.519608;176.420991;43.610580;1.431346;24.058091
110740;325.831664;156.519608;-169.312056;43.610580;1.431346;24.058091
110760;325.831664;156.456744;-169.374920;43.610580;1.431346;24.069578
110780;325.831664;156.456744;-169.374920;43.610580;1.431346;24.069578
110810;325.831664;156.456744;-169.374920;43.610580;1.431346;24.069578
110830;325.831664;156.456744;-169.374920;43.610580;1.431346;24.069578
110860;323.252374;156.456744;-166.795630;43.610580;1.431346;24.069578
110880;323.252374;156.393941;-166.858433;43.610580;1.431345;24.081093
110900;323.252374;156.393941;-166.858433;43.610580;1.431345;24.081093
110960;353.545460;156.709095;163.163634;43.610584;1.431345;24.485517
110980;353.545460;156.709095;163.163634;43.610584;1.431345;24.485517
111000;353.545460;156.709095;163.163634;43.610584;1.431345;24.485517
111040;350.368777;156.606034;166.237257;43.610584;1.431344;24.504531
111060;350.368777;156.606034;166.237257;43.610584;1.431344;24.504531
111080;350.368777;156.606034;166.237257;43.610584;1.431344;24.504531
111100;350.368777;156.606034;166.237257;43.610584;1.431344;24.504531
111130;348.489811;156.606034;168.116223;43.610584;1.431344;24.504531
111160;348.489811;156.544275;168.054464;43.610584;1.431344;24.515977
111180;348.489811;156.544275;168.054464;43.610584;1.431344;24.515977
111200;348.489811;156.544275;168.054464;43.610584;1.431344;24.515977
111220;348.489811;156.544275;168.054464;43.610584;1.431344;24.515977
111250;327.644151;156.400394;-171.243757;43.610584;1.431343;24.542796
111280;327.644151;156.400394;-171.243757;43.610584;1.431343;24.542796
111300;327.644151;156.400394;-171.243757;43.610584;1.431343;24.542796
111320;327.644151;156.400394;-171.243757;43.610584;1.431343;24.542796
111350;327.644151;156.400394;-171.243757;43.610584;1.431343;24.542796
111370;327.644151;156.215867;-171.428284;43.610584;1.431342;24.577504
111400;327.644151;156.215867;-171.428284;43.610584;1.431342;24.577504
111430;326.728507;156.406609;-170.321898;43.610588;1.431341;25.004499
111470;326.728507;156.406609;-170.321898;43.610588;1.431341;25.004499
111490;326.728507;156.406609;-170.321898;43.610588;1.431341;25.004499
111520;326.728507;156.406609;-170.321898;43.610588;1.431341;25.004499
111550;322.429018;156.245577;-166.183440;43.610588;1.431340;25.035329
111570;322.429018;156.245577;-166.183440;43.610588;1.431340;25.035329
111590;322.429018;156.245577;-166.183440;43.610588;1.431340;25.035329
111610;322.429018;156.245577;-166.183440;43.610588;1.431340;25.035329
111650;322.429018;156.245577;-166.183440;43.610588;1.431340;25.035329
111670;322.429018;156.245577;-166.183440;43.610588;1.431340;25.035329
111690;322.429018;156.245577;-166.183440;43.610588;1.431340;25.035329
111710;322.429018;156.245577;-166.183440;43.610588;1.431340;25.035329
111740;322.429018;156.245577;-166.183440;43.610588;1.431340;25.035329
111770;322.429018;156.105001;-166.324017;43.610588;1.431339;25.062467
111790;322.429018;156.105001;-166.324017;43.610588;1.431339;25.062467
111810;322.429018;156.105001;-166.324017;43.610588;1.431339;25.062467
111830;322.429018;156.105001;-166.324017;43.610588;1.431339;25.062467
111870;342.423391;156.432391;174.009000;43.610592;1.431339;25.462364
111890;342.423391;156.432391;174.009000;43.610592;1.431339;25.462364
111920;342.423391;156.432391;174.009000;43.610592;1.431339;25.462364
111940;341.253004;156.392813;175.139809;43.610592;1.431338;25.470045
111990;341.253004;156.392813;175.139809;43.610592;1.431338;25.470045
112010;341.253004;156.392813;175.139809;43.610592;1.431338;25.470045
112040;341.253004;156.392813;175.139809;43.610592;1.431338;25.470045
112060;338.960833;156.313727;177.352894;43.610592;1.431338;25.485443
112080;338.960833;156.313727;177.352894;43.610592;1.431338;25.485443
112110;338.960833;156.313727;177.352894;43.610592;1.431338;25.485443
112140;338.960833;156.313727;177.352894;43.610592;1.431338;25.485443
112160;352.268886;156.632538;164.363652;43.610596;1.431337;25.885853
112180;352.268886;156.632538;164.363652;43.610596;1.431337;25.885853
112200;352.268886;156.632538;164.363652;43.610596;1.431337;25.885853
112220;352.268886;156.632538;164.363652;43.610596;1.431337;25.885853
112260;348.489813;156.632538;168.142725;43.610596;1.431337;25.885853
112280;348.489813;156.515636;168.025823;43.610596;1.431337;25.908746
112300;348.489813;156.515636;168.025823;43.610596;1.431337;25.908746
112330;345.414867;156.418375;171.003508;43.610596;1.431336;25.927907
112360;345.414867;156.418375;171.003508;43.610596;1.431336;25.927907
112380;345.414867;156.418375;171.003508;43.610596;1.431336;25.927907
112400;345.414867;156.418375;171.003508;43.610596;1.431336;25.927907
112430;345.414867;156.418375;171.003508;43.610596;1.431336;25.927907
112450;341.836238;156.301853;174.465615;43.610596;1.431335;25.950998
112500;341.836238;156.301853;174.465615;43.610596;1.431335;25.950998
112520;341.836238;156.301853;174.465615;43.610596;1.431335;25.950998
112550;326.728510;156.127458;-170.601052;43.610596;1.431334;25.985835
112570;326.728510;156.127458;-170.601052;43.610596;1.431334;25.985835
112600;326.728510;156.127458;-170.601052;43.610596;1.431334;25.985835
112620;326.728510;156.127458;-170.601052;43.610596;1.431334;25.985835
112650;326.728512;156.328527;-170.399985;43.610600;1.431333;26.408841
112670;326.728512;156.328527;-170.399985;43.610600;1.431333;26.408841
112690;326.728512;156.328527;-170.399985;43.610600;1.431333;26.408841
112720;326.728512;156.328527;-170.399985;43.610600;1.431333;26.408841
112750;325.831673;156.328527;-169.503146;43.610600;1.431333;26.408841
112770;325.831673;156.100080;-169.731593;43.610600;1.431332;26.455291
112790;325.831673;156.100080;-169.731593;43.610600;1.431332;26.455291
112820;325.831673;156.100080;-169.731593;43.610600;1.431332;26.455291
112850;320.835469;155.986158;-164.849311;43.610600;1.431331;26.478674
112870;320.835469;155.986158;-164.849311;43.610600;1.431331;26.478674
112890;320.835469;155.986158;-164.849311;43.610600;1.431331;26.478674
112910;320.835469;155.986158;-164.849311;43.610600;1.431331;26.478674
112950;324.093798;156.062084;-168.031714;43.610600;1.431332;26.463074
112970;324.093798;156.062084;-168.031714;43.610600;1.431332;26.463074
113010;324.093798;156.062084;-168.031714;43.610600;1.431332;26.463074
113040;324.093798;156.062084;-168.031714;43.610600;1.431332;26.463074
113070;343.609125;156.373044;172.763919;43.610603;1.431331;26.862842
113090;343.609125;156.373044;172.763919;43.610603;1.431331;26.862842
113110;343.609125;156.373044;172.763919;43.610603;1.431331;26.862842
113130;343.609125;156.373044;172.763919;43.610603;1.431331;26.862842
113160;343.014386;156.354292;173.339906;43.610603;1.431331;26.866690
113190;343.014386;156.354292;173.339906;43.610603;1.431331;26.866690
113210;343.014386;156.354292;173.339906;43.610603;1.431331;26.866690
113230;343.014386;156.354292;173.339906;43.610603;1.431331;26.866690
113260;338.960837;156.223178;177.262341;43.610603;1.431330;26.893706
113280;338.960837;156.223178;177.262341;43.610603;1.431330;26.893706
113310;338.960837;156.223178;177.262341;43.610603;1.431330;26.893706
113340;350.368781;156.223178;165.854397;43.610603;1.431330;26.893706
113360;350.368781;156.508391;166.139610;43.610607;1.431330;27.297694
113380;350.368781;156.508391;166.139610;43.610607;1.431330;27.297694
113400;350.368781;156.508391;166.139610;43.610607;1.431330;27.297694
113440;350.368781;156.508391;166.139610;43.610607;1.431330;27.297694
113460;348.489815;156.452989;167.963174;43.610607;1.431329;27.309184
113480;348.489815;156.452989;167.963174;43.610607;1.431329;27.309184
113530;348.489815;156.452989;167.963174;43.610607;1.431329;27.309184
113560;346.635606;156.397634;169.762029;43.610607;1.431329;27.320700
113580;346.635606;156.397634;169.762029;43.610607;1.431329;27.320700
113600;346.635606;156.397634;169.762029;43.610607;1.431329;27.320700
113620;346.635606;156.397634;169.762029;43.610607;1.431329;27.320700
113650;343.014387;156.287065;173.272678;43.610607;1.431328;27.343807
113680;343.014387;156.287065;173.272678;43.610607;1.431328;27.343807
113700;343.014387;156.287065;173.272678;43.610607;1.431328;27.343807
113730;324.093801;156.287065;-167.806737;43.610607;1.431328;27.343807
113750;324.093801;156.121561;-167.972241;43.610607;1.431327;27.378658
113770;324.093801;156.121561;-167.972241;43.610607;1.431327;27.378658
113800;324.093801;156.121561;-167.972241;43.610607;1.431327;27.378658
113830;324.093801;156.121561;-167.972241;43.610607;1.431327;27.378658
113850;340.673779;156.367008;175.693229;43.610611;1.431327;27.790092
113870;340.673779;156.367008;175.693229;43.610611;1.431327;27.790092
113890;340.673779;156.367008;175.693229;43.610611;1.431327;27.790092
113920;340.673779;156.367008;175.693229;43.610611;1.431327;27.790092
113950;325.831678;156.258329;-169.573349;43.610611;1.431326;27.813227
113970;325.831678;156.258329;-169.573349;43.610611;1.431326;27.813227
113990;325.831678;156.258329;-169.573349;43.610611;1.431326;27.813227
114050;325.831678;156.258329;-169.573349;43.610611;1.431326;27.813227
114070;327.644163;156.131767;-171.512396;43.610611;1.431325;27.840343
114090;327.644163;156.131767;-171.512396;43.610611;1.431325;27.840343
114110;327.644163;156.131767;-171.512396;43.610611;1.431325;27.840343
114150;327.644163;156.131767;-171.512396;43.610611;1.431325;27.840343
114170;323.252388;156.041516;-167.210872;43.610611;1.431324;27.859795
114190;323.252388;156.041516;-167.210872;43.610611;1.431324;27.859795
114220;323.252388;156.041516;-167.210872;43.610611;1.431324;27.859795
114240;342.423398;156.319578;173.896180;43.610615;1.431324;28.263346
114270;342.423398;156.319578;173.896180;43.610615;1.431324;28.263346
114290;342.423398;156.319578;173.896180;43.610615;1.431324;28.263346
114310;342.423398;156.319578;173.896180;43.610615;1.431324;28.263346
114340;339.527625;156.319578;176.791953;43.610615;1.431324;28.263346
114360;339.527625;156.230548;176.702923;43.610615;1.431323;28.282653
114390;339.527625;156.230548;176.702923;43.610615;1.431323;28.282653
114410;339.527625;156.230548;176.702923;43.610615;1.431323;28.282653
114440;339.527625;156.230548;176.702923;43.610615;1.431323;28.282653
114460;324.093805;156.141640;-167.952165;43.610615;1.431323;28.302029
114480;324.093805;156.141640;-167.952165;43.610615;1.431323;28.302029
114510;324.093805;156.141640;-167.952165;43.610615;1.431323;28.302029
114560;325.831680;156.070601;-169.761079;43.610615;1.431322;28.317579
114580;325.831680;156.070601;-169.761079;43.610615;1.431322;28.317579
114600;325.831680;156.070601;-169.761079;43.610615;1.431322;28.317579
114630;325.831680;156.070601;-169.761079;43.610615;1.431322;28.317579
114660;344.809470;156.308756;171.499287;43.610619;1.431322;28.728900
114680;344.809470;156.308756;171.499287;43.610619;1.431322;28.728900
114700;344.809470;156.308756;171.499287;43.610619;1.431322;28.728900
114740;341.253012;156.203674;174.950662;43.610619;1.431321;28.752086
114760;341.253012;156.203674;174.950662;43.610619;1.431321;28.752086
114780;341.253012;156.203674;174.950662;43.610619;1.431321;28.752086
114800;341.253012;156.203674;174.950662;43.610619;1.431321;28.752086
114820;341.253012;156.203674;174.950662;43.610619;1.431321;28.752086
114860;326.728520;156.063827;-170.664693;43.610619;1.431320;28.783152
114880;326.728520;156.063827;-170.664693;43.610619;1.431320;28.783152
114900;326.728520;156.063827;-170.664693;43.610619;1.431320;28.783152
114920;326.728520;156.063827;-170.664693;43.610619;1.431320;28.783152
114950;325.831681;155.959141;-169.872540;43.610619;1.431319;28.806563
114980;325.831681;155.959141;-169.872540;43.610619;1.431319;28.806563
115000;325.831681;155.959141;-169.872540;43.610619;1.431319;28.806563
115020;325.831681;155.959141;-169.872540;43.610619;1.431319;28.806563
115070;324.953502;155.872033;-169.081470;43.610619;1.431319;28.826146
115100;324.953502;155.872033;-169.081470;43.610619;1.431319;28.826146
115130;324.953502;155.872033;-169.081470;43.610619;1.431319;28.826146
115150;325.831683;156.126038;-169.705645;43.610622;1.431318;29.233167
115170;325.831683;156.126038;-169.705645;43.610622;1.431318;29.233167
115190;325.831683;156.126038;-169.705645;43.610622;1.431318;29.233167
115230;325.831683;156.126038;-169.705645;43.610622;1.431318;29.233167
115250;327.644168;156.057269;-171.586898;43.610622;1.431318;29.248725
115270;327.644168;156.057269;-171.586898;43.610622;1.431318;29.248725
115290;327.644168;156.057269;-171.586898;43.610622;1.431318;29.248725
115310;327.644168;156.057269;-171.586898;43.610622;1.431318;29.248725
115350;327.644168;156.057269;-171.586898;43.610622;1.431318;29.248725
115370;324.093808;155.988574;-168.105235;43.610622;1.431317;29.264326
115390;324.093808;155.988574;-168.105235;43.610622;1.431317;29.264326
115410;324.093808;155.988574;-168.105235;43.610622;1.431317;29.264326
115440;327.644168;155.988574;-171.655594;43.610622;1.431317;29.264326
115470;327.644168;155.919951;-171.724217;43.610622;1.431317;29.279968
115490;327.644168;155.919951;-171.724217;43.610622;1.431317;29.279968
115510;327.644168;155.919951;-171.724217;43.610622;1.431317;29.279968
115530;327.644168;155.919951;-171.724217;43.610622;1.431317;29.279968
115590;346.635610;156.186363;169.550753;43.610626;1.431316;29.683215
115620;346.635610;156.186363;169.550753;43.610626;1.431316;29.683215
115640;343.014392;156.084752;173.070360;43.610626;1.431315;29.706512
115660;343.014392;156.084752;173.070360;43.610626;1.431315;29.706512
115690;343.014392;156.084752;173.070360;43.610626;1.431315;29.706512
115710;343.014392;156.084752;173.070360;43.610626;1.431315;29.706512
115740;343.014392;156.084752;173.070360;43.610626;1.431315;29.706512
115760;327.644169;155.983300;-171.660869;43.610626;1.431315;29.729903
115780;327.644169;155.983300;-171.660869;43.610626;1.431315;29.729903
115810;327.644169;155.983300;-171.660869;43.610626;1.431315;29.729903
115840;327.644169;155.983300;-171.660869;43.610626;1.431315;29.729903
115860;325.831685;155.882009;-169.949676;43.610626;1.431314;29.753387
115880;325.831685;155.882009;-169.949676;43.610626;1.431314;29.753387
115910;342.423402;155.882009;173.458607;43.610626;1.431314;29.753387
115940;342.423402;156.111400;173.687998;43.610630;1.431313;30.164306
115960;342.423402;156.111400;173.687998;43.610630;1.431313;30.164306
115980;342.423402;156.111400;173.687998;43.610630;1.431313;30.164306
116010;342.423402;156.111400;173.687998;43.610630;1.431313;30.164306
116030;324.093812;155.978189;-168.115622;43.610630;1.431312;30.195481
116080;324.093812;155.978189;-168.115622;43.610630;1.431312;30.195481
116100;324.093812;155.978189;-168.115622;43.610630;1.431312;30.195481
116130;326.728525;155.828657;-170.899868;43.610630;1.431311;30.230747
116160;326.728525;155.828657;-170.899868;43.610630;1.431311;30.230747
116180;326.728525;155.828657;-170.899868;43.610630;1.431311;30.230747
116200;326.728525;155.828657;-170.899868;43.610630;1.431311;30.230747
116220;326.728525;155.828657;-170.899868;43.610630;1.431311;30.230747
116250;323.252397;155.762310;-167.490087;43.610630;1.431311;30.246486
116280;323.252397;155.762310;-167.490087;43.610630;1.431311;30.246486
116300;323.252397;155.762310;-167.490087;43.610630;1.431311;30.246486
116320;323.252397;155.762310;-167.490087;43.610630;1.431311;30.246486
116350;324.093812;155.679474;-168.414338;43.610630;1.431310;30.266218
116370;324.093812;155.679474;-168.414338;43.610630;1.431310;30.266218
116400;324.093812;155.679474;-168.414338;43.610630;1.431310;30.266218
116420;324.093812;155.679474;-168.414338;43.610630;1.431310;30.266218
116450;324.093812;155.679474;-168.414338;43.610630;1.431310;30.266218
116470;325.831688;155.940480;-169.891208;43.610634;1.431310;30.668879
116490;325.831688;155.940480;-169.891208;43.610634;1.431310;30.668879
116530;327.644173;155.842320;-171.801852;43.610634;1.431309;30.692400
116550;327.644173;155.842320;-171.801852;43.610634;1.431309;30.692400
116590;327.644173;155.842320;-171.801852;43.610634;1.431309;30.692400
116620;327.644173;155.842320;-171.801852;43.610634;1.431309;30.692400
116650;327.644173;155.842320;-171.801852;43.610634;1.431309;30.692400
116670;322.429039;155.744311;-166.684728;43.610634;1.431308;30.716012
116690;322.429039;155.744311;-166.684728;43.610634;1.431308;30.716012
116710;322.429039;155.744311;-166.684728;43.610634;1.431308;30.716012
116750;324.953509;155.646453;-169.307056;43.610634;1.431308;30.739714
116770;324.953509;155.646453;-169.307056;43.610634;1.431308;30.739714
116790;324.953509;155.646453;-169.307056;43.610634;1.431308;30.739714
116810;324.953509;155.646453;-169.307056;43.610634;1.431308;30.739714
116840;324.953509;155.646453;-169.307056;43.610634;1.431308;30.739714
116870;342.423404;155.871688;173.448284;43.610638;1.431307;31.150132
116890;342.423404;155.871688;173.448284;43.610638;1.431307;31.150132
116910;342.423404;155.871688;173.448284;43.610638;1.431307;31.150132
116930;342.423404;155.871688;173.448284;43.610638;1.431307;31.150132
116960;325.831690;155.775095;-170.056594;43.610638;1.431306;31.173716
116990;325.831690;155.775095;-170.056594;43.610638;1.431306;31.173716
117010;325.831690;155.775095;-170.056594;43.610638;1.431306;31.173716
117040;324.093815;155.646533;-168.447282;43.610638;1.431305;31.205299
117060;324.093815;155.646533;-168.447282;43.610638;1.431305;31.205299
117110;324.093815;155.646533;-168.447282;43.610638;1.431305;31.205299
117140;323.252400;155.534255;-167.718146;43.610638;1.431304;31.233062
117160;323.252400;155.534255;-167.718146;43.610638;1.431304;31.233062
117180;323.252400;155.534255;-167.718146;43.610638;1.431304;31.233062
117210;323.252400;155.534255;-167.718146;43.610638;1.431304;31.233062
117230;323.252400;155.534255;-167.718146;43.610638;1.431304;31.233062
117260;327.644176;155.741590;-171.902586;43.610641;1.431304;31.647181
117280;327.644176;155.741590;-171.902586;43.610641;1.431304;31.647181
117300;327.644176;155.741590;-171.902586;43.610641;1.431304;31.647181
117330;327.644176;155.741590;-171.902586;43.610641;1.431304;31.647181
117360;326.728530;155.630795;-171.097735;43.610641;1.431303;31.674843
117380;326.728530;155.630795;-171.097735;43.610641;1.431303;31.674843
117400;326.728530;155.630795;-171.097735;43.610641;1.431303;31.674843
117430;322.429042;155.630795;-166.798248;43.610641;1.431303;31.674843
117460;322.429042;155.551774;-166.877269;43.610641;1.431302;31.694673
117480;322.429042;155.551774;-166.877269;43.610641;1.431302;31.694673
117500;322.429042;155.551774;-166.877269;43.610641;1.431302;31.694673
117530;322.429042;155.551774;-166.877269;43.610641;1.431302;31.694673
117550;325.831691;155.488628;-170.343063;43.610641;1.431302;31.710581
117580;325.831691;155.488628;-170.343063;43.610641;1.431302;31.710581
117630;325.831691;155.488628;-170.343063;43.610641;1.431302;31.710581
117650;326.728530;155.394029;-171.334501;43.610641;1.431301;31.734515
117680;326.728530;155.394029;-171.334501;43.610641;1.431301;31.734515
117700;326.728530;155.394029;-171.334501;43.610641;1.431301;31.734515
117720;326.728530;155.394029;-171.334501;43.610641;1.431301;31.734515
117740;326.728530;155.394029;-171.334501;43.610641;1.431301;31.734515
117770;338.960850;155.631100;176.670250;43.610645;1.431300;32.140428
117800;338.960850;155.631100;176.670250;43.610645;1.431300;32.140428
117820;338.960850;155.631100;176.670250;43.610645;1.431300;32.140428
117850;324.093819;155.553222;-168.540596;43.610645;1.431300;32.160258
117870;324.093819;155.553222;-168.540596;43.610645;1.431300;32.160258
117890;324.093819;155.553222;-168.540596;43.610645;1.431300;32.160258
117930;324.093819;155.553222;-168.540596;43.610645;1.431300;32.160258
117950;322.429044;155.522099;-166.906946;43.610645;1.431299;32.168206
117970;322.429044;155.522099;-166.906946;43.610645;1.431299;32.168206
117990;322.429044;155.522099;-166.906946;43.610645;1.431299;32.168206
118020;322.429044;155.522099;-166.906946;43.610645;1.431299;32.168206
118050;326.728532;155.413286;-171.315246;43.610645;1.431299;32.196101
118070;326.728532;155.413286;-171.315246;43.610645;1.431299;32.196101
118110;326.728532;155.413286;-171.315246;43.610645;1.431299;32.196101
118140;326.728532;155.413286;-171.315246;43.610645;1.431299;32.196101
118170;345.414879;155.662128;170.247249;43.610649;1.431298;32.598098
118190;345.414879;155.662128;170.247249;43.610649;1.431298;32.598098
118210;345.414879;155.662128;170.247249;43.610649;1.431298;32.598098
118230;345.414879;155.662128;170.247249;43.610649;1.431298;32.598098
118270;341.253020;155.554630;174.301609;43.610649;1.431297;32.625842
118290;341.253020;155.554630;174.301609;43.610649;1.431297;32.625842
118310;341.253020;155.554630;174.301609;43.610649;1.431297;32.625842
118330;341.253020;155.554630;174.301609;43.610649;1.431297;32.625842
118360;324.093820;155.447314;-168.646506;43.610649;1.431296;32.653701
118390;324.093820;155.447314;-168.646506;43.610649;1.431296;32.653701
118410;324.093820;155.447314;-168.646506;43.610649;1.431296;32.653701
118440;325.831695;155.370773;-170.460922;43.610649;1.431296;32.673671
118460;325.831695;155.370773;-170.460922;43.610649;1.431296;32.673671
118480;325.831695;155.370773;-170.460922;43.610649;1.431296;32.673671
118510;325.831695;155.370773;-170.460922;43.610649;1.431296;32.673671
118540;325.831695;155.370773;-170.460922;43.610649;1.431296;32.673671
118560;343.014399;155.616539;172.602140;43.610653;1.431295;33.075559
118580;343.014399;155.616539;172.602140;43.610653;1.431295;33.075559
118630;343.014399;155.616539;172.602140;43.610653;1.431295;33.075559
118660;327.644181;155.540871;-172.103310;43.610653;1.431295;33.095399
118680;327.644181;155.540871;-172.103310;43.610653;1.431295;33.095399
118700;327.644181;155.540871;-172.103310;43.610653;1.431295;33.095399
118720;327.644181;155.540871;-172.103310;43.610653;1.431295;33.095399
118760;323.252407;155.465294;-167.787113;43.610653;1.431294;33.115297
118780;323.252407;155.465294;-167.787113;43.610653;1.431294;33.115297
118800;323.252407;155.465294;-167.787113;43.610653;1.431294;33.115297
118830;347.250724;155.676787;168.426063;43.610657;1.431293;33.525314
118860;347.250724;155.676787;168.426063;43.610657;1.431293;33.525314
118880;347.250724;155.676787;168.426063;43.610657;1.431293;33.525314
118900;347.250724;155.676787;168.426063;43.610657;1.431293;33.525314
118920;347.250724;155.676787;168.426063;43.610657;1.431293;33.525314
118950;343.609138;155.676787;172.067649;43.610657;1.431293;33.525314
118970;343.609138;155.587171;171.978033;43.610657;1.431293;33.549073
119000;343.609138;155.587171;171.978033;43.610657;1.431293;33.549073
119020;343.609138;155.587171;171.978033;43.610657;1.431293;33.549073
119050;327.644183;155.587171;-172.057012;43.610657;1.431293;33.549073
119070;327.644183;155.497682;-172.146501;43.610657;1.431292;33.572914
119090;327.644183;155.497682;-172.146501;43.610657;1.431292;33.572914
119150;327.644183;155.497682;-172.146501;43.610657;1.431292;33.572914
119170;326.728537;155.408320;-171.320217;43.610657;1.431291;33.596838
119190;326.728537;155.408320;-171.320217;43.610657;1.431291;33.596838
119220;326.728537;155.408320;-171.320217;43.610657;1.431291;33.596838
119240;326.728537;155.408320;-171.320217;43.610657;1.431291;33.596838
119270;325.831698;155.319085;-170.512613;43.610657;1.431291;33.620842
119290;325.831698;155.319085;-170.512613;43.610657;1.431291;33.620842
119320;325.831700;155.529198;-170.302502;43.610661;1.431290;34.030542
119350;325.831700;155.529198;-170.302502;43.610661;1.431290;34.030542
119370;325.831700;155.529198;-170.302502;43.610661;1.431290;34.030542
119390;325.831700;155.529198;-170.302502;43.610661;1.431290;34.030542
119410;325.831700;155.529198;-170.302502;43.610661;1.431290;34.030542
119440;324.093826;155.411648;-168.682177;43.610661;1.431289;34.062419
119470;324.093826;155.411648;-168.682177;43.610661;1.431289;34.062419
119490;324.093826;155.411648;-168.682177;43.610661;1.431289;34.062419
119510;324.093826;155.411648;-168.682177;43.610661;1.431289;34.062419
119540;324.953521;155.411648;-169.541873;43.610661;1.431289;34.062419
119570;324.953521;155.338291;-169.615230;43.610661;1.431288;34.082414
119590;324.953521;155.338291;-169.615230;43.610661;1.431288;34.082414
119620;344.809481;155.559879;170.750398;43.610664;1.431288;34.488180
119660;344.809481;155.559879;170.750398;43.610664;1.431288;34.488180
119690;344.809481;155.559879;170.750398;43.610664;1.431288;34.488180
119710;344.809481;155.559879;170.750398;43.610664;1.431288;34.488180
119740;342.423411;155.501842;173.078431;43.610664;1.431287;34.504081
119760;342.423411;155.501842;173.078431;43.610664;1.431287;34.504081
119780;342.423411;155.501842;173.078431;43.610664;1.431287;34.504081
119810;342.423411;155.501842;173.078431;43.610664;1.431287;34.504081
119840;342.423411;155.501842;173.078431;43.610664;1.431287;34.504081
119860;340.098643;155.443858;175.345216;43.610664;1.431287;34.520018
119880;340.098643;155.443858;175.345216;43.610664;1.431287;34.520018
119900;340.098643;155.443858;175.345216;43.610664;1.431287;34.520018
119920;340.098643;155.443858;175.345216;43.610664;1.431287;34.520018
119960;325.831702;155.385929;-170.445773;43.610664;1.431286;34.535990
119980;325.831702;155.385929;-170.445773;43.610664;1.431286;34.535990
120000;325.831702;155.385929;-170.445773;43.610664;1.431286;34.535990
120020;325.831702;155.385929;-170.445773;43.610664;1.431286;34.535990
120060;346.635619;155.618420;168.982802;43.610668;1.431286;34.937899
120080;346.635619;155.618420;168.982802;43.610668;1.431286;34.937899
120100;346.635619;155.618420;168.982802;43.610668;1.431286;34.937899
120120;346.635619;155.618420;168.982802;43.610668;1.431286;34.937899
120180;342.423412;155.518150;173.094738;43.610668;1.431285;34.965687
120200;342.423412;155.518150;173.094738;43.610668;1.431285;34.965687
120230;342.423412;155.518150;173.094738;43.610668;1.431285;34.965687
120250;327.644188;155.446626;-172.197561;43.610668;1.431284;34.985600
120270;327.644188;155.446626;-172.197561;43.610668;1.431284;34.985600
120300;327.644188;155.446626;-172.197561;43.610668;1.431284;34.985600
120330;327.644188;155.446626;-172.197561;43.610668;1.431284;34.985600
120350;326.728542;155.375184;-171.353358;43.610668;1.431284;35.005568
120370;326.728542;155.375184;-171.353358;43.610668;1.431284;35.005568
120390;326.728542;155.375184;-171.353358;43.610668;1.431284;35.005568
120420;326.728542;155.375184;-171.353358;43.610668;1.431284;35.005568
120450;342.423413;155.562296;173.138883;43.610672;1.431283;35.419349
120470;342.423413;155.562296;173.138883;43.610672;1.431283;35.419349
120490;342.423413;155.562296;173.138883;43.610672;1.431283;35.419349
120510;342.423413;155.562296;173.138883;43.610672;1.431283;35.419349
120550;342.423413;155.562296;173.138883;43.610672;1.431283;35.419349
120570;324.953526;155.463432;-169.490094;43.610672;1.431282;35.447196
120590;324.953526;155.463432;-169.490094;43.610672;1.431282;35.447196
120610;324.953526;155.463432;-169.490094;43.610672;1.431282;35.447196
120630;324.953526;155.463432;-169.490094;43.610672;1.431282;35.447196
120690;326.728543;155.392910;-171.335634;43.610672;1.431282;35.467151
120710;326.728543;155.392910;-171.335634;43.610672;1.431282;35.467151
120740;326.728543;155.322467;-171.406076;43.610672;1.431281;35.487159
120770;326.728543;155.322467;-171.406076;43.610672;1.431281;35.487159
120790;326.728543;155.322467;-171.406076;43.610672;1.431281;35.487159
120810;326.728543;155.322467;-171.406076;43.610672;1.431281;35.487159
120840;326.728543;155.322467;-171.406076;43.610672;1.431281;35.487159
120860;342.423414;155.549508;173.126094;43.610676;1.431280;35.888905
120890;342.423414;155.549508;173.126094;43.610676;1.431280;35.888905
120910;342.423414;155.549508;173.126094;43.610676;1.431280;35.888905
120930;342.423414;155.549508;173.126094;43.610676;1.431280;35.888905
120960;340.098646;155.493740;175.395094;43.610676;1.431280;35.904812
120980;340.098646;155.493740;175.395094;43.610676;1.431280;35.904812
121010;340.098646;155.493740;175.395094;43.610676;1.431280;35.904812
121030;340.098646;155.493740;175.395094;43.610676;1.431280;35.904812
121060;325.831707;155.424099;-170.407607;43.610676;1.431279;35.924743
121080;325.831707;155.424099;-170.407607;43.610676;1.431279;35.924743
121110;325.831707;155.424099;-170.407607;43.610676;1.431279;35.924743
121140;349.113572;155.647280;166.533709;43.610680;1.431279;36.326735
121180;349.113572;155.647280;166.533709;43.610680;1.431279;36.326735
121200;349.113572;155.647280;166.533709;43.610680;1.431279;36.326735
121230;349.113572;155.647280;166.533709;43.610680;1.431279;36.326735
121260;346.023636;155.578364;169.554728;43.610680;1.431278;36.346549
121280;346.023636;155.578364;169.554728;43.610680;1.431278;36.346549
121300;346.023636;155.578364;169.554728;43.610680;1.431278;36.346549
121320;346.023636;155.578364;169.554728;43.610680;1.431278;36.346549
121360;342.423415;155.495764;173.072348;43.610680;1.431278;36.370395
121380;342.423415;155.495764;173.072348;43.610680;1.431278;36.370395
121400;342.423415;155.495764;173.072348;43.610680;1.431278;36.370395
121420;342.423415;155.495764;173.072348;43.610680;1.431278;36.370395
121450;342.423415;155.495764;173.072348;43.610680;1.431278;36.370395
121470;325.831708;155.413272;-170.418436;43.610680;1.431277;36.394317
121500;325.831708;155.413272;-170.418436;43.610680;1.431277;36.394317
121520;325.831708;155.413272;-170.418436;43.610680;1.431277;36.394317
121550;343.014407;155.606502;172.592095;43.610683;1.431276;36.804202
121570;343.014407;155.606502;172.592095;43.610683;1.431276;36.804202
121590;343.014407;155.606502;172.592095;43.610683;1.431276;36.804202
121630;343.014407;155.606502;172.592095;43.610683;1.431276;36.804202
121650;325.831710;155.511322;-170.320388;43.610683;1.431275;36.831999
121690;325.831710;155.511322;-170.320388;43.610683;1.431275;36.831999
121720;325.831710;155.511322;-170.320388;43.610683;1.431275;36.831999
121750;324.093836;155.416285;-168.677551;43.610683;1.431275;36.859898
121770;324.093836;155.416285;-168.677551;43.610683;1.431275;36.859898
121790;324.093836;155.416285;-168.677551;43.610683;1.431275;36.859898
121810;324.093836;155.416285;-168.677551;43.610683;1.431275;36.859898
121850;324.093836;155.416285;-168.677551;43.610683;1.431275;36.859898
121870;326.728548;155.375599;-171.352949;43.610683;1.431274;36.871886
121890;326.728548;155.375599;-171.352949;43.610683;1.431274;36.871886
121910;326.728548;155.375599;-171.352949;43.610683;1.431274;36.871886
121930;326.728548;155.375599;-171.352949;43.610683;1.431274;36.871886
121970;324.953531;155.348490;-169.605041;43.610683;1.431274;36.879888
121990;324.953531;155.348490;-169.605041;43.610683;1.431274;36.879888
122020;341.253031;155.348490;174.095459;43.610683;1.431274;36.879888
122040;341.253031;155.553341;174.300310;43.610687;1.431273;37.285658
122060;341.253031;155.553341;174.300310;43.610687;1.431273;37.285658
122090;341.253031;155.553341;174.300310;43.610687;1.431273;37.285658
122120;341.253031;155.553341;174.300310;43.610687;1.431273;37.285658
122140;326.728550;155.486246;-171.242304;43.610687;1.431273;37.305543
122160;326.728550;155.486246;-171.242304;43.610687;1.431273;37.305543
122210;326.728550;155.486246;-171.242304;43.610687;1.431273;37.305543
122240;323.252423;155.432622;-167.819801;43.610687;1.431272;37.321488
122260;323.252423;155.432622;-167.819801;43.610687;1.431272;37.321488
122280;323.252423;155.432622;-167.819801;43.610687;1.431272;37.321488
122310;323.252423;155.432622;-167.819801;43.610687;1.431272;37.321488
122340;323.252423;155.432622;-167.819801;43.610687;1.431272;37.321488
122360;347.250731;155.620894;168.370163;43.610691;1.431272;37.731409
122380;347.250731;155.620894;168.370163;43.610691;1.431272;37.731409
122400;347.250731;155.620894;168.370163;43.610691;1.431272;37.731409
122430;347.250731;155.620894;168.370163;43.610691;1.431272;37.731409
122460;343.609147;155.541297;171.932149;43.610691;1.431271;37.755215
122480;343.609147;155.541297;171.932149;43.610691;1.431271;37.755215
122500;343.609147;155.541297;171.932149;43.610691;1.431271;37.755215
122530;325.831713;155.541297;-170.290417;43.610691;1.431271;37.755215
122560;325.831713;155.422089;-170.409624;43.610691;1.431270;37.791061
122580;325.831713;155.422089;-170.409624;43.610691;1.431270;37.791061
122600;325.831713;155.422089;-170.409624;43.610691;1.431270;37.791061
122630;324.953535;155.422089;-169.531446;43.610691;1.431270;37.791061
122650;324.953535;155.342743;-169.610792;43.610691;1.431269;37.815048
122680;324.953535;155.342743;-169.610792;43.610691;1.431269;37.815048
122730;324.953535;155.342743;-169.610792;43.610691;1.431269;37.815048
122750;339.527650;155.529548;176.001898;43.610695;1.431268;38.224774
122780;339.527650;155.529548;176.001898;43.610695;1.431268;38.224774
122800;339.527650;155.529548;176.001898;43.610695;1.431268;38.224774
122820;339.527650;155.529548;176.001898;43.610695;1.431268;38.224774
122850;339.527650;155.529548;176.001898;43.610695;1.431268;38.224774
122870;324.093841;155.464113;-168.629728;43.610695;1.431268;38.244677
122890;324.093841;155.464113;-168.629728;43.610695;1.431268;38.244677
122920;324.093841;155.464113;-168.629728;43.610695;1.431268;38.244677
122950;324.093841;155.464113;-168.629728;43.610695;1.431268;38.244677
122970;324.093841;155.385681;-168.708160;43.610695;1.431267;38.268625
122990;324.093841;155.385681;-168.708160;43.610695;1.431267;38.268625
123010;324.093841;155.385681;-168.708160;43.610695;1.431267;38.268625
123050;327.644199;155.320397;-172.323802;43.610695;1.431266;38.288638
123070;327.644199;155.320397;-172.323802;43.610695;1.431266;38.288638
123090;327.644199;155.320397;-172.323802;43.610695;1.431266;38.288638
123110;327.644199;155.320397;-172.323802;43.610695;1.431266;38.288638
123150;343.014411;155.518084;172.503673;43.610699;1.431266;38.694334
123170;343.014411;155.518084;172.503673;43.610699;1.431266;38.694334
123190;343.014411;155.518084;172.503673;43.610699;1.431266;38.694334
123240;343.014411;155.518084;172.503673;43.610699;1.431266;38.694334
123270;340.098653;155.453449;175.354796;43.610699;1.431265;38.714245
123290;340.098653;155.453449;175.354796;43.610699;1.431265;38.714245
123320;326.728555;155.414700;-171.313855;43.610699;1.431265;38.726216
123340;326.728555;155.414700;-171.313855;43.610699;1.431265;38.726216
123360;326.728555;155.414700;-171.313855;43.610699;1.431265;38.726216
123390;326.728555;155.414700;-171.313855;43.610699;1.431265;38.726216
123420;326.728555;155.414700;-171.313855;43.610699;1.431265;38.726216
123440;327.644201;155.363072;-172.281129;43.610699;1.431264;38.742203
123460;327.644201;155.363072;-172.281129;43.610699;1.431264;38.742203
123480;327.644201;155.363072;-172.281129;43.610699;1.431264;38.742203
123510;327.644201;155.363072;-172.281129;43.610699;1.431264;38.742203
123540;345.414892;155.363072;169.948180;43.610699;1.431264;38.742203
123560;345.414892;155.545240;170.130348;43.610703;1.431264;39.151968
123580;345.414892;155.545240;170.130348;43.610703;1.431264;39.151968
123600;345.414892;155.545240;170.130348;43.610703;1.431264;39.151968
123640;345.414892;155.545240;170.130348;43.610703;1.431264;39.151968
123660;342.423422;155.481346;173.057924;43.610703;1.431263;39.171858
123680;342.423422;155.481346;173.057924;43.610703;1.431263;39.171858
123700;342.423422;155.481346;173.057924;43.610703;1.431263;39.171858
123760;327.644202;155.417517;-172.226685;43.610703;1.431262;39.191797
123780;327.644202;155.417517;-172.226685;43.610703;1.431262;39.191797
123800;327.644202;155.417517;-172.226685;43.610703;1.431262;39.191797
123820;327.644202;155.417517;-172.226685;43.610703;1.431262;39.191797
123860;325.831719;155.328266;-170.503453;43.610703;1.431262;39.219792
123880;325.831719;155.328266;-170.503453;43.610703;1.431262;39.219792
123900;325.831719;155.328266;-170.503453;43.610703;1.431262;39.219792
123930;342.423423;155.328266;172.904843;43.610703;1.431262;39.219792
123950;342.423423;155.521227;173.097805;43.610706;1.431261;39.625502
123980;342.423423;155.521227;173.097805;43.610706;1.431261;39.625502
124000;342.423423;155.521227;173.097805;43.610706;1.431261;39.625502
124020;342.423423;155.521227;173.097805;43.610706;1.431261;39.625502
124050;340.098655;155.470727;175.372072;43.610706;1.431261;39.641425
124070;340.098655;155.470727;175.372072;43.610706;1.431261;39.641425
124100;340.098655;155.470727;175.372072;43.610706;1.431261;39.641425
124120;340.098655;155.470727;175.372072;43.610706;1.431261;39.641425
124150;325.831720;155.470727;-170.360993;43.610706;1.431261;39.641425
124170;325.831720;155.420268;-170.411452;43.610706;1.431260;39.657378
124200;325.831720;155.420268;-170.411452;43.610706;1.431260;39.657378
124230;348.489834;155.610190;167.120355;43.610710;1.431260;40.063297
124270;348.489834;155.610190;167.120355;43.610710;1.431260;40.063297
124290;348.489834;155.610190;167.120355;43.610710;1.431260;40.063297
124310;348.489834;155.610190;167.120355;43.610710;1.431260;40.063297
124350;348.489834;155.610190;167.120355;43.610710;1.431260;40.063297
124370;346.023642;155.560206;169.536564;43.610710;1.431259;40.079165
124390;346.023642;155.560206;169.536564;43.610710;1.431259;40.079165
124410;346.023642;155.560206;169.536564;43.610710;1.431259;40.079165
124440;343.014414;155.497782;172.483368;43.610710;1.431258;40.099043
124470;343.014414;155.497782;172.483368;43.610710;1.431258;40.099043
124490;343.014414;155.497782;172.483368;43.610710;1.431258;40.099043
124510;343.014414;155.497782;172.483368;43.610710;1.431258;40.099043
124550;343.014414;155.497782;172.483368;43.610710;1.431258;40.099043
124570;343.014414;155.497782;172.483368;43.610710;1.431258;40.099043
124590;343.014414;155.497782;172.483368;43.610710;1.431258;40.099043
124610;343.014414;155.497782;172.483368;43.610710;1.431258;40.099043
124640;343.014414;155.497782;172.483368;43.610710;1.431258;40.099043
124670;346.023643;155.647751;169.624108;43.610714;1.431257;40.517000
124690;346.023643;155.647751;169.624108;43.610714;1.431257;40.517000
124710;346.023643;155.647751;169.624108;43.610714;1.431257;40.517000
124740;342.423425;155.573607;173.150182;43.610714;1.431257;40.540779
124790;342.423425;155.573607;173.150182;43.610714;1.431257;40.540779
124820;342.423425;155.573607;173.150182;43.610714;1.431257;40.540779
124840;325.831724;155.487216;-170.344508;43.610714;1.431256;40.568607
124860;325.831724;155.487216;-170.344508;43.610714;1.431256;40.568607
124900;324.953545;155.487216;-169.466329;43.610714;1.431256;40.568607
124920;324.953545;155.425580;-169.527965;43.610714;1.431255;40.588541
124940;324.953545;155.425580;-169.527965;43.610714;1.431255;40.588541
124960;324.953545;155.425580;-169.527965;43.610714;1.431255;40.588541
124990;324.953545;155.425580;-169.527965;43.610714;1.431255;40.588541
125020;340.673810;155.611136;174.937325;43.610718;1.431255;40.994466
125040;340.673810;155.611136;174.937325;43.610718;1.431255;40.994466
125060;340.673810;155.611136;174.937325;43.610718;1.431255;40.994466
125080;340.673810;155.611136;174.937325;43.610718;1.431255;40.994466
125110;338.398369;155.562286;177.163917;43.610718;1.431254;41.010334
125140;338.398369;155.562286;177.163917;43.610718;1.431254;41.010334
125160;338.398369;155.562286;177.163917;43.610718;1.431254;41.010334
125180;338.398369;155.562286;177.163917;43.610718;1.431254;41.010334
125200;338.398369;155.562286;177.163917;43.610718;1.431254;41.010334
125230;338.398369;155.562286;177.163917;43.610718;1.431254;41.010334
125260;324.093851;155.501278;-168.592573;43.610718;1.431254;41.030210
125300;324.093851;155.501278;-168.592573;43.610718;1.431254;41.030210
125330;324.093851;155.501278;-168.592573;43.610718;1.431254;41.030210
125360;324.093851;155.428146;-168.665705;43.610718;1.431253;41.054122
125380;324.093851;155.428146;-168.665705;43.610718;1.431253;41.054122
125400;324.093851;155.428146;-168.665705;43.610718;1.431253;41.054122
125420;324.093851;155.428146;-168.665705;43.610718;1.431253;41.054122
125450;344.809495;155.623674;170.814179;43.610722;1.431252;41.456089
125480;344.809495;155.623674;170.814179;43.610722;1.431252;41.456089
125500;344.809495;155.623674;170.814179;43.610722;1.431252;41.456089
125520;344.809495;155.623674;170.814179;43.610722;1.431252;41.456089
125550;342.423427;155.623674;173.200247;43.610722;1.431252;41.456089
125570;342.423427;155.575363;173.151936;43.610722;1.431252;41.471949
125590;342.423427;155.575363;173.151936;43.610722;1.431252;41.471949
125620;342.423427;155.575363;173.151936;43.610722;1.431252;41.471949
125650;342.423427;155.575363;173.151936;43.610722;1.431252;41.471949
125670;340.098660;155.527090;175.428430;43.610722;1.431252;41.487837
125690;340.098660;155.527090;175.428430;43.610722;1.431252;41.487837
125730;349.113580;155.707678;166.594098;43.610725;1.431251;41.893991
125750;349.113580;155.707678;166.594098;43.610725;1.431251;41.893991
125770;349.113580;155.707678;166.594098;43.610725;1.431251;41.893991
125820;349.113580;155.707678;166.594098;43.610725;1.431251;41.893991
125850;345.414897;155.635935;170.221038;43.610725;1.431250;41.917714
125870;345.414897;155.635935;170.221038;43.610725;1.431250;41.917714
125890;345.414897;155.635935;170.221038;43.610725;1.431250;41.917714
125910;345.414897;155.635935;170.221038;43.610725;1.431250;41.917714
125940;345.414897;155.635935;170.221038;43.610725;1.431250;41.917714
125970;341.253042;155.552339;174.299296;43.610725;1.431249;41.945474
125990;341.253042;155.552339;174.299296;43.610725;1.431249;41.945474
126010;341.253042;155.552339;174.299296;43.610725;1.431249;41.945474
126030;341.253042;155.552339;174.299296;43.610725;1.431249;41.945474
126060;326.728567;155.468853;-171.259714;43.610725;1.431249;41.973323
126090;326.728567;155.468853;-171.259714;43.610725;1.431249;41.973323
126110;326.728567;155.468853;-171.259714;43.610725;1.431249;41.973323
126130;326.728567;155.468853;-171.259714;43.610725;1.431249;41.973323
126160;340.098662;155.624292;175.525630;43.610729;1.431248;42.387259
126180;340.098662;155.624292;175.525630;43.610729;1.431248;42.387259
126220;340.098662;155.624292;175.525630;43.610729;1.431248;42.387259
126240;323.252442;155.553431;-167.699011;43.610729;1.431247;42.411058
126260;323.252442;155.553431;-167.699011;43.610729;1.431247;42.411058
126280;323.252442;155.553431;-167.699011;43.610729;1.431247;42.411058
126340;326.728568;155.553431;-171.175138;43.610729;1.431247;42.411058
126360;326.728568;155.529828;-171.198740;43.610729;1.431247;42.419005
126380;326.728568;155.529828;-171.198740;43.610729;1.431247;42.419005
126400;326.728568;155.529828;-171.198740;43.610729;1.431247;42.419005
126420;326.728568;155.529828;-171.198740;43.610729;1.431247;42.419005
126460;347.868849;155.718168;167.849319;43.610733;1.431246;42.821213
126480;347.868849;155.718168;167.849319;43.610733;1.431246;42.821213
126500;347.868849;155.718168;167.849319;43.610733;1.431246;42.821213
126520;347.868849;155.718168;167.849319;43.610733;1.431246;42.821213
126560;347.250739;155.706463;168.455724;43.610733;1.431246;42.825161
126580;347.250739;155.706463;168.455724;43.610733;1.431246;42.825161
126600;347.250739;155.706463;168.455724;43.610733;1.431246;42.825161
126620;347.250739;155.706463;168.455724;43.610733;1.431246;42.825161
126650;347.868849;155.718168;167.849319;43.610733;1.431246;42.821213
126670;347.868849;155.718168;167.849319;43.610733;1.431246;42.821213
126700;347.868849;155.718168;167.849319;43.610733;1.431246;42.821213
126730;346.635633;155.718168;169.082535;43.610733;1.431246;42.821213
126750;346.635633;155.694761;169.059128;43.610733;1.431246;42.829110
126770;346.635633;155.694761;169.059128;43.610733;1.431246;42.829110
126790;346.635633;155.694761;169.059128;43.610733;1.431246;42.829110
126850;357.408981;155.949472;158.540491;43.610737;1.431246;43.208215
126870;357.408981;155.949472;158.540491;43.610737;1.431246;43.208215
126900;357.408981;155.949472;158.540491;43.610737;1.431246;43.208215
126930;352.906306;155.868170;162.961864;43.610737;1.431245;43.235638
126950;352.906306;155.868170;162.961864;43.610737;1.431245;43.235638
126970;352.906306;155.868170;162.961864;43.610737;1.431245;43.235638
127000;352.906306;155.868170;162.961864;43.610737;1.431245;43.235638
127020;347.868850;155.775380;167.906530;43.610737;1.431244;43.267086
127050;347.868850;155.775380;167.906530;43.610737;1.431244;43.267086
127080;347.868850;155.775380;167.906530;43.610737;1.431244;43.267086
127100;343.609159;155.694299;172.085140;43.610737;1.431244;43.294695
127120;343.609159;155.694299;172.085140;43.610737;1.431244;43.294695
127140;343.609159;155.694299;172.085140;43.610737;1.431244;43.294695
127160;343.609159;155.694299;172.085140;43.610737;1.431244;43.294695
127190;343.609159;155.694299;172.085140;43.610737;1.431244;43.294695
127210;343.609159;155.694299;172.085140;43.610737;1.431244;43.294695
127240;344.207552;155.694299;171.486748;43.610737;1.431244;43.294695
127260;344.207552;155.865865;171.658313;43.610741;1.431243;43.701220
127280;344.207552;155.865865;171.658313;43.610741;1.431243;43.701220
127310;344.207552;155.865865;171.658313;43.610741;1.431243;43.701220
127360;324.953557;155.819948;-169.133609;43.610741;1.431243;43.716931
127380;324.953557;155.819948;-169.133609;43.610741;1.431243;43.716931
127410;324.953557;155.819948;-169.133609;43.610741;1.431243;43.716931
127430;324.953557;155.819948;-169.133609;43.610741;1.431243;43.716931
127460;322.429088;155.785532;-166.643556;43.610741;1.431242;43.728732
127480;322.429088;155.785532;-166.643556;43.610741;1.431242;43.728732
127500;322.429088;155.785532;-166.643556;43.610741;1.431242;43.728732
127530;322.429088;155.785532;-166.643556;43.610741;1.431242;43.728732
127560;326.728573;155.762599;-170.965975;43.610741;1.431242;43.736609
127580;326.728573;155.762599;-170.965975;43.610741;1.431242;43.736609
127600;326.728573;155.762599;-170.965975;43.610741;1.431242;43.736609
127630;348.489841;155.943193;167.453352;43.610744;1.431242;44.139373
127660;348.489841;155.943193;167.453352;43.610744;1.431242;44.139373
127680;348.489841;155.943193;167.453352;43.610744;1.431242;44.139373
127700;348.489841;155.943193;167.453352;43.610744;1.431242;44.139373
127730;348.489841;155.943193;167.453352;43.610744;1.431242;44.139373
127750;345.414901;155.886337;170.471435;43.610744;1.431241;44.158956
127780;345.414901;155.886337;170.471435;43.610744;1.431241;44.158956
127810;343.014423;155.840889;172.826465;43.610744;1.431240;44.174654
127850;343.014423;155.840889;172.826465;43.610744;1.431240;44.174654
127870;343.014423;155.840889;172.826465;43.610744;1.431240;44.174654
127900;343.014423;155.840889;172.826465;43.610744;1.431240;44.174654
127920;343.014423;155.840889;172.826465;43.610744;1.431240;44.174654
127950;349.113584;156.019000;166.905416;43.610748;1.431240;44.577604
127970;349.113584;156.019000;166.905416;43.610748;1.431240;44.577604
127990;349.113584;156.019000;166.905416;43.610748;1.431240;44.577604
128030;346.023651;155.962670;169.939019;43.610748;1.431239;44.597129
128050;346.023651;155.962670;169.939019;43.610748;1.431239;44.597129
128070;346.023651;155.962670;169.939019;43.610748;1.431239;44.597129
128100;343.014424;155.906389;172.891964;43.610748;1.431239;44.616698
128130;343.014424;155.906389;172.891964;43.610748;1.431239;44.616698
128150;343.014424;155.906389;172.891964;43.610748;1.431239;44.616698
128170;343.014424;155.906389;172.891964;43.610748;1.431239;44.616698
128190;343.014424;155.906389;172.891964;43.610748;1.431239;44.616698
128210;343.014424;155.906389;172.891964;43.610748;1.431239;44.616698
128240;326.728577;155.838917;-170.889660;43.610748;1.431238;44.640237
128270;326.728577;155.838917;-170.889660;43.610748;1.431238;44.640237
128290;326.728577;155.838917;-170.889660;43.610748;1.431238;44.640237
128310;326.728577;155.838917;-170.889660;43.610748;1.431238;44.640237
128370;344.809502;156.015205;171.205703;43.610752;1.431238;45.043180
128390;344.809502;156.015205;171.205703;43.610752;1.431238;45.043180
128410;344.809502;156.015205;171.205703;43.610752;1.431238;45.043180
128440;344.809502;156.015205;171.205703;43.610752;1.431238;45.043180
128460;341.836282;155.959458;174.123176;43.610752;1.431237;45.062708
128490;341.836282;155.959458;174.123176;43.610752;1.431237;45.062708
128520;341.836282;155.959458;174.123176;43.610752;1.431237;45.062708
128540;326.728578;155.914896;-170.813683;43.610752;1.431237;45.078361
128560;326.728578;155.914896;-170.813683;43.610752;1.431237;45.078361
128590;349.113585;155.914896;166.801310;43.610752;1.431237;45.078361
128620;349.113585;156.088812;166.975227;43.610756;1.431236;45.481483
128640;349.113585;156.088812;166.975227;43.610756;1.431236;45.481483
128660;349.113585;156.088812;166.975227;43.610756;1.431236;45.481483
128680;349.113585;156.088812;166.975227;43.610756;1.431236;45.481483
128710;346.023653;156.033570;170.009918;43.610756;1.431235;45.500955
128740;346.023653;156.033570;170.009918;43.610756;1.431235;45.500955
128760;346.023653;156.033570;170.009918;43.610756;1.431235;45.500955
128780;346.023653;156.033570;170.009918;43.610756;1.431235;45.500955
128800;346.023653;156.033570;170.009918;43.610756;1.431235;45.500955
128820;346.023653;156.033570;170.009918;43.610756;1.431235;45.500955
128880;343.014426;155.978377;172.963950;43.610756;1.431235;45.520469
128900;343.014426;155.978377;172.963950;43.610756;1.431235;45.520469
128920;343.014426;155.978377;172.963950;43.610756;1.431235;45.520469
128950;327.644225;155.923230;-171.720995;43.610756;1.431234;45.540025
128980;327.644225;155.923230;-171.720995;43.610756;1.431234;45.540025
129000;327.644225;155.923230;-171.720995;43.610756;1.431234;45.540025
129030;327.644225;155.923230;-171.720995;43.610756;1.431234;45.540025
129050;343.609165;156.062506;172.453341;43.610760;1.431233;45.954840
129070;343.609165;156.062506;172.453341;43.610760;1.431233;45.954840
129100;343.609165;156.062506;172.453341;43.610760;1.431233;45.954840
129120;343.609165;156.062506;172.453341;43.610760;1.431233;45.954840
129150;327.644227;155.996918;-171.647309;43.610760;1.431233;45.978235
129170;327.644227;155.996918;-171.647309;43.610760;1.431233;45.978235
129200;324.953566;155.996918;-168.956647;43.610760;1.431233;45.978235
129230;324.953566;155.909571;-169.043994;43.610760;1.431232;46.009521
129250;324.953566;155.909571;-169.043994;43.610760;1.431232;46.009521
129270;324.953566;155.909571;-169.043994;43.610760;1.431232;46.009521
129290;324.953566;155.909571;-169.043994;43.610760;1.431232;46.009521
129310;324.953566;155.909571;-169.043994;43.610760;1.431232;46.009521
129350;324.953566;155.909571;-169.043994;43.610760;1.431232;46.009521
129400;323.252456;155.778774;-167.473682;43.610760;1.431230;46.056651
129420;323.252456;155.778774;-167.473682;43.610760;1.431230;46.056651
129440;323.252456;155.778774;-167.473682;43.610760;1.431230;46.056651
129470;323.252456;155.778774;-167.473682;43.610760;1.431230;46.056651
129490;323.252456;155.778774;-167.473682;43.610760;1.431230;46.056651
129520;323.252456;155.778774;-167.473682;43.610760;1.431230;46.056651
129540;326.728583;155.961019;-170.767564;43.610764;1.431230;46.455533
129560;326.728583;155.961019;-170.767564;43.610764;1.431230;46.455533
129590;326.728583;155.961019;-170.767564;43.610764;1.431230;46.455533
129610;326.728583;155.961019;-170.767564;43.610764;1.431230;46.455533
129640;327.644229;155.906989;-171.737239;43.610764;1.431229;46.475101
129660;327.644229;155.906989;-171.737239;43.610764;1.431229;46.475101
129680;327.644229;155.906989;-171.737239;43.610764;1.431229;46.475101
129710;327.644229;155.906989;-171.737239;43.610764;1.431229;46.475101
129740;324.093872;155.863798;-168.230074;43.610764;1.431229;46.490786
129760;324.093872;155.863798;-168.230074;43.610764;1.431229;46.490786
129780;324.093872;155.863798;-168.230074;43.610764;1.431229;46.490786
129800;324.093872;155.863798;-168.230074;43.610764;1.431229;46.490786
129840;324.093872;155.863798;-168.230074;43.610764;1.431229;46.490786
129860;349.113587;156.022201;166.908614;43.610767;1.431228;46.897680
129920;346.635640;155.979361;169.343721;43.610767;1.431228;46.913294
129940;346.635640;155.979361;169.343721;43.610767;1.431228;46.913294
129960;346.635640;155.979361;169.343721;43.610767;1.431228;46.913294
129990;346.635640;155.979361;169.343721;43.610767;1.431228;46.913294
130010;344.809506;155.947249;171.137743;43.610767;1.431227;46.925022
130030;344.809506;155.947249;171.137743;43.610767;1.431227;46.925022
130060;344.809506;155.947249;171.137743;43.610767;1.431227;46.925022
130080;344.809506;155.947249;171.137743;43.610767;1.431227;46.925022
130110;341.253055;155.883074;174.630019;43.610767;1.431227;46.948522
130130;341.253055;155.883074;174.630019;43.610767;1.431227;46.948522
130150;341.253055;155.883074;174.630019;43.610767;1.431227;46.948522
130180;341.253055;155.883074;174.630019;43.610767;1.431227;46.948522
130200;341.253055;155.883074;174.630019;43.610767;1.431227;46.948522
130220;341.253055;155.883074;174.630019;43.610767;1.431227;46.948522
130250;345.414908;155.883074;170.468166;43.610767;1.431227;46.948522
130270;345.414908;156.039780;170.624872;43.610771;1.431226;47.355457
130300;345.414908;156.039780;170.624872;43.610771;1.431226;47.355457
130320;345.414908;156.039780;170.624872;43.610771;1.431226;47.355457
130350;342.423440;156.039780;173.616339;43.610771;1.431226;47.355457
130370;342.423440;155.986744;173.563304;43.610771;1.431226;47.374965
130430;326.728587;155.986744;-170.741843;43.610771;1.431226;47.374965
130450;326.728587;155.923159;-170.805428;43.610771;1.431225;47.398428
130470;326.728587;155.923159;-170.805428;43.610771;1.431225;47.398428
130490;326.728587;155.923159;-170.805428;43.610771;1.431225;47.398428
130510;326.728587;155.923159;-170.805428;43.610771;1.431225;47.398428
130550;327.644232;155.859636;-171.784596;43.610771;1.431224;47.421950
130570;327.644232;155.859636;-171.784596;43.610771;1.431224;47.421950
130590;327.644232;155.859636;-171.784596;43.610771;1.431224;47.421950
130610;327.644232;155.859636;-171.784596;43.610771;1.431224;47.421950
130640;323.252461;155.859636;-167.392825;43.610771;1.431224;47.421950
130670;323.252461;155.806749;-167.445712;43.610771;1.431224;47.441596
130690;323.252461;155.806749;-167.445712;43.610771;1.431224;47.441596
130710;323.252461;155.806749;-167.445712;43.610771;1.431224;47.441596
130740;324.953571;155.806749;-169.146822;43.610771;1.431224;47.441596
130770;324.953571;155.764471;-169.189100;43.610771;1.431223;47.457342
130790;324.953571;155.764471;-169.189100;43.610771;1.431223;47.457342
130820;323.252461;155.764471;-167.487991;43.610771;1.431223;47.457342
130840;323.252461;155.743342;-167.509119;43.610771;1.431223;47.465224
130860;323.252461;155.743342;-167.509119;43.610771;1.431223;47.465224
130890;323.252461;155.743342;-167.509119;43.610771;1.431223;47.465224
130940;322.429102;155.732780;-166.696322;43.610771;1.431223;47.469168
130960;322.429102;155.732780;-166.696322;43.610771;1.431223;47.469168
130980;322.429102;155.732780;-166.696322;43.610771;1.431223;47.469168
131010;322.429102;155.732780;-166.696322;43.610771;1.431223;47.469168
131040;324.953571;155.732780;-169.220790;43.610771;1.431223;47.469168
131060;324.953571;155.764471;-169.189100;43.610771;1.431223;47.457342
131080;324.953571;155.764471;-169.189100;43.610771;1.431223;47.457342
131100;324.953571;155.764471;-169.189100;43.610771;1.431223;47.457342
131140;324.953571;155.764471;-169.189100;43.610771;1.431223;47.457342
131160;324.953571;155.827898;-169.125672;43.610771;1.431224;47.433733
131180;324.953571;155.827898;-169.125672;43.610771;1.431224;47.433733
131200;324.953571;155.827898;-169.125672;43.610771;1.431224;47.433733
131230;324.953571;155.827898;-169.125672;43.610771;1.431224;47.433733
131260;326.728587;155.880803;-170.847784;43.610771;1.431224;47.414103
131280;326.728587;155.880803;-170.847784;43.610771;1.431224;47.414103
131310;326.728587;155.880803;-170.847784;43.610771;1.431224;47.414103
131330;347.250748;156.088564;168.837816;43.610775;1.431224;47.801561
131360;347.250748;156.088564;168.837816;43.610775;1.431224;47.801561
131380;347.250748;156.088564;168.837816;43.610775;1.431224;47.801561
131400;347.250748;156.088564;168.837816;43.610775;1.431224;47.801561
131450;351.000012;156.151694;165.151682;43.610775;1.431225;47.778249
131480;351.000012;156.151694;165.151682;43.610775;1.431225;47.778249
131500;351.000012;156.151694;165.151682;43.610775;1.431225;47.778249
131530;351.000012;156.151694;165.151682;43.610775;1.431225;47.778249
131550;351.000012;156.151694;165.151682;43.610775;1.431225;47.778249
131570;351.000012;156.151694;165.151682;43.610775;1.431225;47.778249
131590;351.000012;156.151694;165.151682;43.610775;1.431225;47.778249
131620;351.000012;156.151694;165.151682;43.610775;1.431225;47.778249
131650;352.268909;156.172751;163.903842;43.610775;1.431225;47.770491
131670;352.268909;156.172751;163.903842;43.610775;1.431225;47.770491
131690;352.268909;156.172751;163.903842;43.610775;1.431225;47.770491
131710;352.268909;156.172751;163.903842;43.610775;1.431225;47.770491
131750;351.633427;156.172751;164.539323;43.610775;1.431225;47.770491
131770;351.633427;156.162221;164.528794;43.610775;1.431225;47.774369
131790;351.633427;156.162221;164.528794;43.610775;1.431225;47.774369
131820;351.633427;156.162221;164.528794;43.610775;1.431225;47.774369
131850;5.171480;156.376621;151.205140;43.610779;1.431225;48.158818
131870;5.171480;156.376621;151.205140;43.610779;1.431225;48.158818
131890;5.171480;156.376621;151.205140;43.610779;1.431225;48.158818
131910;5.171480;156.376621;151.205140;43.610779;1.431225;48.158818
131960;3.237531;156.345243;153.107712;43.610779;1.431225;48.170363
131990;3.237531;156.345243;153.107712;43.610779;1.431225;48.170363
132010;3.237531;156.345243;153.107712;43.610779;1.431225;48.170363
132040;3.237531;156.345243;153.107712;43.610779;1.431225;48.170363
132060;359.351831;156.282534;156.930702;43.610779;1.431224;48.193496
132080;359.351831;156.282534;156.930702;43.610779;1.431224;48.193496
132100;359.351831;156.282534;156.930702;43.610779;1.431224;48.193496
132140;359.351831;156.282534;156.930702;43.610779;1.431224;48.193496
132160;353.545482;156.462995;162.917514;43.610783;1.431224;48.589807
132180;353.545482;156.462995;162.917514;43.610783;1.431224;48.589807
132200;353.545482;156.462995;162.917514;43.610783;1.431224;48.589807
132230;350.368808;156.411138;166.042329;43.610783;1.431223;48.608990
132260;350.368808;156.411138;166.042329;43.610783;1.431223;48.608990
132290;350.368808;156.411138;166.042329;43.610783;1.431223;48.608990
132310;347.250750;156.359321;169.108571;43.610783;1.431223;48.628214
132330;347.250750;156.359321;169.108571;43.610783;1.431223;48.628214
132350;347.250750;156.359321;169.108571;43.610783;1.431223;48.628214
132380;347.250750;156.359321;169.108571;43.610783;1.431223;48.628214
132400;347.250750;156.359321;169.108571;43.610783;1.431223;48.628214
132420;347.250750;156.359321;169.108571;43.610783;1.431223;48.628214
132480;344.207562;156.307545;172.099983;43.610783;1.431222;48.647476
132500;344.207562;156.307545;172.099983;43.610783;1.431222;48.647476
132520;344.207562;156.307545;172.099983;43.610783;1.431222;48.647476
132550;344.809510;156.434747;171.625237;43.610786;1.431221;49.063017
132570;344.809510;156.434747;171.625237;43.610786;1.431221;49.063017
132590;344.809510;156.434747;171.625237;43.610786;1.431221;49.063017
132620;344.809510;156.434747;171.625237;43.610786;1.431221;49.063017
132650;326.728593;156.362873;-170.365721;43.610786;1.431221;49.089914
132670;326.728593;156.362873;-170.365721;43.610786;1.431221;49.089914
132690;326.728593;156.362873;-170.365721;43.610786;1.431221;49.089914
132720;325.831756;156.362873;-169.468883;43.610786;1.431221;49.089914
132750;325.831756;156.301329;-169.530427;43.610786;1.431220;49.113031
132770;325.831756;156.301329;-169.530427;43.610786;1.431220;49.113031
132790;325.831756;156.301329;-169.530427;43.610786;1.431220;49.113031
132810;325.831756;156.301329;-169.530427;43.610786;1.431220;49.113031
132850;324.093882;156.280827;-167.813055;43.610786;1.431220;49.120749
132870;324.093882;156.280827;-167.813055;43.610786;1.431220;49.120749
132890;324.093882;156.280827;-167.813055;43.610786;1.431220;49.120749
132910;324.093882;156.280827;-167.813055;43.610786;1.431220;49.120749
132940;345.414912;156.468105;171.053193;43.610790;1.431219;49.513219
132990;345.414912;156.468105;171.053193;43.610790;1.431219;49.513219
133010;345.414912;156.468105;171.053193;43.610790;1.431219;49.513219
133040;345.414912;156.468105;171.053193;43.610790;1.431219;49.513219
133060;344.207564;156.447743;172.240179;43.610790;1.431219;49.520885
133090;344.207564;156.447743;172.240179;43.610790;1.431219;49.520885
133120;344.207564;156.447743;172.240179;43.610790;1.431219;49.520885
133140;344.207564;156.447743;172.240179;43.610790;1.431219;49.520885
133160;344.207564;156.447743;172.240179;43.610790;1.431219;49.520885
133180;344.207564;156.447743;172.240179;43.610790;1.431219;49.520885
133220;344.207564;156.447743;172.240179;43.610790;1.431219;49.520885
133240;356.116780;156.611982;160.495201;43.610794;1.431219;49.921435
133260;356.116780;156.611982;160.495201;43.610794;1.431219;49.921435
133280;356.116780;156.611982;160.495201;43.610794;1.431219;49.921435
133300;356.116780;156.611982;160.495201;43.610794;1.431219;49.921435
133330;356.116780;156.611982;160.495201;43.610794;1.431219;49.921435
133360;356.116780;156.611982;160.495201;43.610794;1.431219;49.921435
133380;356.116780;156.611982;160.495201;43.610794;1.431219;49.921435
133410;354.186271;156.611982;162.425711;43.610794;1.431219;49.921435
133430;354.186271;156.581658;162.395387;43.610794;1.431219;49.932872
133450;354.186271;156.581658;162.395387;43.610794;1.431219;49.932872
133500;354.186271;156.581658;162.395387;43.610794;1.431219;49.932872
133530;354.186271;156.581658;162.395387;43.610794;1.431219;49.932872
133550;351.000015;156.531149;165.531134;43.610794;1.431218;49.951963
133570;351.000015;156.531149;165.531134;43.610794;1.431218;49.951963
133600;351.000015;156.531149;165.531134;43.610794;1.431218;49.951963
133630;349.739957;156.673261;166.933303;43.610798;1.431217;50.360315
133650;349.739957;156.673261;166.933303;43.610798;1.431217;50.360315
133670;349.739957;156.673261;166.933303;43.610798;1.431217;50.360315
133690;349.739957;156.673261;166.933303;43.610798;1.431217;50.360315
133730;347.250753;156.673261;169.422508;43.610798;1.431217;50.360315
133750;347.250753;156.633165;169.382413;43.610798;1.431217;50.375529
133770;347.250753;156.633165;169.382413;43.610798;1.431217;50.375529
133790;347.250753;156.633165;169.382413;43.610798;1.431217;50.375529
133810;347.250753;156.633165;169.382413;43.610798;1.431217;50.375529
133850;344.207566;156.583081;172.375515;43.610798;1.431216;50.394581
133870;344.207566;156.583081;172.375515;43.610798;1.431216;50.394581
133890;344.207566;156.583081;172.375515;43.610798;1.431216;50.394581
133910;344.207566;156.583081;172.375515;43.610798;1.431216;50.394581
133940;341.253063;156.533034;175.279970;43.610798;1.431216;50.413671
133970;341.253063;156.533034;175.279970;43.610798;1.431216;50.413671
134010;341.253063;156.533034;175.279970;43.610798;1.431216;50.413671
134040;344.809514;156.533034;171.723520;43.610798;1.431216;50.413671
134060;344.809514;156.673839;171.864325;43.610802;1.431215;50.822026
134090;344.809514;156.673839;171.864325;43.610802;1.431215;50.822026
134120;344.809514;156.673839;171.864325;43.610802;1.431215;50.822026
134140;326.728600;156.574556;-170.154044;43.610802;1.431214;50.860105
134160;326.728600;156.574556;-170.154044;43.610802;1.431214;50.860105
134180;326.728600;156.574556;-170.154044;43.610802;1.431214;50.860105
134210;326.728600;156.574556;-170.154044;43.610802;1.431214;50.860105
134240;324.953584;156.515058;-168.438527;43.610802;1.431213;50.883025
134260;324.953584;156.515058;-168.438527;43.610802;1.431213;50.883025
134280;324.953584;156.515058;-168.438527;43.610802;1.431213;50.883025
134300;324.953584;156.515058;-168.438527;43.610802;1.431213;50.883025
134340;324.953584;156.515058;-168.438527;43.610802;1.431213;50.883025
134360;325.831762;156.475422;-169.356341;43.610802;1.431213;50.898336
134380;325.831762;156.475422;-169.356341;43.610802;1.431213;50.898336
134410;327.644245;156.475422;-171.168824;43.610802;1.431213;50.898336
134440;327.644245;156.445710;-171.198535;43.610802;1.431212;50.909836
134460;327.644245;156.445710;-171.198535;43.610802;1.431212;50.909836
134480;327.644245;156.445710;-171.198535;43.610802;1.431212;50.909836
134540;325.831764;156.566186;-169.265578;43.610806;1.431211;51.325630
134560;325.831764;156.566186;-169.265578;43.610806;1.431211;51.325630
134580;325.831764;156.566186;-169.265578;43.610806;1.431211;51.325630
134600;325.831764;156.566186;-169.265578;43.610806;1.431211;51.325630
134630;320.064829;156.497410;-163.567420;43.610806;1.431211;51.352385
134660;320.064829;156.497410;-163.567420;43.610806;1.431211;51.352385
134680;320.064829;156.497410;-163.567420;43.610806;1.431211;51.352385
134700;320.064829;156.497410;-163.567420;43.610806;1.431211;51.352385
134730;320.064829;156.497410;-163.567420;43.610806;1.431211;51.352385
134750;326.728602;156.418896;-170.309705;43.610806;1.431210;51.383052
134780;326.728602;156.418896;-170.309705;43.610806;1.431210;51.383052
134800;326.728602;156.418896;-170.309705;43.610806;1.431210;51.383052
134820;326.728602;156.418896;-170.309705;43.610806;1.431210;51.383052
134850;326.728602;156.350274;-170.378328;43.610806;1.431209;51.409965
134870;326.728602;156.350274;-170.378328;43.610806;1.431209;51.409965
134900;326.728602;156.350274;-170.378328;43.610806;1.431209;51.409965
134930;339.527686;156.499545;176.971859;43.610809;1.431208;51.814092
134950;339.527686;156.499545;176.971859;43.610809;1.431208;51.814092
134980;339.527686;156.499545;176.971859;43.610809;1.431208;51.814092
135000;324.093893;156.441174;-167.652718;43.610809;1.431208;51.837081
135050;324.093893;156.441174;-167.652718;43.610809;1.431208;51.837081
135070;324.093893;156.441174;-167.652718;43.610809;1.431208;51.837081
135090;324.093893;156.441174;-167.652718;43.610809;1.431208;51.837081
135120;324.093893;156.441174;-167.652718;43.610809;1.431208;51.837081
135150;327.644248;156.412009;-171.232240;43.610809;1.431207;51.848596
135170;327.644248;156.412009;-171.232240;43.610809;1.431207;51.848596
135190;327.644248;156.412009;-171.232240;43.610809;1.431207;51.848596
135210;327.644248;156.412009;-171.232240;43.610809;1.431207;51.848596
135250;324.953588;156.382856;-168.570732;43.610809;1.431207;51.860124
135270;324.953588;156.382856;-168.570732;43.610809;1.431207;51.860124
135290;324.953588;156.382856;-168.570732;43.610809;1.431207;51.860124
135310;324.953588;156.382856;-168.570732;43.610809;1.431207;51.860124
135340;350.368813;156.578862;166.210049;43.610813;1.431207;52.245232
135370;350.368813;156.578862;166.210049;43.610813;1.431207;52.245232
135400;350.368813;156.578862;166.210049;43.610813;1.431207;52.245232
135420;345.414917;156.501642;171.086724;43.610813;1.431206;52.275798
135440;345.414917;156.501642;171.086724;43.610813;1.431206;52.275798
135460;345.414917;156.501642;171.086724;43.610813;1.431206;52.275798
135480;345.414917;156.501642;171.086724;43.610813;1.431206;52.275798
135520;345.414917;156.501642;171.086724;43.610813;1.431206;52.275798
135560;341.836299;156.443786;174.607487;43.610813;1.431205;52.298786
135580;341.836299;156.443786;174.607487;43.610813;1.431205;52.298786
135610;341.836299;156.443786;174.607487;43.610813;1.431205;52.298786
135640;347.250757;156.561102;169.310346;43.610817;1.431205;52.714573
135660;347.250757;156.561102;169.310346;43.610817;1.431205;52.714573
135680;347.250757;156.561102;169.310346;43.610817;1.431205;52.714573
135700;347.250757;156.561102;169.310346;43.610817;1.431205;52.714573
135730;347.250757;156.561102;169.310346;43.610817;1.431205;52.714573
135760;327.644252;156.494140;-171.150112;43.610817;1.431204;52.741333
135780;327.644252;156.494140;-171.150112;43.610817;1.431204;52.741333
135800;327.644252;156.494140;-171.150112;43.610817;1.431204;52.741333
135830;327.644252;156.494140;-171.150112;43.610817;1.431204;52.741333
135860;325.831769;156.398597;-169.433172;43.610817;1.431203;52.779685
135880;325.831769;156.398597;-169.433172;43.610817;1.431203;52.779685
135910;325.831769;156.398597;-169.433172;43.610817;1.431203;52.779685
135930;324.953591;156.389051;-168.564540;43.610817;1.431202;52.783528
135950;324.953591;156.389051;-168.564540;43.610817;1.431202;52.783528
135980;324.953591;156.389051;-168.564540;43.610817;1.431202;52.783528
136000;324.953591;156.389051;-168.564540;43.610817;1.431202;52.783528
136030;343.014444;156.389051;173.374607;43.610817;1.431202;52.783528
136070;343.014444;156.553142;173.538698;43.610821;1.431202;53.180100
136100;343.014444;156.553142;173.538698;43.610821;1.431202;53.180100
136130;343.014444;156.553142;173.538698;43.610821;1.431202;53.180100
136150;343.014444;156.553142;173.538698;43.610821;1.431202;53.180100
136170;343.014444;156.553142;173.538698;43.610821;1.431202;53.180100
136190;343.014444;156.553142;173.538698;43.610821;1.431202;53.180100
136220;343.014444;156.553142;173.538698;43.610821;1.431202;53.180100
136250;341.836301;156.534172;174.697870;43.610821;1.431202;53.187741
136270;341.836301;156.534172;174.697870;43.610821;1.431202;53.187741
136290;341.836301;156.534172;174.697870;43.610821;1.431202;53.187741
136320;341.836301;156.534172;174.697870;43.610821;1.431202;53.187741
136350;358.056159;156.724231;158.668072;43.610825;1.431202;53.573308
136370;358.056159;156.724231;158.668072;43.610825;1.431202;53.573308
136390;358.056159;156.724231;158.668072;43.610825;1.431202;53.573308
136420;358.056159;156.724231;158.668072;43.610825;1.431202;53.573308
136440;358.703830;156.733661;158.029831;43.610825;1.431202;53.569517
136470;358.703830;156.733661;158.029831;43.610825;1.431202;53.569517
136490;358.703830;156.733661;158.029831;43.610825;1.431202;53.569517
136510;358.703830;156.733661;158.029831;43.610825;1.431202;53.569517
136540;359.351832;156.743092;157.391260;43.610825;1.431202;53.565726
136590;359.351832;156.743092;157.391260;43.610825;1.431202;53.565726
136610;359.351832;156.743092;157.391260;43.610825;1.431202;53.565726
136640;357.408985;156.714803;159.305818;43.610825;1.431202;53.577102
136660;357.408985;156.714803;159.305818;43.610825;1.431202;53.577102
136680;357.408985;156.714803;159.305818;43.610825;1.431202;53.577102
136710;357.408985;156.714803;159.305818;43.610825;1.431202;53.577102
136740;354.828524;156.677102;161.848579;43.610825;1.431201;53.592289
136760;354.828524;156.677102;161.848579;43.610825;1.431201;53.592289
136780;354.828524;156.677102;161.848579;43.610825;1.431201;53.592289
136810;352.268916;156.677102;164.408187;43.610825;1.431201;53.592289
136840;352.268916;156.780455;164.511539;43.610828;1.431201;54.012290
136860;352.268916;156.780455;164.511539;43.610828;1.431201;54.012290
136880;352.268916;156.780455;164.511539;43.610828;1.431201;54.012290
136910;352.268916;156.780455;164.511539;43.610828;1.431201;54.012290
136930;346.635653;156.696300;170.060647;43.610828;1.431199;54.046403
136960;346.635653;156.696300;170.060647;43.610828;1.431199;54.046403
136980;346.635653;156.696300;170.060647;43.610828;1.431199;54.046403
137000;346.635653;156.696300;170.060647;43.610828;1.431199;54.046403
137030;326.728612;156.621586;-170.107026;43.610828;1.431198;54.076824
137050;326.728612;156.621586;-170.107026;43.610828;1.431198;54.076824
137100;326.728612;156.621586;-170.107026;43.610828;1.431198;54.076824
137130;326.728612;156.621586;-170.107026;43.610828;1.431198;54.076824
137150;318.573995;156.491038;-162.082957;43.610828;1.431197;54.130281
137180;318.573995;156.491038;-162.082957;43.610828;1.431197;54.130281
137200;318.573995;156.491038;-162.082957;43.610828;1.431197;54.130281
137230;318.573995;156.491038;-162.082957;43.610828;1.431197;54.130281
137250;310.362210;156.370046;-153.992164;43.610828;1.431195;54.180170
137270;310.362210;156.370046;-153.992164;43.610828;1.431195;54.180170
137300;310.362210;156.370046;-153.992164;43.610828;1.431195;54.180170
137330;307.307628;156.314278;-150.993349;43.610828;1.431195;54.203278
137350;307.307628;156.314278;-150.993349;43.610828;1.431195;54.203278
137370;307.307628;156.314278;-150.993349;43.610828;1.431195;54.203278
137390;307.307628;156.314278;-150.993349;43.610828;1.431195;54.203278
137430;307.307628;156.314278;-150.993349;43.610828;1.431195;54.203278
137450;327.644258;156.410037;-171.234221;43.610832;1.431193;54.626497
137470;327.644258;156.410037;-171.234221;43.610832;1.431193;54.626497
137490;327.644258;156.410037;-171.234221;43.610832;1.431193;54.626497
137510;327.644258;156.410037;-171.234221;43.610832;1.431193;54.626497
137550;320.064842;156.327062;-163.737780;43.610832;1.431192;54.661122
137570;320.064842;156.327062;-163.737780;43.610832;1.431192;54.661122
137610;320.064842;156.327062;-163.737780;43.610832;1.431192;54.661122
137640;324.093903;156.327062;-167.766842;43.610832;1.431192;54.661122
137670;324.093903;156.253394;-167.840509;43.610832;1.431191;54.691996
137690;324.093903;156.253394;-167.840509;43.610832;1.431191;54.691996
137710;324.093903;156.253394;-167.840509;43.610832;1.431191;54.691996
137740;324.093903;156.253394;-167.840509;43.610832;1.431191;54.691996
137770;322.429130;156.179809;-166.249321;43.610832;1.431190;54.722959
137790;322.429130;156.179809;-166.249321;43.610832;1.431190;54.722959
137820;322.429130;156.179809;-166.249321;43.610832;1.431190;54.722959
137840;324.093905;156.293958;-167.799947;43.610836;1.431190;55.138244
137860;324.093905;156.293958;-167.799947;43.610836;1.431190;55.138244
137890;324.093905;156.293958;-167.799947;43.610836;1.431190;55.138244
137910;324.093905;156.293958;-167.799947;43.610836;1.431190;55.138244
137940;325.831778;156.230068;-169.601709;43.610836;1.431189;55.165289
137960;325.831778;156.230068;-169.601709;43.610836;1.431189;55.165289
137980;325.831778;156.230068;-169.601709;43.610836;1.431189;55.165289
138020;323.252491;156.202706;-167.049785;43.610836;1.431188;55.176901
138040;323.252491;156.202706;-167.049785;43.610836;1.431188;55.176901
138060;323.252491;156.202706;-167.049785;43.610836;1.431188;55.176901
138090;323.252491;156.202706;-167.049785;43.610836;1.431188;55.176901
138140;323.252491;156.202706;-167.049785;43.610836;1.431188;55.176901
138160;324.093905;156.138906;-167.954999;43.610836;1.431188;55.204043
138180;324.093905;156.138906;-167.954999;43.610836;1.431188;55.204043
138200;324.093905;156.138906;-167.954999;43.610836;1.431188;55.204043
138240;344.809523;156.315752;171.506228;43.610840;1.431188;55.592228
138260;344.809523;156.315752;171.506228;43.610840;1.431188;55.592228
138280;344.809523;156.315752;171.506228;43.610840;1.431188;55.592228
138310;344.809523;156.315752;171.506228;43.610840;1.431188;55.592228
138330;343.014449;156.288582;173.274133;43.610840;1.431187;55.603800
138360;343.014449;156.288582;173.274133;43.610840;1.431187;55.603800
138380;343.014449;156.288582;173.274133;43.610840;1.431187;55.603800
138400;343.014449;156.288582;173.274133;43.610840;1.431187;55.603800
138430;343.014449;156.288582;173.274133;43.610840;1.431187;55.603800
138450;341.253076;156.261423;175.008347;43.610840;1.431187;55.615385
138480;341.253076;156.261423;175.008347;43.610840;1.431187;55.615385
138500;341.253076;156.261423;175.008347;43.610840;1.431187;55.615385
138520;341.253076;156.261423;175.008347;43.610840;1.431187;55.615385
138550;356.762473;156.445120;159.682648;43.610844;1.431187;56.000095
138570;356.762473;156.445120;159.682648;43.610844;1.431187;56.000095
138600;356.762473;156.445120;159.682648;43.610844;1.431187;56.000095
138650;355.472081;156.445120;160.973039;43.610844;1.431187;56.000095
138670;355.472081;156.427120;160.955039;43.610844;1.431187;56.007769
138690;355.472081;156.427120;160.955039;43.610844;1.431187;56.007769
138730;352.268918;156.427120;164.158202;43.610844;1.431187;56.007769
138750;352.268918;156.382140;164.113223;43.610844;1.431186;56.026977
138770;352.268918;156.382140;164.113223;43.610844;1.431186;56.026977
138790;352.268918;156.382140;164.113223;43.610844;1.431186;56.026977
138810;352.268918;156.382140;164.113223;43.610844;1.431186;56.026977
138850;348.489859;156.328206;167.838347;43.610844;1.431185;56.050073
138870;348.489859;156.328206;167.838347;43.610844;1.431185;56.050073
138890;348.489859;156.328206;167.838347;43.610844;1.431185;56.050073
138910;348.489859;156.328206;167.838347;43.610844;1.431185;56.050073
138940;344.207577;156.328206;172.120628;43.610844;1.431185;56.050073
138970;344.207577;156.265338;172.057761;43.610844;1.431185;56.077080
138990;344.207577;156.265338;172.057761;43.610844;1.431185;56.077080
139010;344.207577;156.265338;172.057761;43.610844;1.431185;56.077080
139040;344.207577;156.265338;172.057761;43.610844;1.431185;56.077080
139060;326.728619;156.202531;-170.526087;43.610844;1.431184;56.104155
139090;326.728619;156.202531;-170.526087;43.610844;1.431184;56.104155
139120;326.728619;156.202531;-170.526087;43.610844;1.431184;56.104155
139150;326.728619;156.202531;-170.526087;43.610844;1.431184;56.104155
139180;324.953605;156.322634;-168.630971;43.610847;1.431183;56.515625
139210;324.953605;156.322634;-168.630971;43.610847;1.431183;56.515625
139240;323.252496;156.260286;-166.992210;43.610847;1.431182;56.542638
139260;323.252496;156.260286;-166.992210;43.610847;1.431182;56.542638
139280;323.252496;156.260286;-166.992210;43.610847;1.431182;56.542638
139300;323.252496;156.260286;-166.992210;43.610847;1.431182;56.542638
139340;323.252496;156.260286;-166.992210;43.610847;1.431182;56.542638
139360;324.093910;156.215789;-167.878121;43.610847;1.431182;56.561974
139380;324.093910;156.215789;-167.878121;43.610847;1.431182;56.561974
139400;324.093910;156.215789;-167.878121;43.610847;1.431182;56.561974
139440;324.093910;156.215789;-167.878121;43.610847;1.431182;56.561974
139460;324.953605;156.162433;-168.791172;43.610847;1.431181;56.585222
139480;324.953605;156.162433;-168.791172;43.610847;1.431181;56.585222
139500;324.953605;156.162433;-168.791172;43.610847;1.431181;56.585222
139530;341.836310;156.162433;174.326123;43.610847;1.431181;56.585222
139560;341.836310;156.290645;174.454335;43.610851;1.431180;56.992750
139580;341.836310;156.290645;174.454335;43.610851;1.431180;56.992750
139600;341.836310;156.290645;174.454335;43.610851;1.431180;56.992750
139640;327.644266;156.246488;-171.397778;43.610851;1.431180;57.012062
139680;327.644266;156.246488;-171.397778;43.610851;1.431180;57.012062
139700;327.644266;156.246488;-171.397778;43.610851;1.431180;57.012062
139730;327.644266;156.246488;-171.397778;43.610851;1.431180;57.012062
139750;325.831784;156.228834;-169.602950;43.610851;1.431180;57.019797
139770;325.831784;156.228834;-169.602950;43.610851;1.431180;57.019797
139800;325.831784;156.228834;-169.602950;43.610851;1.431180;57.019797
139820;325.831784;156.228834;-169.602950;43.610851;1.431180;57.019797
139850;325.831784;156.228834;-169.602950;43.610851;1.431180;57.019797
139870;325.831784;156.228834;-169.602950;43.610851;1.431180;57.019797
139890;325.831784;156.228834;-169.602950;43.610851;1.431180;57.019797
139920;325.831784;156.228834;-169.602950;43.610851;1.431180;57.019797
139950;325.831784;156.228834;-169.602950;43.610851;1.431180;57.019797
139970;323.252498;156.202362;-167.050136;43.610851;1.431179;57.031409
139990;323.252498;156.202362;-167.050136;43.610851;1.431179;57.031409
140010;323.252498;156.202362;-167.050136;43.610851;1.431179;57.031409
140050;348.489861;156.346833;167.856972;43.610855;1.431179;57.431319
140070;348.489861;156.346833;167.856972;43.610855;1.431179;57.431319
140090;348.489861;156.346833;167.856972;43.610855;1.431179;57.431319
140120;348.489861;156.346833;167.856972;43.610855;1.431179;57.431319
140150;346.635659;156.320527;169.684868;43.610855;1.431178;57.442877
140190;346.635659;156.320527;169.684868;43.610855;1.431178;57.442877
140220;346.635659;156.320527;169.684868;43.610855;1.431178;57.442877
140240;344.809527;156.294231;171.484704;43.610855;1.431178;57.454447
140260;344.809527;156.294231;171.484704;43.610855;1.431178;57.454447
140290;344.809527;156.294231;171.484704;43.610855;1.431178;57.454447
140310;344.809527;156.294231;171.484704;43.610855;1.431178;57.454447
140340;343.609189;156.294231;172.685042;43.610855;1.431178;57.454447
140360;343.609189;156.276707;172.667517;43.610855;1.431178;57.462167
140380;343.609189;156.276707;172.667517;43.610855;1.431178;57.462167
140410;343.609189;156.276707;172.667517;43.610855;1.431178;57.462167
140440;343.609189;156.276707;172.667517;43.610855;1.431178;57.462167
140460;352.906320;156.445724;163.539404;43.610859;1.431178;57.850750
140480;352.906320;156.445724;163.539404;43.610859;1.431178;57.850750
140510;352.906320;156.445724;163.539404;43.610859;1.431178;57.850750
140540;351.633439;156.428299;164.794860;43.610859;1.431178;57.858423
140560;351.633439;156.428299;164.794860;43.610859;1.431178;57.858423
140580;351.633439;156.428299;164.794860;43.610859;1.431178;57.858423
140600;351.633439;156.428299;164.794860;43.610859;1.431178;57.858423
140630;349.739968;156.402171;166.662203;43.610859;1.431177;57.869943
140670;349.739968;156.402171;166.662203;43.610859;1.431177;57.869943
140700;349.739968;156.402171;166.662203;43.610859;1.431177;57.869943
140730;349.739968;156.402171;166.662203;43.610859;1.431177;57.869943
140760;355.472083;156.551848;161.079765;43.610863;1.431177;58.266531
140780;355.472083;156.551848;161.079765;43.610863;1.431177;58.266531
140800;355.472083;156.551848;161.079765;43.610863;1.431177;58.266531
140820;355.472083;156.551848;161.079765;43.610863;1.431177;58.266531
140850;354.828527;156.543190;161.714663;43.610863;1.431177;58.270351
140870;354.828527;156.543190;161.714663;43.610863;1.431177;58.270351
140910;352.268920;156.508571;164.239650;43.610863;1.431176;58.285643
140930;352.268920;156.508571;164.239650;43.610863;1.431176;58.285643
140950;352.268920;156.508571;164.239650;43.610863;1.431176;58.285643
140980;349.739968;156.508571;166.768602;43.610863;1.431176;58.285643
141010;349.739968;156.473969;166.734001;43.610863;1.431176;58.300956
141030;349.739968;156.473969;166.734001;43.610863;1.431176;58.300956
141050;349.739968;156.473969;166.734001;43.610863;1.431176;58.300956
141070;349.739968;156.473969;166.734001;43.610863;1.431176;58.300956
141090;349.739968;156.473969;166.734001;43.610863;1.431176;58.300956
141120;349.739968;156.473969;166.734001;43.610863;1.431176;58.300956
141150;351.000026;156.613463;165.613438;43.610867;1.431176;58.701540
141180;351.000026;156.613463;165.613438;43.610867;1.431176;58.701540
141210;351.000026;156.613463;165.613438;43.610867;1.431176;58.701540
141250;347.868875;156.570486;168.701611;43.610867;1.431175;58.720604
141270;347.868875;156.570486;168.701611;43.610867;1.431175;58.720604
141290;347.868875;156.570486;168.701611;43.610867;1.431175;58.720604
141310;347.868875;156.570486;168.701611;43.610867;1.431175;58.720604
141340;347.868875;156.570486;168.701611;43.610867;1.431175;58.720604
141370;351.000026;156.613463;165.613438;43.610867;1.431176;58.701540
141390;351.000026;156.613463;165.613438;43.610867;1.431176;58.701540
141410;351.000026;156.613463;165.613438;43.610867;1.431176;58.701540
141440;351.000026;156.613463;165.613438;43.610867;1.431176;58.701540
141460;357.408987;156.768165;159.359179;43.610870;1.431175;59.094893
141480;357.408987;156.768165;159.359179;43.610870;1.431175;59.094893
141510;357.408987;156.768165;159.359179;43.610870;1.431175;59.094893
