[1;31mE (1240) CSV: 1.501897;127.604551;126.102654;43.610508;1.431239;22.953897[0m
[1;31mE (1270) CSV: 1.501897;127.604551;126.102654;43.610508;1.431239;22.953897[0m
[1;31mE (1290) CSV: 1.501897;127.604551;126.102654;43.610508;1.431239;22.953897[0m
[1;31mE (1310) CSV: 1.501897;127.604551;126.102654;43.610508;1.431239;22.953897[0m
[1;31mE (1340) CSV: 1.501897;127.604551;126.102654;43.610508;1.431239;22.953897[0m
[1;31mE (1370) CSV: 1.501897;127.604551;126.102654;43.610508;1.431239;22.953897[0m
[1;31mE (1390) CSV: 1.501897;127.604551;126.102654;43.610508;1.431239;22.953897[0m
[1;31mE (1420) CSV: 1.501897;127.604551;126.102654;43.610508;1.431239;22.953897[0m
[1;31mE (1440) CSV: 1.501897;127.604551;126.102654;43.610508;1.431239;22.953897[0m
[1;31mE (1460) CSV: 1.501897;127.604551;126.102654;43.610508;1.431239;22.953897[0m
[1;31mE (1490) CSV: 1.501897;127.604551;126.102654;43.610508;1.431239;22.953897[0m
[1;31mE (1510) CSV: 1.501897;127.604551;126.102654;43.610508;1.431239;22.953897[0m
[1;31mE (1530) CSV: 1.501897;127.604551;126.102654;43.610508;1.431239;22.953897[0m
[1;31mE (1560) CSV: 1.501897;127.589937;126.088040;43.610508;1.431239;22.961502[0m
[1;31mE (1590) CSV: 1.501897;127.589937;126.088040;43.610508;1.431239;22.961502[0m
[1;31mE (1620) CSV: 1.501897;127.589937;126.088040;43.610508;1.431239;22.961502[0m
[1;31mE (1640) CSV: 1.501897;127.589937;126.088040;43.610508;1.431239;22.961502[0m
[1;31mE (1660) CSV: 1.501897;127.589937;126.088040;43.610508;1.431239;22.961502[0m
[1;31mE (1680) CSV: 1.501897;127.589937;126.088040;43.610508;1.431239;22.961502[0m
[1;31mE (1700) CSV: 1.501897;127.589937;126.088040;43.610508;1.431239;22.961502[0m
[1;31mE (1730) CSV: 1.501897;127.589937;126.088040;43.610508;1.431239;22.961502[0m
[1;31mE (1750) CSV: 1.501897;127.589937;126.088040;43.610508;1.431239;22.961502[0m
[1;31mE (1790) CSV: 1.501897;127.589937;126.088040;43.610508;1.431239;22.961502[0m
[1;31mE (1810) CSV: 1.501897;127.589937;126.088040;43.610508;1.431239;22.961502[0m
[1;31mE (1840) CSV: 1.501897;127.589937;126.088040;43.610508;1.431239;22.961502[0m
[1;31mE (1860) CSV: 1.501897;127.589937;126.088040;43.610508;1.431239;22.961502[0m
[1;31mE (1880) CSV: 1.501897;127.589937;126.088040;43.610508;1.431239;22.961502[0m
[1;31mE (1900) CSV: 1.501897;127.589937;126.088040;43.610508;1.431239;22.961502[0m
[1;31mE (1930) CSV: 1.501897;127.589937;126.088040;43.610508;1.431239;22.961502[0m
[1;31mE (1960) CSV: 1.501897;127.589937;126.088041;43.610508;1.431239;22.961502[0m
[1;31mE (1980) CSV: 1.501897;127.575333;126.073436;43.610508;1.431239;22.969108[0m
[1;31mE (2010) CSV: 1.501897;127.575333;126.073436;43.610508;1.431239;22.969108[0m
[1;31mE (2040) CSV: 1.501897;127.575333;126.073436;43.610508;1.431239;22.969108[0m
[1;31mE (2060) CSV: 1.501897;127.575333;126.073436;43.610508;1.431239;22.969108[0m
[1;31mE (2080) CSV: 1.501897;127.575333;126.073436;43.610508;1.431239;22.969108[0m
[1;31mE (2100) CSV: 1.501897;127.575333;126.073436;43.610508;1.431239;22.969108[0m
[1;31mE (2130) CSV: 1.501897;127.575333;126.073436;43.610508;1.431239;22.969108[0m
[1;31mE (2160) CSV: 1.501897;127.575333;126.073436;43.610508;1.431239;22.969108[0m
[1;31mE (2180) CSV: 1.501897;127.575333;126.073436;43.610508;1.431239;22.969108[0m
[1;31mE (2200) CSV: 1.501897;127.575333;126.073436;43.610508;1.431239;22.969108[0m
[1;31mE (2220) CSV: 1.501897;127.575333;126.073436;43.610508;1.431239;22.969108[0m
[1;31mE (2250) CSV: 1.501897;127.575333;126.073436;43.610508;1.431239;22.969108[0m
[1;31mE (2280) CSV: 1.501897;127.575333;126.073436;43.610508;1.431239;22.969108[0m
[1;31mE (2310) CSV: 1.501897;127.575333;126.073436;43.610508;1.431239;22.969108[0m
[1;31mE (2340) CSV: 1.501897;127.575333;126.073436;43.610508;1.431239;22.969108[0m
[1;31mE (2360) CSV: 1.501897;127.575333;126.073436;43.610508;1.431239;22.969108[0m
[1;31mE (2380) CSV: 1.501897;127.575333;126.073436;43.610508;1.431239;22.969108[0m
[1;31mE (2400) CSV: 1.501897;127.575333;126.073436;43.610508;1.431239;22.969108[0m
[1;31mE (2420) CSV: 1.501897;127.575333;126.073436;43.610508;1.431239;22.969108[0m
[1;31mE (2450) CSV: 1.501897;127.575333;126.073436;43.610508;1.431239;22.969108[0m
[1;31mE (2470) CSV: 1.501897;127.575333;126.073436;43.610508;1.431239;22.969108[0m
[1;31mE (2500) CSV: 1.501897;127.575333;126.073436;43.610508;1.431239;22.969108[0m
[1;31mE (2540) CSV: 1.501897;127.575333;126.073436;43.610508;1.431239;22.969108[0m
[1;31mE (2560) CSV: 1.501897;127.575333;126.073436;43.610508;1.431239;22.969108[0m
[1;31mE (2580) CSV: 1.501897;127.575333;126.073436;43.610508;1.431239;22.969108[0m
[1;31mE (2600) CSV: 1.501897;127.575333;126.073436;43.610508;1.431239;22.969108[0m
[1;31mE (2620) CSV: 1.501897;127.575333;126.073436;43.610508;1.431239;22.969108[0m
[1;31mE (2650) CSV: 1.501897;127.575333;126.073436;43.610508;1.431239;22.969108[0m
[1;31mE (2670) CSV: 1.501897;127.575333;126.073436;43.610508;1.431239;22.969108[0m
[1;31mE (2690) CSV: 1.501897;127.575333;126.073436;43.610508;1.431239;22.969108[0m
[1;31mE (2710) CSV: 1.501897;127.575333;126.073436;43.610508;1.431239;22.969108[0m
[1;31mE (2750) CSV: 1.501897;127.575333;126.073436;43.610508;1.431239;22.969108[0m
[1;31mE (2770) CSV: 1.501897;127.575333;126.073436;43.610508;1.431239;22.969108[0m
[1;31mE (2800) CSV: 1.501897;127.575333;126.073436;43.610508;1.431239;22.969108[0m
[1;31mE (2820) CSV: 1.501897;127.575333;126.073436;43.610508;1.431239;22.969108[0m
[1;31mE (2850) CSV: 1.501897;127.575333;126.073436;43.610508;1.431239;22.969108[0m
[1;31mE (2870) CSV: 1.501897;127.575333;126.073436;43.610508;1.431239;22.969108[0m
[1;31mE (2900) CSV: 1.501897;127.575333;126.073436;43.610508;1.431239;22.969108[0m
[1;31mE (2920) CSV: 1.501897;127.575333;126.073436;43.610508;1.431239;22.969108[0m
[1;31mE (2950) CSV: 1.501897;127.575333;126.073436;43.610508;1.431239;22.969108[0m
[1;31mE (2970) CSV: 1.501897;127.560739;126.058842;43.610508;1.431239;22.976715[0m
[1;31mE (3000) CSV: 1.501897;127.560739;126.058842;43.610508;1.431239;22.976715[0m
[1;31mE (3030) CSV: 1.501897;127.560739;126.058842;43.610508;1.431239;22.976715[0m
[1;31mE (3050) CSV: 1.501897;127.560739;126.058842;43.610508;1.431239;22.976715[0m
[1;31mE (3070) CSV: 1.501897;127.560739;126.058842;43.610508;1.431239;22.976715[0m
[1;31mE (3100) CSV: 1.501897;127.560739;126.058842;43.610508;1.431239;22.976715[0m
[1;31mE (3120) CSV: 1.501897;127.560739;126.058842;43.610508;1.431239;22.976715[0m
[1;31mE (15270) CSV: 147.644118;127.736512;-19.907606;43.610508;1.431240;22.885526[0m
[1;31mE (15290) CSV: 147.644118;127.736512;-19.907606;43.610508;1.431240;22.885526[0m
[1;31mE (15310) CSV: 147.644118;127.736512;-19.907606;43.610508;1.431240;22.885526[0m
[1;31mE (15340) CSV: 147.644118;127.736512;-19.907606;43.610508;1.431240;22.885526[0m
[1;31mE (15360) CSV: 146.728471;127.765944;-18.962527;43.610508;1.431240;22.870349[0m
[1;31mE (15390) CSV: 146.728471;127.765944;-18.962527;43.610508;1.431240;22.870349[0m
[1;31mE (15430) CSV: 144.953452;127.795415;-17.158037;43.610508;1.431241;22.855178[0m
[1;31mE (15450) CSV: 144.953452;127.795415;-17.158037;43.610508;1.431241;22.855178[0m
[1;31mE (15470) CSV: 144.953452;127.795415;-17.158037;43.610508;1.431241;22.855178[0m
[1;31mE (15490) CSV: 144.953452;127.795415;-17.158037;43.610508;1.431241;22.855178[0m
[1;31mE (15530) CSV: 144.953452;127.795415;-17.158037;43.610508;1.431241;22.855178[0m
[1;31mE (15550) CSV: 143.252340;127.824925;-15.427415;43.610508;1.431241;22.840013[0m
[1;31mE (15570) CSV: 143.252340;127.824925;-15.427415;43.610508;1.431241;22.840013[0m
[1;31mE (15600) CSV: 143.252340;127.824925;-15.427415;43.610508;1.431241;22.840013[0m
[1;31mE (15620) CSV: 143.252340;127.824925;-15.427415;43.610508;1.431241;22.840013[0m
[1;31mE (15650) CSV: 140.835425;127.869263;-12.966162;43.610508;1.431241;22.817276[0m
[1;31mE (15680) CSV: 140.835425;127.869263;-12.966162;43.610508;1.431241;22.817276[0m
[1;31mE (15700) CSV: 140.835425;127.869263;-12.966162;43.610508;1.431241;22.817276[0m
[1;31mE (15720) CSV: 140.835425;127.869263;-12.966162;43.610508;1.431241;22.817276[0m
[1;31mE (15740) CSV: 140.835425;127.869263;-12.966162;43.610508;1.431241;22.817276[0m
[1;31mE (15770) CSV: 138.573842;127.913690;-10.660151;43.610508;1.431242;22.794554[0m
[1;31mE (15790) CSV: 138.573842;127.913690;-10.660151;43.610508;1.431242;22.794554[0m
[1;31mE (15810) CSV: 138.573842;127.913690;-10.660151;43.610508;1.431242;22.794554[0m
[1;31mE (15840) CSV: 138.573842;127.913690;-10.660151;43.610508;1.431242;22.794554[0m
[1;31mE (15870) CSV: 146.728469;127.107026;-19.621444;43.610504;1.431242;22.513425[0m
[1;31mE (15890) CSV: 146.728469;127.107026;-19.621444;43.610504;1.431242;22.513425[0m
[1;31mE (15940) CSV: 147.644116;127.166050;-20.478066;43.610504;1.431242;22.482820[0m
[1;31mE (15960) CSV: 147.644116;127.166050;-20.478066;43.610504;1.431242;22.482820[0m
[1;31mE (15980) CSV: 147.644116;127.166050;-20.478066;43.610504;1.431242;22.482820[0m
[1;31mE (16000) CSV: 147.644116;127.166050;-20.478066;43.610504;1.431242;22.482820[0m
[1;31mE (16030) CSV: 147.644116;127.166050;-20.478066;43.610504;1.431242;22.482820[0m
[1;31mE (16050) CSV: 145.831630;127.195623;-18.636007;43.610504;1.431243;22.467527[0m
[1;31mE (16070) CSV: 145.831630;127.195623;-18.636007;43.610504;1.431243;22.467527[0m
[1;31mE (16110) CSV: 145.831630;127.195623;-18.636007;43.610504;1.431243;22.467527[0m
[1;31mE (16130) CSV: 145.831630;127.195623;-18.636007;43.610504;1.431243;22.467527[0m
[1;31mE (16160) CSV: 147.644116;127.195623;-20.448493;43.610504;1.431243;22.467527[0m
[1;31mE (16180) CSV: 147.644116;127.254889;-20.389227;43.610504;1.431243;22.436958[0m
[1;31mE (16200) CSV: 147.644116;127.254889;-20.389227;43.610504;1.431243;22.436958[0m
[1;31mE (16220) CSV: 147.644116;127.254889;-20.389227;43.610504;1.431243;22.436958[0m
[1;31mE (16260) CSV: 146.728469;127.314317;-19.414153;43.610504;1.431244;22.406414[0m
[1;31mE (16280) CSV: 146.728469;127.314317;-19.414153;43.610504;1.431244;22.406414[0m
[1;31mE (16310) CSV: 146.728469;127.314317;-19.414153;43.610504;1.431244;22.406414[0m
[1;31mE (16330) CSV: 146.728469;127.344091;-19.384378;43.610504;1.431244;22.391150[0m
[1;31mE (16350) CSV: 146.728469;127.344091;-19.384378;43.610504;1.431244;22.391150[0m
[1;31mE (16370) CSV: 146.728469;127.344091;-19.384378;43.610504;1.431244;22.391150[0m
[1;31mE (16390) CSV: 146.728469;127.344091;-19.384378;43.610504;1.431244;22.391150[0m
[1;31mE (16440) CSV: 146.728469;127.344091;-19.384378;43.610504;1.431244;22.391150[0m
[1;31mE (16460) CSV: 147.644116;127.388829;-20.255287;43.610504;1.431244;22.368267[0m
[1;31mE (16480) CSV: 147.644116;127.388829;-20.255287;43.610504;1.431244;22.368267[0m
[1;31mE (16500) CSV: 147.644116;127.388829;-20.255287;43.610504;1.431244;22.368267[0m
[1;31mE (16530) CSV: 147.644116;127.388829;-20.255287;43.610504;1.431244;22.368267[0m
[1;31mE (16560) CSV: 146.728469;127.388829;-19.339640;43.610504;1.431244;22.368267[0m
[1;31mE (16580) CSV: 146.728469;127.448623;-19.279847;43.610504;1.431245;22.337777[0m
[1;31mE (16620) CSV: 146.728469;127.448623;-19.279847;43.610504;1.431245;22.337777[0m
[1;31mE (16640) CSV: 144.953450;127.523594;-17.429856;43.610504;1.431245;22.299698[0m
[1;31mE (16660) CSV: 144.953450;127.523594;-17.429856;43.610504;1.431245;22.299698[0m
[1;31mE (16680) CSV: 144.953450;127.523594;-17.429856;43.610504;1.431245;22.299698[0m
[1;31mE (16710) CSV: 144.953450;127.523594;-17.429856;43.610504;1.431245;22.299698[0m
[1;31mE (16730) CSV: 144.953450;127.523594;-17.429856;43.610504;1.431245;22.299698[0m
[1;31mE (16760) CSV: 140.064687;127.613898;-12.450789;43.610504;1.431246;22.254055[0m
[1;31mE (16780) CSV: 140.064687;127.613898;-12.450789;43.610504;1.431246;22.254055[0m
[1;31mE (16810) CSV: 140.064687;127.613898;-12.450789;43.610504;1.431246;22.254055[0m
[1;31mE (16830) CSV: 135.785911;127.704574;-8.081337;43.610504;1.431247;22.208467[0m
[1;31mE (16860) CSV: 135.785911;127.704574;-8.081337;43.610504;1.431247;22.208467[0m
[1;31mE (16880) CSV: 135.785911;127.704574;-8.081337;43.610504;1.431247;22.208467[0m
[1;31mE (16900) CSV: 135.785911;127.704574;-8.081337;43.610504;1.431247;22.208467[0m
[1;31mE (16940) CSV: 131.474187;127.810833;-3.663354;43.610504;1.431248;22.155352[0m
[1;31mE (16970) CSV: 131.474187;127.810833;-3.663354;43.610504;1.431248;22.155352[0m
[1;31mE (16990) CSV: 131.474187;127.810833;-3.663354;43.610504;1.431248;22.155352[0m
[1;31mE (17010) CSV: 131.474187;127.810833;-3.663354;43.610504;1.431248;22.155352[0m
[1;31mE (17040) CSV: 129.298496;127.810833;-1.487663;43.610504;1.431248;22.155352[0m
[1;31mE (17060) CSV: 129.298496;127.871781;-1.426715;43.610504;1.431248;22.125034[0m
[1;31mE (17080) CSV: 129.298496;127.871781;-1.426715;43.610504;1.431248;22.125034[0m
[1;31mE (17110) CSV: 129.298496;127.871781;-1.426715;43.610504;1.431248;22.125034[0m
[1;31mE (17140) CSV: 89.999998;127.871781;37.871783;43.610504;1.431248;22.125034[0m
[1;31mE (17170) CSV: 89.999998;127.932897;37.932899;43.610504;1.431249;22.094742[0m
[1;31mE (17190) CSV: 89.999998;127.932897;37.932899;43.610504;1.431249;22.094742[0m
[1;31mE (17210) CSV: 89.999998;127.932897;37.932899;43.610504;1.431249;22.094742[0m
[1;31mE (17230) CSV: 89.999998;127.932897;37.932899;43.610504;1.431249;22.094742[0m
[1;31mE (17260) CSV: 89.999998;127.978843;37.978846;43.610504;1.431249;22.072040[0m
[1;31mE (17280) CSV: 89.999998;127.978843;37.978846;43.610504;1.431249;22.072040[0m
[1;31mE (17300) CSV: 89.999998;127.978843;37.978846;43.610504;1.431249;22.072040[0m
[1;31mE (17340) CSV: 89.999998;128.009527;38.009529;43.610504;1.431249;22.056912[0m
[1;31mE (17360) CSV: 89.999998;128.009527;38.009529;43.610504;1.431249;22.056912[0m
[1;31mE (17380) CSV: 89.999998;128.009527;38.009529;43.610504;1.431249;22.056912[0m
[1;31mE (17400) CSV: 89.999998;128.009527;38.009529;43.610504;1.431249;22.056912[0m
[1;31mE (17440) CSV: 89.999998;128.055632;38.055634;43.610504;1.431249;22.034233[0m
[1;31mE (17470) CSV: 89.999998;128.055632;38.055634;43.610504;1.431249;22.034233[0m
[1;31mE (17490) CSV: 89.999998;128.055632;38.055634;43.610504;1.431249;22.034233[0m
[1;31mE (17510) CSV: 89.999998;128.055632;38.055634;43.610504;1.431249;22.034233[0m
[1;31mE (17540) CSV: 89.999998;128.055632;38.055634;43.610504;1.431249;22.034233[0m
[1;31mE (17560) CSV: 89.999998;128.101831;38.101833;43.610504;1.431250;22.011569[0m
[1;31mE (17580) CSV: 89.999998;128.101831;38.101833;43.610504;1.431250;22.011569[0m
[1;31mE (17610) CSV: 89.999998;128.101831;38.101833;43.610504;1.431250;22.011569[0m
[1;31mE (17640) CSV: 89.999998;128.101831;38.101833;43.610504;1.431250;22.011569[0m
[1;31mE (17670) CSV: 89.999998;128.148126;38.148128;43.610504;1.431250;21.988919[0m
[1;31mE (17690) CSV: 89.999998;128.148126;38.148128;43.610504;1.431250;21.988919[0m
[1;31mE (17710) CSV: 89.999998;128.148126;38.148128;43.610504;1.431250;21.988919[0m
[1;31mE (17740) CSV: 89.999998;128.194516;38.194518;43.610504;1.431251;21.966283[0m
[1;31mE (17760) CSV: 89.999998;128.194516;38.194518;43.610504;1.431251;21.966283[0m
[1;31mE (17780) CSV: 89.999998;128.194516;38.194518;43.610504;1.431251;21.966283[0m
[1;31mE (17800) CSV: 89.999998;128.194516;38.194518;43.610504;1.431251;21.966283[0m
[1;31mE (17840) CSV: 89.999998;128.256518;38.256521;43.610504;1.431251;21.936124[0m
[1;31mE (17860) CSV: 89.999998;128.256518;38.256521;43.610504;1.431251;21.936124[0m
[1;31mE (17880) CSV: 89.999998;128.256518;38.256521;43.610504;1.431251;21.936124[0m
[1;31mE (17900) CSV: 89.999998;128.256518;38.256521;43.610504;1.431251;21.936124[0m
[1;31mE (17940) CSV: 89.999998;128.256518;38.256521;43.610504;1.431251;21.936124[0m
[1;31mE (17970) CSV: 89.999998;128.318692;38.318694;43.610504;1.431252;21.905991[0m
[1;31mE (17990) CSV: 89.999998;128.318692;38.318694;43.610504;1.431252;21.905991[0m
[1;31mE (18010) CSV: 89.999998;128.318692;38.318694;43.610504;1.431252;21.905991[0m
[1;31mE (18040) CSV: 89.999998;128.318692;38.318694;43.610504;1.431252;21.905991[0m
[1;31mE (18060) CSV: 89.999998;128.349842;38.349844;43.610504;1.431252;21.890935[0m
[1;31mE (18080) CSV: 89.999998;128.349842;38.349844;43.610504;1.431252;21.890935[0m
[1;31mE (18110) CSV: 89.999998;128.349842;38.349844;43.610504;1.431252;21.890935[0m
[1;31mE (18140) CSV: 89.999998;128.349842;38.349844;43.610504;1.431252;21.890935[0m
[1;31mE (18170) CSV: 89.999998;128.381036;38.381038;43.610504;1.431252;21.875884[0m
[1;31mE (18190) CSV: 89.999998;128.381036;38.381038;43.610504;1.431252;21.875884[0m
[1;31mE (18220) CSV: 89.999998;128.381036;38.381038;43.610504;1.431252;21.875884[0m
[1;31mE (18240) CSV: 89.999998;128.427907;38.427909;43.610504;1.431252;21.853321[0m
[1;31mE (18260) CSV: 89.999998;128.427907;38.427909;43.610504;1.431252;21.853321[0m
[1;31mE (18280) CSV: 89.999998;128.427907;38.427909;43.610504;1.431252;21.853321[0m
[1;31mE (18300) CSV: 89.999998;128.427907;38.427909;43.610504;1.431252;21.853321[0m
[1;31mE (18330) CSV: 89.999998;128.506240;38.506243;43.610504;1.431253;21.815748[0m
[1;31mE (18360) CSV: 89.999998;128.506240;38.506243;43.610504;1.431253;21.815748[0m
[1;31mE (18380) CSV: 89.999998;128.506240;38.506243;43.610504;1.431253;21.815748[0m
[1;31mE (18400) CSV: 89.999998;128.506240;38.506243;43.610504;1.431253;21.815748[0m
[1;31mE (18430) CSV: 89.999998;128.506240;38.506243;43.610504;1.431253;21.815748[0m
[1;31mE (18460) CSV: 89.999998;128.569101;38.569104;43.610504;1.431253;21.785719[0m
[1;31mE (18490) CSV: 89.999998;128.569101;38.569104;43.610504;1.431253;21.785719[0m
[1;31mE (18510) CSV: 89.999998;128.569101;38.569104;43.610504;1.431253;21.785719[0m
[1;31mE (18530) CSV: 89.999998;128.569101;38.569104;43.610504;1.431253;21.785719[0m
[1;31mE (18560) CSV: 147.644115;127.748803;-19.895312;43.610500;1.431254;21.493451[0m
[1;31mE (18580) CSV: 147.644115;127.748803;-19.895312;43.610500;1.431254;21.493451[0m
[1;31mE (18620) CSV: 144.953448;127.795842;-17.157607;43.610500;1.431254;21.470692[0m
[1;31mE (18640) CSV: 144.953448;127.795842;-17.157607;43.610500;1.431254;21.470692[0m
[1;31mE (18670) CSV: 144.953448;127.795842;-17.157607;43.610500;1.431254;21.470692[0m
[1;31mE (18690) CSV: 144.953448;127.795842;-17.157607;43.610500;1.431254;21.470692[0m
[1;31mE (18710) CSV: 144.953448;127.795842;-17.157607;43.610500;1.431254;21.470692[0m
[1;31mE (18740) CSV: 144.953448;127.795842;-17.157607;43.610500;1.431254;21.470692[0m
[1;31mE (18760) CSV: 144.953448;127.858715;-17.094733;43.610500;1.431255;21.440369[0m
[1;31mE (18780) CSV: 144.953448;127.858715;-17.094733;43.610500;1.431255;21.440369[0m
[1;31mE (18800) CSV: 144.953448;127.858715;-17.094733;43.610500;1.431255;21.440369[0m
[1;31mE (18840) CSV: 146.728468;127.858715;-18.869753;43.610500;1.431255;21.440369[0m
[1;31mE (18860) CSV: 146.728468;127.921767;-18.806701;43.610500;1.431255;21.410072[0m
[1;31mE (18880) CSV: 146.728468;127.921767;-18.806701;43.610500;1.431255;21.410072[0m
[1;31mE (18900) CSV: 146.728468;127.921767;-18.806701;43.610500;1.431255;21.410072[0m
[1;31mE (18950) CSV: 146.728468;128.000832;-18.727635;43.610500;1.431256;21.372237[0m
[1;31mE (18970) CSV: 146.728468;128.000832;-18.727635;43.610500;1.431256;21.372237[0m
[1;31mE (18990) CSV: 146.728468;128.000832;-18.727635;43.610500;1.431256;21.372237[0m
[1;31mE (19010) CSV: 146.728468;128.000832;-18.727635;43.610500;1.431256;21.372237[0m
[1;31mE (19030) CSV: 146.728468;128.000832;-18.727635;43.610500;1.431256;21.372237[0m
[1;31mE (19060) CSV: 146.728468;128.080178;-18.648289;43.610500;1.431256;21.334443[0m
[1;31mE (19090) CSV: 146.728468;128.080178;-18.648289;43.610500;1.431256;21.334443[0m
[1;31mE (19120) CSV: 146.728468;128.080178;-18.648289;43.610500;1.431256;21.334443[0m
[1;31mE (19150) CSV: 146.728468;128.080178;-18.648289;43.610500;1.431256;21.334443[0m
[1;31mE (19170) CSV: 144.093752;128.191736;-15.902016;43.610500;1.431257;21.281600[0m
[1;31mE (19190) CSV: 144.093752;128.191736;-15.902016;43.610500;1.431257;21.281600[0m
[1;31mE (19210) CSV: 144.093752;128.191736;-15.902016;43.610500;1.431257;21.281600[0m
[1;31mE (19240) CSV: 138.573838;128.303848;-10.269990;43.610500;1.431258;21.228839[0m
[1;31mE (19270) CSV: 138.573838;128.303848;-10.269990;43.610500;1.431258;21.228839[0m
[1;31mE (19290) CSV: 138.573838;128.303848;-10.269990;43.610500;1.431258;21.228839[0m
[1;31mE (19310) CSV: 138.573838;128.303848;-10.269990;43.610500;1.431258;21.228839[0m
[1;31mE (19340) CSV: 138.573838;128.303848;-10.269990;43.610500;1.431258;21.228839[0m
[1;31mE (19360) CSV: 134.483635;128.400389;-6.083246;43.610500;1.431259;21.183680[0m
[1;31mE (19380) CSV: 134.483635;128.400389;-6.083246;43.610500;1.431259;21.183680[0m
[1;31mE (19410) CSV: 134.483635;128.400389;-6.083246;43.610500;1.431259;21.183680[0m
[1;31mE (19450) CSV: 130.911892;128.497341;-2.414551;43.610500;1.431260;21.138581[0m
[1;31mE (19470) CSV: 130.911892;128.497341;-2.414551;43.610500;1.431260;21.138581[0m
[1;31mE (19490) CSV: 130.911892;128.497341;-2.414551;43.610500;1.431260;21.138581[0m
[1;31mE (19510) CSV: 130.911892;128.497341;-2.414551;43.610500;1.431260;21.138581[0m
[1;31mE (19550) CSV: 130.911892;128.497341;-2.414551;43.610500;1.431260;21.138581[0m
[1;31mE (19570) CSV: 128.281080;128.578452;0.297372;43.610500;1.431260;21.101045[0m
[1;31mE (19590) CSV: 128.281080;128.578452;0.297372;43.610500;1.431260;21.101045[0m
[1;31mE (19630) CSV: 89.999998;128.659851;38.659853;43.610500;1.431261;21.063551[0m
[1;31mE (19650) CSV: 89.999998;128.659851;38.659853;43.610500;1.431261;21.063551[0m
[1;31mE (19670) CSV: 89.999998;128.659851;38.659853;43.610500;1.431261;21.063551[0m
[1;31mE (19690) CSV: 89.999998;128.659851;38.659853;43.610500;1.431261;21.063551[0m
[1;31mE (19710) CSV: 89.999998;128.659851;38.659853;43.610500;1.431261;21.063551[0m
[1;31mE (19750) CSV: 89.999998;128.757913;38.757915;43.610500;1.431261;21.018616[0m
[1;31mE (19770) CSV: 89.999998;128.757913;38.757915;43.610500;1.431261;21.018616[0m
[1;31mE (19790) CSV: 89.999998;128.757913;38.757915;43.610500;1.431261;21.018616[0m
[1;31mE (19810) CSV: 89.999998;128.757913;38.757915;43.610500;1.431261;21.018616[0m
[1;31mE (19840) CSV: 89.999998;128.757913;38.757915;43.610500;1.431261;21.018616[0m
[1;31mE (19860) CSV: 89.999998;128.856395;38.856397;43.610500;1.431262;20.973742[0m
[1;31mE (19880) CSV: 89.999998;128.856395;38.856397;43.610500;1.431262;20.973742[0m
[1;31mE (19920) CSV: 89.999998;128.955299;38.955301;43.610500;1.431263;20.928930[0m
[1;31mE (19950) CSV: 89.999998;128.955299;38.955301;43.610500;1.431263;20.928930[0m
[1;31mE (19970) CSV: 89.999998;128.955299;38.955301;43.610500;1.431263;20.928930[0m
[1;31mE (19990) CSV: 89.999998;128.955299;38.955301;43.610500;1.431263;20.928930[0m
[1;31mE (20030) CSV: 89.999998;129.038043;39.038046;43.610500;1.431263;20.891635[0m
[1;31mE (20050) CSV: 89.999998;129.038043;39.038046;43.610500;1.431263;20.891635[0m
[1;31mE (20070) CSV: 89.999998;129.038043;39.038046;43.610500;1.431263;20.891635[0m
[1;31mE (20090) CSV: 89.999998;129.038043;39.038046;43.610500;1.431263;20.891635[0m
[1;31mE (20130) CSV: 147.644113;129.038043;-18.606070;43.610500;1.431263;20.891635[0m
[1;31mE (20150) CSV: 147.644113;128.205283;-19.438830;43.610497;1.431264;20.589375[0m
[1;31mE (20170) CSV: 147.644113;128.205283;-19.438830;43.610497;1.431264;20.589375[0m
[1;31mE (20190) CSV: 147.644113;128.205283;-19.438830;43.610497;1.431264;20.589375[0m
[1;31mE (20220) CSV: 147.644113;128.205283;-19.438830;43.610497;1.431264;20.589375[0m
[1;31mE (20250) CSV: 147.644113;128.205283;-19.438830;43.610497;1.431264;20.589375[0m
[1;31mE (20270) CSV: 143.252335;128.288026;-14.964308;43.610497;1.431265;20.551688[0m
[1;31mE (20300) CSV: 143.252335;128.288026;-14.964308;43.610497;1.431265;20.551688[0m
[1;31mE (20320) CSV: 147.644113;128.404378;-19.239735;43.610497;1.431265;20.498998[0m
[1;31mE (20340) CSV: 147.644113;128.404378;-19.239735;43.610497;1.431265;20.498998[0m
[1;31mE (20370) CSV: 147.644113;128.404378;-19.239735;43.610497;1.431265;20.498998[0m
[1;31mE (20390) CSV: 147.644113;128.404378;-19.239735;43.610497;1.431265;20.498998[0m
[1;31mE (20420) CSV: 146.728466;128.521329;-18.207137;43.610497;1.431266;20.446393[0m
[1;31mE (20450) CSV: 146.728466;128.521329;-18.207137;43.610497;1.431266;20.446393[0m
[1;31mE (20480) CSV: 146.728466;128.521329;-18.207137;43.610497;1.431266;20.446393[0m
[1;31mE (20500) CSV: 146.728466;128.521329;-18.207137;43.610497;1.431266;20.446393[0m
[1;31mE (20530) CSV: 143.252335;128.672581;-14.579754;43.610497;1.431267;20.378883[0m
[1;31mE (20550) CSV: 143.252335;128.672581;-14.579754;43.610497;1.431267;20.378883[0m
[1;31mE (20570) CSV: 143.252335;128.672581;-14.579754;43.610497;1.431267;20.378883[0m
[1;31mE (20590) CSV: 143.252335;128.672581;-14.579754;43.610497;1.431267;20.378883[0m
[1;31mE (20620) CSV: 143.252335;128.672581;-14.579754;43.610497;1.431267;20.378883[0m
[1;31mE (20660) CSV: 135.127404;128.858810;-6.268595;43.610497;1.431269;20.296567[0m
[1;31mE (20680) CSV: 135.127404;128.858810;-6.268595;43.610497;1.431269;20.296567[0m
[1;31mE (20700) CSV: 135.127404;128.858810;-6.268595;43.610497;1.431269;20.296567[0m
[1;31mE (20720) CSV: 135.127404;128.858810;-6.268595;43.610497;1.431269;20.296567[0m
[1;31mE (20750) CSV: 129.298492;128.858810;-0.439683;43.610497;1.431269;20.296567[0m
[1;31mE (20770) CSV: 129.298492;129.029422;-0.269070;43.610497;1.431270;20.221921[0m
[1;31mE (20790) CSV: 129.298492;129.029422;-0.269070;43.610497;1.431270;20.221921[0m
[1;31mE (20820) CSV: 129.298492;129.029422;-0.269070;43.610497;1.431270;20.221921[0m
[1;31mE (20850) CSV: 129.298492;129.029422;-0.269070;43.610497;1.431270;20.221921[0m
[1;31mE (20870) CSV: 89.999998;129.132395;39.132397;43.610497;1.431271;20.177220[0m
[1;31mE (20890) CSV: 89.999998;129.132395;39.132397;43.610497;1.431271;20.177220[0m
[1;31mE (20920) CSV: 89.999998;129.132395;39.132397;43.610497;1.431271;20.177220[0m
[1;31mE (20960) CSV: 89.999998;129.270403;39.270406;43.610497;1.431272;20.117720[0m
[1;31mE (20980) CSV: 89.999998;129.270403;39.270406;43.610497;1.431272;20.117720[0m
[1;31mE (21000) CSV: 89.999998;129.270403;39.270406;43.610497;1.431272;20.117720[0m
[1;31mE (21020) CSV: 89.999998;129.270403;39.270406;43.610497;1.431272;20.117720[0m
[1;31mE (21050) CSV: 89.999998;129.409230;39.409232;43.610497;1.431273;20.058338[0m
[1;31mE (21070) CSV: 89.999998;129.409230;39.409232;43.610497;1.431273;20.058338[0m
[1;31mE (21090) CSV: 89.999998;129.409230;39.409232;43.610497;1.431273;20.058338[0m
[1;31mE (21140) CSV: 89.999998;129.409230;39.409232;43.610497;1.431273;20.058338[0m
[1;31mE (21160) CSV: 89.999998;129.548880;39.548882;43.610497;1.431273;19.999074[0m
[1;31mE (21180) CSV: 89.999998;129.548880;39.548882;43.610497;1.431273;19.999074[0m
[1;31mE (21200) CSV: 89.999998;129.548880;39.548882;43.610497;1.431273;19.999074[0m
[1;31mE (21220) CSV: 89.999998;129.548880;39.548882;43.610497;1.431273;19.999074[0m
[1;31mE (21250) CSV: 89.999998;129.706977;39.706980;43.610497;1.431275;19.932546[0m
[1;31mE (21270) CSV: 89.999998;129.706977;39.706980;43.610497;1.431275;19.932546[0m
[1;31mE (21290) CSV: 89.999998;129.706977;39.706980;43.610497;1.431275;19.932546[0m
[1;31mE (21320) CSV: 89.999998;129.706977;39.706980;43.610497;1.431275;19.932546[0m
[1;31mE (21350) CSV: 89.999998;129.706977;39.706980;43.610497;1.431275;19.932546[0m
[1;31mE (21370) CSV: 89.999998;129.866133;39.866135;43.610497;1.431276;19.866170[0m
[1;31mE (21390) CSV: 89.999998;129.866133;39.866135;43.610497;1.431276;19.866170[0m
[1;31mE (21410) CSV: 89.999998;129.866133;39.866135;43.610497;1.431276;19.866170[0m
[1;31mE (21460) CSV: 89.999998;129.972828;39.972830;43.610497;1.431276;19.822005[0m
[1;31mE (21480) CSV: 89.999998;129.972828;39.972830;43.610497;1.431276;19.822005[0m
[1;31mE (21500) CSV: 89.999998;129.972828;39.972830;43.610497;1.431276;19.822005[0m
[1;31mE (21530) CSV: 89.999998;129.972828;39.972830;43.610497;1.431276;19.822005[0m
[1;31mE (21550) CSV: 89.999998;130.079999;40.080001;43.610497;1.431277;19.777909[0m
[1;31mE (21570) CSV: 89.999998;130.079999;40.080001;43.610497;1.431277;19.777909[0m
[1;31mE (21590) CSV: 89.999998;130.079999;40.080001;43.610497;1.431277;19.777909[0m
[1;31mE (21620) CSV: 89.999998;130.079999;40.080001;43.610497;1.431277;19.777909[0m
[1;31mE (21660) CSV: 89.999998;130.223639;40.223641;43.610497;1.431278;19.719223[0m
[1;31mE (21680) CSV: 89.999998;130.223639;40.223641;43.610497;1.431278;19.719223[0m
[1;31mE (21700) CSV: 89.999998;130.223639;40.223641;43.610497;1.431278;19.719223[0m
[1;31mE (21720) CSV: 89.999998;130.223639;40.223641;43.610497;1.431278;19.719223[0m
[1;31mE (21750) CSV: 89.999998;130.350027;40.350029;43.610497;1.431279;19.667974[0m
[1;31mE (21770) CSV: 89.999998;130.350027;40.350029;43.610497;1.431279;19.667974[0m
[1;31mE (21790) CSV: 89.999998;130.350027;40.350029;43.610497;1.431279;19.667974[0m
[1;31mE (21810) CSV: 89.999998;130.350027;40.350029;43.610497;1.431279;19.667974[0m
[1;31mE (21850) CSV: 89.999998;130.350027;40.350029;43.610497;1.431279;19.667974[0m
[1;31mE (21870) CSV: 89.999998;130.495277;40.495280;43.610497;1.431280;19.609523[0m
[1;31mE (21890) CSV: 89.999998;130.495277;40.495280;43.610497;1.431280;19.609523[0m
[1;31mE (21910) CSV: 89.999998;130.495277;40.495280;43.610497;1.431280;19.609523[0m
[1;31mE (21960) CSV: 89.999998;130.678062;40.678064;43.610497;1.431281;19.536637[0m
[1;31mE (21980) CSV: 89.999998;130.678062;40.678064;43.610497;1.431281;19.536637[0m
[1;31mE (22000) CSV: 89.999998;130.678062;40.678064;43.610497;1.431281;19.536637[0m
[1;31mE (22020) CSV: 89.999998;130.678062;40.678064;43.610497;1.431281;19.536637[0m
[1;31mE (22050) CSV: 89.999998;130.678062;40.678064;43.610497;1.431281;19.536637[0m
[1;31mE (22070) CSV: 89.999998;130.843736;40.843738;43.610497;1.431282;19.471210[0m
[1;31mE (22090) CSV: 89.999998;130.843736;40.843738;43.610497;1.431282;19.471210[0m
[1;31mE (22120) CSV: 89.999998;130.843736;40.843738;43.610497;1.431282;19.471210[0m
[1;31mE (22150) CSV: 89.999998;130.843736;40.843738;43.610497;1.431282;19.471210[0m
[1;31mE (22180) CSV: 89.999998;130.954805;40.954807;43.610497;1.431283;19.427684[0m
[1;31mE (22200) CSV: 89.999998;130.954805;40.954807;43.610497;1.431283;19.427684[0m
[1;31mE (22220) CSV: 89.999998;130.954805;40.954807;43.610497;1.431283;19.427684[0m
[1;31mE (22250) CSV: 89.999998;130.954805;40.954807;43.610497;1.431283;19.427684[0m
[1;31mE (22270) CSV: 89.999998;131.085016;41.085018;43.610497;1.431284;19.376995[0m
[1;31mE (22290) CSV: 89.999998;131.085016;41.085018;43.610497;1.431284;19.376995[0m
[1;31mE (22320) CSV: 89.999998;131.085016;41.085018;43.610497;1.431284;19.376995[0m
[1;31mE (22350) CSV: 89.999998;131.234663;41.234666;43.610497;1.431285;19.319189[0m
[1;31mE (22370) CSV: 89.999998;131.234663;41.234666;43.610497;1.431285;19.319189[0m
[1;31mE (22390) CSV: 89.999998;131.234663;41.234666;43.610497;1.431285;19.319189[0m
[1;31mE (22420) CSV: 89.999998;131.234663;41.234666;43.610497;1.431285;19.319189[0m
[1;31mE (22450) CSV: 89.999998;131.404090;41.404092;43.610497;1.431286;19.254315[0m
[1;31mE (22480) CSV: 89.999998;131.404090;41.404092;43.610497;1.431286;19.254315[0m
[1;31mE (22500) CSV: 89.999998;131.404090;41.404092;43.610497;1.431286;19.254315[0m
[1;31mE (22530) CSV: 89.999998;131.404090;41.404092;43.610497;1.431286;19.254315[0m
[1;31mE (22550) CSV: 89.999998;131.593684;41.593686;43.610497;1.431287;19.182433[0m
[1;31mE (22570) CSV: 89.999998;131.593684;41.593686;43.610497;1.431287;19.182433[0m
[1;31mE (22590) CSV: 89.999998;131.593684;41.593686;43.610497;1.431287;19.182433[0m
[1;31mE (22620) CSV: 89.999998;131.593684;41.593686;43.610497;1.431287;19.182433[0m
[1;31mE (22650) CSV: 89.999998;131.593684;41.593686;43.610497;1.431287;19.182433[0m
[1;31mE (22680) CSV: 89.999998;131.765535;41.765538;43.610497;1.431288;19.117919[0m
[1;31mE (22700) CSV: 89.999998;131.765535;41.765538;43.610497;1.431288;19.117919[0m
[1;31mE (22720) CSV: 89.999998;131.765535;41.765538;43.610497;1.431288;19.117919[0m
[1;31mE (22750) CSV: 89.999998;131.765535;41.765538;43.610497;1.431288;19.117919[0m
[1;31mE (22770) CSV: 89.999998;132.015820;42.015822;43.610497;1.431289;19.025039[0m
[1;31mE (22790) CSV: 89.999998;132.015820;42.015822;43.610497;1.431289;19.025039[0m
[1;31mE (22820) CSV: 89.999998;132.015820;42.015822;43.610497;1.431289;19.025039[0m
[1;31mE (22850) CSV: 89.999998;132.229512;42.229514;43.610497;1.431291;18.946734[0m
[1;31mE (22870) CSV: 89.999998;132.229512;42.229514;43.610497;1.431291;18.946734[0m
[1;31mE (22890) CSV: 89.999998;132.229512;42.229514;43.610497;1.431291;18.946734[0m
[1;31mE (22910) CSV: 89.999998;132.229512;42.229514;43.610497;1.431291;18.946734[0m
[1;31mE (22950) CSV: 89.999998;132.366419;42.366421;43.610497;1.431292;18.897042[0m
[1;31mE (22980) CSV: 89.999998;132.366419;42.366421;43.610497;1.431292;18.897042[0m
[1;31mE (23000) CSV: 89.999998;132.366419;42.366421;43.610497;1.431292;18.897042[0m
[1;31mE (23020) CSV: 89.999998;132.366419;42.366421;43.610497;1.431292;18.897042[0m
[1;31mE (23050) CSV: 89.999997;132.583017;42.583019;43.610497;1.431293;18.819173[0m
[1;31mE (23070) CSV: 89.999997;132.583017;42.583019;43.610497;1.431293;18.819173[0m
[1;31mE (23090) CSV: 89.999997;132.583017;42.583019;43.610497;1.431293;18.819173[0m
[1;31mE (23120) CSV: 89.999997;132.583017;42.583019;43.610497;1.431293;18.819173[0m
[1;31mE (23150) CSV: 89.999998;132.583017;42.583019;43.610497;1.431293;18.819173[0m
[1;31mE (23180) CSV: 89.999998;132.801411;42.801414;43.610497;1.431294;18.741576[0m
[1;31mE (23200) CSV: 89.999998;132.801411;42.801414;43.610497;1.431294;18.741576[0m
[1;31mE (23220) CSV: 89.999998;132.801411;42.801414;43.610497;1.431294;18.741576[0m
[1;31mE (23250) CSV: 89.999998;132.801411;42.801414;43.610497;1.431294;18.741576[0m
[1;31mE (23270) CSV: 89.999997;133.021619;43.021621;43.610497;1.431296;18.664254[0m
[1;31mE (23290) CSV: 89.999997;133.021619;43.021621;43.610497;1.431296;18.664254[0m
[1;31mE (23310) CSV: 89.999997;133.021619;43.021621;43.610497;1.431296;18.664254[0m
[1;31mE (23340) CSV: 89.999997;133.243655;43.243658;43.610497;1.431297;18.587209[0m
[1;31mE (23370) CSV: 89.999997;133.243655;43.243658;43.610497;1.431297;18.587209[0m
[1;31mE (23390) CSV: 89.999997;133.243655;43.243658;43.610497;1.431297;18.587209[0m
[1;31mE (23410) CSV: 89.999997;133.243655;43.243658;43.610497;1.431297;18.587209[0m
[1;31mE (23450) CSV: 89.999998;133.406294;43.406296;43.610497;1.431298;18.531353[0m
[1;31mE (23470) CSV: 89.999998;133.406294;43.406296;43.610497;1.431298;18.531353[0m
[1;31mE (23500) CSV: 89.999998;133.406294;43.406296;43.610497;1.431298;18.531353[0m
[1;31mE (23520) CSV: 89.999998;133.406294;43.406296;43.610497;1.431298;18.531353[0m
[1;31mE (23550) CSV: 89.999998;133.406294;43.406296;43.610497;1.431298;18.531353[0m
[1;31mE (23570) CSV: 89.999998;133.569915;43.569917;43.610497;1.431299;18.475647[0m
[1;31mE (23590) CSV: 89.999998;133.569915;43.569917;43.610497;1.431299;18.475647[0m
[1;31mE (23620) CSV: 89.999998;133.569915;43.569917;43.610497;1.431299;18.475647[0m
[1;31mE (23650) CSV: 89.999998;133.569915;43.569917;43.610497;1.431299;18.475647[0m
[1;31mE (23670) CSV: 89.999998;133.775831;43.775834;43.610497;1.431300;18.406229[0m
[1;31mE (23700) CSV: 89.999998;133.775831;43.775834;43.610497;1.431300;18.406229[0m
[1;31mE (23730) CSV: 89.999998;133.775831;43.775834;43.610497;1.431300;18.406229[0m
[1;31mE (23750) CSV: 89.999998;133.983304;43.983307;43.610497;1.431301;18.337050[0m
[1;31mE (23770) CSV: 89.999998;133.983304;43.983307;43.610497;1.431301;18.337050[0m
[1;31mE (23790) CSV: 89.999998;133.983304;43.983307;43.610497;1.431301;18.337050[0m
[1;31mE (23820) CSV: 89.999998;133.983304;43.983307;43.610497;1.431301;18.337050[0m
[1;31mE (23840) CSV: 147.644111;133.180992;-14.463119;43.610493;1.431302;17.988999[0m
[1;31mE (23870) CSV: 147.644111;133.180992;-14.463119;43.610493;1.431302;17.988999[0m
[1;31mE (23890) CSV: 147.644111;133.180992;-14.463119;43.610493;1.431302;17.988999[0m
[1;31mE (23910) CSV: 147.644111;133.180992;-14.463119;43.610493;1.431302;17.988999[0m
[1;31mE (23950) CSV: 89.999998;134.445284;44.445286;43.610497;1.431304;18.185712[0m
[1;31mE (23970) CSV: 89.999998;134.445284;44.445286;43.610497;1.431304;18.185712[0m
[1;31mE (24000) CSV: 89.999998;134.445284;44.445286;43.610497;1.431304;18.185712[0m
[1;31mE (24020) CSV: 89.999998;134.445284;44.445286;43.610497;1.431304;18.185712[0m
[1;31mE (24050) CSV: 89.999998;134.445284;44.445286;43.610497;1.431304;18.185712[0m
[1;31mE (24070) CSV: 89.999998;134.657819;44.657822;43.610497;1.431305;18.117318[0m
[1;31mE (24090) CSV: 89.999998;134.657819;44.657822;43.610497;1.431305;18.117318[0m
[1;31mE (24120) CSV: 89.999998;134.657819;44.657822;43.610497;1.431305;18.117318[0m
[1;31mE (24150) CSV: 89.999998;134.657819;44.657822;43.610497;1.431305;18.117318[0m
[1;31mE (24170) CSV: 35.906249;134.829005;98.922756;43.610497;1.431306;18.062783[0m
[1;31mE (24200) CSV: 35.906249;134.829005;98.922756;43.610497;1.431306;18.062783[0m
[1;31mE (24230) CSV: 44.872594;135.087726;90.215132;43.610497;1.431307;17.981286[0m
[1;31mE (24250) CSV: 44.872594;135.087726;90.215132;43.610497;1.431307;17.981286[0m
[1;31mE (24270) CSV: 44.872594;135.087726;90.215132;43.610497;1.431307;17.981286[0m
[1;31mE (24290) CSV: 44.872594;135.087726;90.215132;43.610497;1.431307;17.981286[0m
[1;31mE (24320) CSV: 44.872594;135.087726;90.215132;43.610497;1.431307;17.981286[0m
[1;31mE (24340) CSV: 51.215832;135.326952;84.111120;43.610497;1.431309;17.906905[0m
[1;31mE (24370) CSV: 51.215832;135.326952;84.111120;43.610497;1.431309;17.906905[0m
[1;31mE (24390) CSV: 51.215832;135.326952;84.111120;43.610497;1.431309;17.906905[0m
[1;31mE (24410) CSV: 51.215832;135.326952;84.111120;43.610497;1.431309;17.906905[0m
[1;31mE (24450) CSV: 56.192225;135.326952;79.134727;43.610497;1.431309;17.906905[0m
[1;31mE (24470) CSV: 56.192225;135.568169;79.375944;43.610497;1.431310;17.832838[0m
[1;31mE (24500) CSV: 56.192225;135.568169;79.375944;43.610497;1.431310;17.832838[0m
[1;31mE (24520) CSV: 56.192225;135.568169;79.375944;43.610497;1.431310;17.832838[0m
[1;31mE (24550) CSV: 89.999997;135.568169;45.568171;43.610497;1.431310;17.832838[0m
[1;31mE (24570) CSV: 89.999997;135.789199;45.789201;43.610497;1.431311;17.765782[0m
[1;31mE (24590) CSV: 89.999997;135.789199;45.789201;43.610497;1.431311;17.765782[0m
[1;31mE (24630) CSV: 89.999998;135.789199;45.789201;43.610497;1.431311;17.765782[0m
[1;31mE (24650) CSV: 89.999998;135.944913;45.944916;43.610497;1.431312;17.719001[0m
[1;31mE (24670) CSV: 89.999998;135.944913;45.944916;43.610497;1.431312;17.719001[0m
[1;31mE (24700) CSV: 89.999998;135.944913;45.944916;43.610497;1.431312;17.719001[0m
[1;31mE (24720) CSV: 89.999998;135.944913;45.944916;43.610497;1.431312;17.719001[0m
[1;31mE (24750) CSV: 89.999998;136.123881;46.123884;43.610497;1.431313;17.665697[0m
[1;31mE (24770) CSV: 89.999998;136.123881;46.123884;43.610497;1.431313;17.665697[0m
[1;31mE (24790) CSV: 89.999998;136.123881;46.123884;43.610497;1.431313;17.665697[0m
[1;31mE (24810) CSV: 89.999998;136.123881;46.123884;43.610497;1.431313;17.665697[0m
[1;31mE (24840) CSV: 89.999998;136.326514;46.326516;43.610497;1.431314;17.605939[0m
[1;31mE (24860) CSV: 89.999998;136.326514;46.326516;43.610497;1.431314;17.605939[0m
[1;31mE (24890) CSV: 89.999998;136.326514;46.326516;43.610497;1.431314;17.605939[0m
[1;31mE (24910) CSV: 89.999998;136.326514;46.326516;43.610497;1.431314;17.605939[0m
[1;31mE (24930) CSV: 89.999998;136.326514;46.326516;43.610497;1.431314;17.605939[0m
[1;31mE (24970) CSV: 89.999998;136.553277;46.553279;43.610497;1.431315;17.539800[0m
[1;31mE (24990) CSV: 89.999998;136.553277;46.553279;43.610497;1.431315;17.539800[0m
[1;31mE (25020) CSV: 89.999998;136.553277;46.553279;43.610497;1.431315;17.539800[0m
[1;31mE (25050) CSV: 89.999998;136.553277;46.553279;43.610497;1.431315;17.539800[0m
[1;31mE (25070) CSV: 89.999998;136.781753;46.781755;43.610497;1.431316;17.473939[0m
[1;31mE (25090) CSV: 89.999998;136.781753;46.781755;43.610497;1.431316;17.473939[0m
[1;31mE (25130) CSV: 147.644111;136.781753;-10.862359;43.610497;1.431316;17.473939[0m
[1;31mE (25150) CSV: 147.644111;135.996600;-11.647511;43.610493;1.431317;17.113850[0m
[1;31mE (25170) CSV: 147.644111;135.996600;-11.647511;43.610493;1.431317;17.113850[0m
[1;31mE (25200) CSV: 147.644111;135.996600;-11.647511;43.610493;1.431317;17.113850[0m
[1;31mE (25230) CSV: 147.644111;135.996600;-11.647511;43.610493;1.431317;17.113850[0m
[1;31mE (25250) CSV: 140.835418;136.182078;-4.653341;43.610493;1.431318;17.060600[0m
[1;31mE (25270) CSV: 140.835418;136.182078;-4.653341;43.610493;1.431318;17.060600[0m
[1;31mE (25290) CSV: 140.835418;136.182078;-4.653341;43.610493;1.431318;17.060600[0m
[1;31mE (25310) CSV: 140.835418;136.182078;-4.653341;43.610493;1.431318;17.060600[0m
[1;31mE (25350) CSV: 142.428973;136.368714;-6.060258;43.610493;1.431319;17.007530[0m
[1;31mE (25370) CSV: 142.428973;136.368714;-6.060258;43.610493;1.431319;17.007530[0m
[1;31mE (25390) CSV: 142.428973;136.368714;-6.060258;43.610493;1.431319;17.007530[0m
[1;31mE (25410) CSV: 142.428973;136.368714;-6.060258;43.610493;1.431319;17.007530[0m
[1;31mE (25430) CSV: 142.428973;136.368714;-6.060258;43.610493;1.431319;17.007530[0m
[1;31mE (25480) CSV: 145.831625;136.509457;-9.322168;43.610493;1.431320;16.967846[0m
[1;31mE (25510) CSV: 145.831625;136.509457;-9.322168;43.610493;1.431320;16.967846[0m
[1;31mE (25530) CSV: 33.271533;137.642208;104.370675;43.610497;1.431321;17.232710[0m
[1;31mE (25550) CSV: 33.271533;137.642208;104.370675;43.610497;1.431321;17.232710[0m
[1;31mE (25570) CSV: 33.271533;137.642208;104.370675;43.610497;1.431321;17.232710[0m
[1;31mE (25590) CSV: 33.271533;137.642208;104.370675;43.610497;1.431321;17.232710[0m
[1;31mE (25630) CSV: 35.046552;137.878897;102.832345;43.610497;1.431322;17.168192[0m
[1;31mE (25660) CSV: 35.046552;137.878897;102.832345;43.610497;1.431322;17.168192[0m
[1;31mE (25680) CSV: 35.046552;137.878897;102.832345;43.610497;1.431322;17.168192[0m
[1;31mE (25700) CSV: 35.046552;137.878897;102.832345;43.610497;1.431322;17.168192[0m
[1;31mE (25730) CSV: 35.046552;137.878897;102.832345;43.610497;1.431322;17.168192[0m
[1;31mE (25750) CSV: 35.906249;138.093440;102.187191;43.610497;1.431323;17.110379[0m
[1;31mE (25770) CSV: 35.906249;138.093440;102.187191;43.610497;1.431323;17.110379[0m
[1;31mE (25790) CSV: 35.906249;138.093440;102.187191;43.610497;1.431323;17.110379[0m
[1;31mE (25810) CSV: 35.906249;138.093440;102.187191;43.610497;1.431323;17.110379[0m
[1;31mE (25850) CSV: 35.906249;138.093440;102.187191;43.610497;1.431323;17.110379[0m
[1;31mE (25870) CSV: 39.164579;138.333524;99.168945;43.610497;1.431324;17.046424[0m
[1;31mE (25890) CSV: 39.164579;138.333524;99.168945;43.610497;1.431324;17.046424[0m
[1;31mE (25920) CSV: 44.872594;138.526889;93.654296;43.610497;1.431325;16.995478[0m
[1;31mE (25940) CSV: 44.872594;138.526889;93.654296;43.610497;1.431325;16.995478[0m
[1;31mE (25980) CSV: 44.872594;138.526889;93.654296;43.610497;1.431325;16.995478[0m
[1;31mE (26000) CSV: 44.872594;138.526889;93.654296;43.610497;1.431325;16.995478[0m
[1;31mE (26030) CSV: 49.088107;138.697036;89.608929;43.610497;1.431326;16.951060[0m
[1;31mE (26050) CSV: 49.088107;138.697036;89.608929;43.610497;1.431326;16.951060[0m
[1;31mE (26070) CSV: 49.088107;138.697036;89.608929;43.610497;1.431326;16.951060[0m
[1;31mE (26090) CSV: 49.088107;138.697036;89.608929;43.610497;1.431326;16.951060[0m
[1;31mE (26130) CSV: 49.088107;138.697036;89.608929;43.610497;1.431326;16.951060[0m
[1;31mE (26160) CSV: 53.163605;138.892582;85.728978;43.610497;1.431327;16.900480[0m
[1;31mE (26180) CSV: 53.163605;138.892582;85.728978;43.610497;1.431327;16.900480[0m
[1;31mE (26200) CSV: 53.163605;138.892582;85.728978;43.610497;1.431327;16.900480[0m
[1;31mE (26230) CSV: 53.163605;138.892582;85.728978;43.610497;1.431327;16.900480[0m
[1;31mE (26250) CSV: 89.999998;139.064646;49.064649;43.610497;1.431328;16.856385[0m
[1;31mE (26270) CSV: 89.999998;139.064646;49.064649;43.610497;1.431328;16.856385[0m
[1;31mE (26290) CSV: 89.999998;139.064646;49.064649;43.610497;1.431328;16.856385[0m
[1;31mE (26310) CSV: 89.999998;139.064646;49.064649;43.610497;1.431328;16.856385[0m
[1;31mE (26350) CSV: 89.999998;139.064646;49.064649;43.610497;1.431328;16.856385[0m
[1;31mE (26370) CSV: 89.999998;139.287196;49.287198;43.610497;1.431329;16.799916[0m
[1;31mE (26390) CSV: 89.999998;139.287196;49.287198;43.610497;1.431329;16.799916[0m
[1;31mE (26410) CSV: 89.999998;139.287196;49.287198;43.610497;1.431329;16.799916[0m
[1;31mE (26430) CSV: 89.999998;139.287196;49.287198;43.610497;1.431329;16.799916[0m
[1;31mE (26460) CSV: 89.999998;139.536230;49.536233;43.610497;1.431330;16.737472[0m
[1;31mE (26500) CSV: 89.999998;139.536230;49.536233;43.610497;1.431330;16.737472[0m
[1;31mE (26530) CSV: 89.999998;139.536230;49.536233;43.610497;1.431330;16.737472[0m
[1;31mE (26550) CSV: 89.999998;139.761951;49.761954;43.610497;1.431331;16.681545[0m
[1;31mE (26570) CSV: 89.999998;139.761951;49.761954;43.610497;1.431331;16.681545[0m
[1;31mE (26590) CSV: 89.999998;139.761951;49.761954;43.610497;1.431331;16.681545[0m
[1;31mE (26630) CSV: 89.999998;139.761951;49.761954;43.610497;1.431331;16.681545[0m
[1;31mE (26650) CSV: 89.999998;139.963864;49.963867;43.610497;1.431332;16.632051[0m
[1;31mE (26680) CSV: 89.999998;139.963864;49.963867;43.610497;1.431332;16.632051[0m
[1;31mE (26700) CSV: 89.999998;139.963864;49.963867;43.610497;1.431332;16.632051[0m
[1;31mE (26730) CSV: 89.999998;139.963864;49.963867;43.610497;1.431332;16.632051[0m
[1;31mE (26750) CSV: 89.999998;140.166980;50.166982;43.610497;1.431333;16.582765[0m
[1;31mE (26770) CSV: 89.999998;140.166980;50.166982;43.610497;1.431333;16.582765[0m
[1;31mE (26790) CSV: 89.999998;140.166980;50.166982;43.610497;1.431333;16.582765[0m
[1;31mE (26810) CSV: 89.999998;140.166980;50.166982;43.610497;1.431333;16.582765[0m
[1;31mE (26840) CSV: 89.999998;140.166980;50.166982;43.610497;1.431333;16.582765[0m
[1;31mE (26870) CSV: 89.999998;140.422574;50.422576;43.610497;1.431334;16.521452[0m
[1;31mE (26890) CSV: 89.999998;140.422574;50.422576;43.610497;1.431334;16.521452[0m
[1;31mE (26920) CSV: 89.999998;140.422574;50.422576;43.610497;1.431334;16.521452[0m
[1;31mE (26940) CSV: 89.999998;140.680067;50.680069;43.610497;1.431335;16.460470[0m
[1;31mE (26960) CSV: 89.999998;140.680067;50.680069;43.610497;1.431335;16.460470[0m
[1;31mE (27000) CSV: 89.999998;140.680067;50.680069;43.610497;1.431335;16.460470[0m
[1;31mE (27030) CSV: 89.999998;140.680067;50.680069;43.610497;1.431335;16.460470[0m
[1;31mE (27050) CSV: 89.999998;140.939470;50.939472;43.610497;1.431337;16.399823[0m
[1;31mE (27070) CSV: 89.999998;140.939470;50.939472;43.610497;1.431337;16.399823[0m
[1;31mE (27090) CSV: 89.999998;140.939470;50.939472;43.610497;1.431337;16.399823[0m
[1;31mE (27120) CSV: 89.999998;140.939470;50.939472;43.610497;1.431337;16.399823[0m
[1;31mE (27150) CSV: 89.999998;141.174574;51.174576;43.610497;1.431338;16.345530[0m
[1;31mE (27180) CSV: 89.999998;141.174574;51.174576;43.610497;1.431338;16.345530[0m
[1;31mE (27200) CSV: 89.999998;141.174574;51.174576;43.610497;1.431338;16.345530[0m
[1;31mE (27220) CSV: 89.999998;141.174574;51.174576;43.610497;1.431338;16.345530[0m
[1;31mE (27250) CSV: 89.999998;141.174574;51.174576;43.610497;1.431338;16.345530[0m
[1;31mE (27270) CSV: 89.999998;141.411241;51.411244;43.610497;1.431339;16.291515[0m
[1;31mE (27290) CSV: 89.999998;141.411241;51.411244;43.610497;1.431339;16.291515[0m
[1;31mE (27310) CSV: 89.999998;141.411241;51.411244;43.610497;1.431339;16.291515[0m
[1;31mE (27340) CSV: 89.999998;141.411241;51.411244;43.610497;1.431339;16.291515[0m
[1;31mE (27370) CSV: 89.999998;141.649479;51.649481;43.610497;1.431340;16.237779[0m
[1;31mE (27390) CSV: 89.999998;141.649479;51.649481;43.610497;1.431340;16.237779[0m
[1;31mE (27410) CSV: 89.999998;141.649479;51.649481;43.610497;1.431340;16.237779[0m
[1;31mE (27440) CSV: 89.999998;141.649479;51.649481;43.610497;1.431340;16.237779[0m
[1;31mE (27460) CSV: 89.999998;141.889295;51.889297;43.610497;1.431341;16.184325[0m
[1;31mE (27500) CSV: 89.999998;141.889295;51.889297;43.610497;1.431341;16.184325[0m
[1;31mE (27530) CSV: 89.999998;141.889295;51.889297;43.610497;1.431341;16.184325[0m
[1;31mE (27550) CSV: 89.999998;142.076913;52.076915;43.610497;1.431342;16.142948[0m
[1;31mE (27570) CSV: 89.999998;142.076913;52.076915;43.610497;1.431342;16.142948[0m
[1;31mE (27590) CSV: 89.999998;142.076913;52.076915;43.610497;1.431342;16.142948[0m
[1;31mE (27620) CSV: 89.999998;142.076913;52.076915;43.610497;1.431342;16.142948[0m
[1;31mE (27650) CSV: 89.999998;142.076913;52.076915;43.610497;1.431342;16.142948[0m
[1;31mE (27670) CSV: 89.999998;142.373688;52.373690;43.610497;1.431343;16.078278[0m
[1;31mE (27700) CSV: 89.999998;142.373688;52.373690;43.610497;1.431343;16.078278[0m
[1;31mE (27720) CSV: 89.999998;142.373688;52.373690;43.610497;1.431343;16.078278[0m
[1;31mE (27740) CSV: 89.999998;142.373688;52.373690;43.610497;1.431343;16.078278[0m
[1;31mE (27770) CSV: 89.999998;142.591024;52.591026;43.610497;1.431344;16.031518[0m
[1;31mE (27790) CSV: 89.999998;142.591024;52.591026;43.610497;1.431344;16.031518[0m
[1;31mE (27810) CSV: 89.999998;142.591024;52.591026;43.610497;1.431344;16.031518[0m
[1;31mE (27830) CSV: 89.999998;142.591024;52.591026;43.610497;1.431344;16.031518[0m
[1;31mE (27860) CSV: 89.999998;142.754858;52.754860;43.610497;1.431345;15.996600[0m
[1;31mE (27890) CSV: 89.999998;142.754858;52.754860;43.610497;1.431345;15.996600[0m
[1;31mE (27920) CSV: 89.999998;142.754858;52.754860;43.610497;1.431345;15.996600[0m
[1;31mE (27940) CSV: 89.999998;142.919408;52.919410;43.610497;1.431345;15.961814[0m
[1;31mE (27960) CSV: 89.999998;142.919408;52.919410;43.610497;1.431345;15.961814[0m
[1;31mE (27990) CSV: 89.999998;142.919408;52.919410;43.610497;1.431345;15.961814[0m
[1;31mE (28020) CSV: 89.999998;142.919408;52.919410;43.610497;1.431345;15.961814[0m
[1;31mE (28050) CSV: 89.999998;143.167578;53.167580;43.610497;1.431347;15.909883[0m
[1;31mE (28070) CSV: 89.999998;143.167578;53.167580;43.610497;1.431347;15.909883[0m
[1;31mE (28090) CSV: 89.999998;143.167578;53.167580;43.610497;1.431347;15.909883[0m
[1;31mE (28120) CSV: 89.999998;143.167578;53.167580;43.610497;1.431347;15.909883[0m
[1;31mE (28150) CSV: 89.999998;143.167578;53.167580;43.610497;1.431347;15.909883[0m
[1;31mE (28170) CSV: 89.999998;143.417368;53.417371;43.610497;1.431348;15.858252[0m
[1;31mE (28190) CSV: 89.999998;143.417368;53.417371;43.610497;1.431348;15.858252[0m
[1;31mE (28220) CSV: 89.999998;143.417368;53.417371;43.610497;1.431348;15.858252[0m
[1;31mE (28250) CSV: 147.644111;142.766141;-4.877971;43.610493;1.431349;15.461439[0m
[1;31mE (28270) CSV: 147.644111;142.766141;-4.877971;43.610493;1.431349;15.461439[0m
[1;31mE (28290) CSV: 147.644111;142.766141;-4.877971;43.610493;1.431349;15.461439[0m
[1;31mE (28320) CSV: 89.999998;142.766141;52.766143;43.610493;1.431349;15.461439[0m
[1;31mE (28340) CSV: 89.999998;143.978293;53.978295;43.610497;1.431350;15.744607[0m
[1;31mE (28360) CSV: 89.999998;143.978293;53.978295;43.610497;1.431350;15.744607[0m
[1;31mE (28390) CSV: 89.999998;143.978293;53.978295;43.610497;1.431350;15.744607[0m
[1;31mE (28410) CSV: 89.999998;143.978293;53.978295;43.610497;1.431350;15.744607[0m
[1;31mE (28440) CSV: 89.999998;143.978293;53.978295;43.610497;1.431350;15.744607[0m
[1;31mE (28460) CSV: 89.999998;144.233348;54.233350;43.610497;1.431351;15.693964[0m
[1;31mE (28490) CSV: 89.999998;144.233348;54.233350;43.610497;1.431351;15.693964[0m
[1;31mE (28520) CSV: 89.999998;144.233348;54.233350;43.610497;1.431351;15.693964[0m
[1;31mE (28550) CSV: 32.355886;144.233348;111.877462;43.610497;1.431351;15.693964[0m
[1;31mE (28570) CSV: 32.355886;144.490050;112.134163;43.610497;1.431352;15.643634[0m
[1;31mE (28590) CSV: 32.355886;144.490050;112.134163;43.610497;1.431352;15.643634[0m
[1;31mE (28620) CSV: 32.355886;144.490050;112.134163;43.610497;1.431352;15.643634[0m
[1;31mE (28650) CSV: 32.355886;144.490050;112.134163;43.610497;1.431352;15.643634[0m
[1;31mE (28670) CSV: 39.935315;144.748403;104.813088;43.610497;1.431353;15.593621[0m
[1;31mE (28690) CSV: 39.935315;144.748403;104.813088;43.610497;1.431353;15.593621[0m
[1;31mE (28720) CSV: 39.935315;144.748403;104.813088;43.610497;1.431353;15.593621[0m
[1;31mE (28750) CSV: 39.935315;144.748403;104.813088;43.610497;1.431353;15.593621[0m
[1;31mE (28770) CSV: 45.516365;144.979441;99.463076;43.610497;1.431354;15.549432[0m
[1;31mE (28790) CSV: 45.516365;144.979441;99.463076;43.610497;1.431354;15.549432[0m
[1;31mE (28810) CSV: 45.516365;144.979441;99.463076;43.610497;1.431354;15.549432[0m
[1;31mE (28840) CSV: 51.215832;145.270087;94.054255;43.610497;1.431355;15.494554[0m
[1;31mE (28860) CSV: 51.215832;145.270087;94.054255;43.610497;1.431355;15.494554[0m
[1;31mE (28890) CSV: 51.215832;145.270087;94.054255;43.610497;1.431355;15.494554[0m
[1;31mE (28910) CSV: 51.215832;145.270087;94.054255;43.610497;1.431355;15.494554[0m
[1;31mE (28940) CSV: 89.999998;145.562790;55.562792;43.610497;1.431357;15.440077[0m
[1;31mE (28960) CSV: 89.999998;145.562790;55.562792;43.610497;1.431357;15.440077[0m
[1;31mE (28990) CSV: 89.999998;145.562790;55.562792;43.610497;1.431357;15.440077[0m
[1;31mE (29020) CSV: 89.999998;145.562790;55.562792;43.610497;1.431357;15.440077[0m
[1;31mE (29050) CSV: 89.999998;145.562790;55.562792;43.610497;1.431357;15.440077[0m
[1;31mE (29070) CSV: 89.999998;145.857559;55.857561;43.610497;1.431358;15.386006[0m
[1;31mE (29090) CSV: 89.999998;145.857559;55.857561;43.610497;1.431358;15.386006[0m
[1;31mE (29120) CSV: 89.999998;145.857559;55.857561;43.610497;1.431358;15.386006[0m
[1;31mE (29140) CSV: 89.999998;145.857559;55.857561;43.610497;1.431358;15.386006[0m
[1;31mE (29170) CSV: 89.999998;146.184197;56.184199;43.610497;1.431359;15.327002[0m
[1;31mE (29190) CSV: 89.999998;146.184197;56.184199;43.610497;1.431359;15.327002[0m
[1;31mE (29230) CSV: 89.999998;146.363422;56.363424;43.610497;1.431360;15.295029[0m
[1;31mE (29250) CSV: 89.999998;146.363422;56.363424;43.610497;1.431360;15.295029[0m
[1;31mE (29270) CSV: 89.999998;146.363422;56.363424;43.610497;1.431360;15.295029[0m
[1;31mE (29290) CSV: 89.999998;146.363422;56.363424;43.610497;1.431360;15.295029[0m
[1;31mE (29320) CSV: 89.999998;146.363422;56.363424;43.610497;1.431360;15.295029[0m
[1;31mE (29340) CSV: 89.999998;146.663796;56.663798;43.610497;1.431361;15.242075[0m
[1;31mE (29360) CSV: 89.999998;146.663796;56.663798;43.610497;1.431361;15.242075[0m
[1;31mE (29390) CSV: 89.999998;146.663796;56.663798;43.610497;1.431361;15.242075[0m
[1;31mE (29410) CSV: 89.999998;146.663796;56.663798;43.610497;1.431361;15.242075[0m
[1;31mE (29440) CSV: 89.999998;146.966256;56.966258;43.610497;1.431362;15.189544[0m
[1;31mE (29460) CSV: 89.999998;146.966256;56.966258;43.610497;1.431362;15.189544[0m
[1;31mE (29490) CSV: 89.999998;146.966256;56.966258;43.610497;1.431362;15.189544[0m
[1;31mE (29520) CSV: 89.999998;146.966256;56.966258;43.610497;1.431362;15.189544[0m
[1;31mE (29550) CSV: 89.999998;147.270806;57.270809;43.610497;1.431363;15.137438[0m
[1;31mE (29570) CSV: 89.999998;147.270806;57.270809;43.610497;1.431363;15.137438[0m
[1;31mE (29590) CSV: 89.999998;147.270806;57.270809;43.610497;1.431363;15.137438[0m
[1;31mE (29620) CSV: 89.999998;147.270806;57.270809;43.610497;1.431363;15.137438[0m
[1;31mE (29650) CSV: 89.999998;147.270806;57.270809;43.610497;1.431363;15.137438[0m
[1;31mE (29670) CSV: 89.999998;147.608232;57.608235;43.610497;1.431365;15.080619[0m
[1;31mE (29690) CSV: 89.999998;147.608232;57.608235;43.610497;1.431365;15.080619[0m
[1;31mE (29710) CSV: 89.999998;147.608232;57.608235;43.610497;1.431365;15.080619[0m
[1;31mE (29750) CSV: 89.999998;147.948198;57.948201;43.610497;1.431366;15.024328[0m
[1;31mE (29770) CSV: 89.999998;147.948198;57.948201;43.610497;1.431366;15.024328[0m
[1;31mE (29790) CSV: 89.999998;147.948198;57.948201;43.610497;1.431366;15.024328[0m
[1;31mE (29810) CSV: 89.999998;147.948198;57.948201;43.610497;1.431366;15.024328[0m
[1;31mE (29840) CSV: 89.999998;147.948198;57.948201;43.610497;1.431366;15.024328[0m
[1;31mE (29860) CSV: 89.999998;148.197045;58.197047;43.610497;1.431367;14.983723[0m
[1;31mE (29880) CSV: 89.999998;148.197045;58.197047;43.610497;1.431367;14.983723[0m
[1;31mE (29910) CSV: 89.999998;148.197045;58.197047;43.610497;1.431367;14.983723[0m
[1;31mE (29940) CSV: 89.999998;148.197045;58.197047;43.610497;1.431367;14.983723[0m
[1;31mE (29960) CSV: 89.999998;148.447239;58.447241;43.610497;1.431368;14.943402[0m
[1;31mE (29990) CSV: 89.999998;148.447239;58.447241;43.610497;1.431368;14.943402[0m
[1;31mE (30010) CSV: 89.999998;148.447239;58.447241;43.610497;1.431368;14.943402[0m
[1;31mE (30040) CSV: 89.999998;148.447239;58.447241;43.610497;1.431368;14.943402[0m
[1;31mE (30070) CSV: 89.999998;148.730319;58.730322;43.610497;1.431369;14.898383[0m
[1;31mE (30090) CSV: 89.999998;148.730319;58.730322;43.610497;1.431369;14.898383[0m
[1;31mE (30120) CSV: 89.999998;148.730319;58.730322;43.610497;1.431369;14.898383[0m
[1;31mE (30150) CSV: 89.999998;148.730319;58.730322;43.610497;1.431369;14.898383[0m
[1;31mE (30170) CSV: 89.999998;149.078628;59.078630;43.610497;1.431370;14.843858[0m
[1;31mE (30190) CSV: 89.999998;149.078628;59.078630;43.610497;1.431370;14.843858[0m
[1;31mE (30210) CSV: 89.999998;149.078628;59.078630;43.610497;1.431370;14.843858[0m
[1;31mE (30250) CSV: 89.999998;149.397489;59.397492;43.610497;1.431371;14.794769[0m
[1;31mE (30270) CSV: 89.999998;149.397489;59.397492;43.610497;1.431371;14.794769[0m
[1;31mE (30290) CSV: 89.999998;149.397489;59.397492;43.610497;1.431371;14.794769[0m
[1;31mE (30310) CSV: 89.999998;149.397489;59.397492;43.610497;1.431371;14.794769[0m
[1;31mE (30340) CSV: 89.999998;149.718464;59.718466;43.610497;1.431373;14.746141[0m
[1;31mE (30360) CSV: 89.999998;149.718464;59.718466;43.610497;1.431373;14.746141[0m
[1;31mE (30380) CSV: 89.999998;149.718464;59.718466;43.610497;1.431373;14.746141[0m
[1;31mE (30410) CSV: 89.999998;149.718464;59.718466;43.610497;1.431373;14.746141[0m
[1;31mE (30440) CSV: 89.999998;149.718464;59.718466;43.610497;1.431373;14.746141[0m
[1;31mE (30460) CSV: 89.999998;149.944403;59.944406;43.610497;1.431373;14.712379[0m
[1;31mE (30480) CSV: 89.999998;149.944403;59.944406;43.610497;1.431373;14.712379[0m
[1;31mE (30520) CSV: 89.999998;150.236419;60.236421;43.610497;1.431375;14.669308[0m
[1;31mE (30550) CSV: 89.999998;150.236419;60.236421;43.610497;1.431375;14.669308[0m
[1;31mE (30570) CSV: 89.999998;150.236419;60.236421;43.610497;1.431375;14.669308[0m
[1;31mE (30590) CSV: 89.999998;150.236419;60.236421;43.610497;1.431375;14.669308[0m
[1;31mE (30630) CSV: 89.999998;150.236419;60.236421;43.610497;1.431375;14.669308[0m
[1;31mE (30650) CSV: 89.999998;150.530147;60.530150;43.610497;1.431376;14.626620[0m
[1;31mE (30670) CSV: 89.999998;150.530147;60.530150;43.610497;1.431376;14.626620[0m
[1;31mE (30690) CSV: 89.999998;150.530147;60.530150;43.610497;1.431376;14.626620[0m
[1;31mE (30720) CSV: 89.999998;150.530147;60.530150;43.610497;1.431376;14.626620[0m
[1;31mE (30750) CSV: 89.999998;150.891473;60.891475;43.610497;1.431377;14.574971[0m
[1;31mE (30770) CSV: 89.999998;150.891473;60.891475;43.610497;1.431377;14.574971[0m
[1;31mE (30790) CSV: 89.999998;150.891473;60.891475;43.610497;1.431377;14.574971[0m
[1;31mE (30810) CSV: 89.999998;150.891473;60.891475;43.610497;1.431377;14.574971[0m
[1;31mE (30840) CSV: 89.999998;150.891473;60.891475;43.610497;1.431377;14.574971[0m
[1;31mE (30860) CSV: 89.999998;151.222168;61.222170;43.610497;1.431378;14.528524[0m
[1;31mE (30880) CSV: 89.999998;151.222168;61.222170;43.610497;1.431378;14.528524[0m
[1;31mE (30900) CSV: 89.999998;151.222168;61.222170;43.610497;1.431378;14.528524[0m
[1;31mE (30940) CSV: 89.999998;151.222168;61.222170;43.610497;1.431378;14.528524[0m
[1;31mE (30960) CSV: 89.999998;151.621787;61.621789;43.610497;1.431380;14.473432[0m
[1;31mE (30980) CSV: 89.999998;151.621787;61.621789;43.610497;1.431380;14.473432[0m
[1;31mE (31020) CSV: 89.999998;151.889886;61.889888;43.610497;1.431381;14.437097[0m
[1;31mE (31040) CSV: 89.999998;151.889886;61.889888;43.610497;1.431381;14.437097[0m
[1;31mE (31070) CSV: 89.999998;151.889886;61.889888;43.610497;1.431381;14.437097[0m
[1;31mE (31090) CSV: 89.999998;151.889886;61.889888;43.610497;1.431381;14.437097[0m
[1;31mE (31120) CSV: 89.999998;151.889886;61.889888;43.610497;1.431381;14.437097[0m
[1;31mE (31150) CSV: 140.064682;151.315779;11.251098;43.610493;1.431381;14.032006[0m
[1;31mE (31170) CSV: 140.064682;151.315779;11.251098;43.610493;1.431381;14.032006[0m
[1;31mE (31190) CSV: 140.064682;151.315779;11.251098;43.610493;1.431381;14.032006[0m
[1;31mE (31210) CSV: 140.064682;151.315779;11.251098;43.610493;1.431381;14.032006[0m
[1;31mE (31250) CSV: 141.623422;151.591539;9.968117;43.610493;1.431382;13.995315[0m
[1;31mE (31270) CSV: 141.623422;151.591539;9.968117;43.610493;1.431382;13.995315[0m
[1;31mE (31290) CSV: 141.623422;151.591539;9.968117;43.610493;1.431382;13.995315[0m
[1;31mE (31310) CSV: 141.623422;151.591539;9.968117;43.610493;1.431382;13.995315[0m
[1;31mE (31340) CSV: 144.953445;151.591539;6.638094;43.610493;1.431382;13.995315[0m
[1;31mE (31360) CSV: 144.953445;151.868742;6.915297;43.610493;1.431383;13.958949[0m
[1;31mE (31380) CSV: 144.953445;151.868742;6.915297;43.610493;1.431383;13.958949[0m
[1;31mE (31400) CSV: 144.953445;151.868742;6.915297;43.610493;1.431383;13.958949[0m
[1;31mE (31440) CSV: 144.953445;151.868742;6.915297;43.610493;1.431383;13.958949[0m
[1;31mE (31460) CSV: 144.093749;152.182319;8.088570;43.610493;1.431384;13.918431[0m
[1;31mE (31480) CSV: 144.093749;152.182319;8.088570;43.610493;1.431384;13.918431[0m
[1;31mE (31510) CSV: 144.093749;152.182319;8.088570;43.610493;1.431384;13.918431[0m
[1;31mE (31540) CSV: 136.459472;152.182319;15.722847;43.610493;1.431384;13.918431[0m
[1;31mE (31570) CSV: 136.459472;152.532873;16.073402;43.610493;1.431386;13.873903[0m
[1;31mE (31590) CSV: 136.459472;152.532873;16.073402;43.610493;1.431386;13.873903[0m
[1;31mE (31610) CSV: 136.459472;152.532873;16.073402;43.610493;1.431386;13.873903[0m
[1;31mE (31650) CSV: 131.474181;152.814933;21.340751;43.610493;1.431386;13.838656[0m
[1;31mE (31670) CSV: 131.474181;152.814933;21.340751;43.610493;1.431386;13.838656[0m
[1;31mE (31690) CSV: 131.474181;152.814933;21.340751;43.610493;1.431386;13.838656[0m
[1;31mE (31710) CSV: 131.474181;152.814933;21.340751;43.610493;1.431386;13.838656[0m
[1;31mE (31750) CSV: 126.836390;152.814933;25.978542;43.610493;1.431386;13.838656[0m
[1;31mE (31770) CSV: 126.836390;153.133963;26.297573;43.610493;1.431388;13.799407[0m
[1;31mE (31790) CSV: 126.836390;153.133963;26.297573;43.610493;1.431388;13.799407[0m
[1;31mE (31810) CSV: 126.836390;153.133963;26.297573;43.610493;1.431388;13.799407[0m
[1;31mE (31840) CSV: 126.836390;153.133963;26.297573;43.610493;1.431388;13.799407[0m
[1;31mE (31860) CSV: 89.999998;153.419065;63.419068;43.610493;1.431388;13.764880[0m
[1;31mE (31890) CSV: 89.999998;153.419065;63.419068;43.610493;1.431388;13.764880[0m
[1;31mE (31910) CSV: 89.999998;153.419065;63.419068;43.610493;1.431388;13.764880[0m
[1;31mE (31930) CSV: 89.999998;153.419065;63.419068;43.610493;1.431388;13.764880[0m
[1;31mE (31960) CSV: 89.999998;153.633829;63.633831;43.610493;1.431389;13.739209[0m
[1;31mE (31980) CSV: 89.999998;153.633829;63.633831;43.610493;1.431389;13.739209[0m
[1;31mE (32030) CSV: 89.999998;153.885398;63.885400;43.610493;1.431390;13.709505[0m
[1;31mE (32050) CSV: 89.999998;153.885398;63.885400;43.610493;1.431390;13.709505[0m
[1;31mE (32070) CSV: 89.999998;153.885398;63.885400;43.610493;1.431390;13.709505[0m
[1;31mE (32090) CSV: 89.999998;153.885398;63.885400;43.610493;1.431390;13.709505[0m
[1;31mE (32120) CSV: 89.999998;153.885398;63.885400;43.610493;1.431390;13.709505[0m
[1;31mE (32150) CSV: 89.999998;154.065757;64.065759;43.610493;1.431391;13.688450[0m
[1;31mE (32170) CSV: 89.999998;154.065757;64.065759;43.610493;1.431391;13.688450[0m
[1;31mE (32190) CSV: 89.999998;154.065757;64.065759;43.610493;1.431391;13.688450[0m
[1;31mE (32220) CSV: 89.999998;154.065757;64.065759;43.610493;1.431391;13.688450[0m
[1;31mE (32250) CSV: 89.999998;154.065757;64.065759;43.610493;1.431391;13.688450[0m
[1;31mE (32270) CSV: 89.999998;154.610151;64.610153;43.610493;1.431392;13.626104[0m
[1;31mE (32290) CSV: 89.999998;154.610151;64.610153;43.610493;1.431392;13.626104[0m
[1;31mE (32310) CSV: 89.999998;154.610151;64.610153;43.610493;1.431392;13.626104[0m
[1;31mE (32340) CSV: 89.999998;154.610151;64.610153;43.610493;1.431392;13.626104[0m
[1;31mE (32360) CSV: 89.999998;154.939168;64.939170;43.610493;1.431394;13.589292[0m
[1;31mE (32380) CSV: 89.999998;154.939168;64.939170;43.610493;1.431394;13.589292[0m
[1;31mE (32410) CSV: 89.999998;154.939168;64.939170;43.610493;1.431394;13.589292[0m
[1;31mE (32430) CSV: 89.999998;154.939168;64.939170;43.610493;1.431394;13.589292[0m
[1;31mE (32460) CSV: 89.999998;155.233119;65.233121;43.610493;1.431394;13.556947[0m
[1;31mE (32480) CSV: 89.999998;155.233119;65.233121;43.610493;1.431394;13.556947[0m
[1;31mE (32520) CSV: 89.999998;155.233119;65.233121;43.610493;1.431394;13.556947[0m
[1;31mE (32550) CSV: 89.999998;155.528468;65.528470;43.610493;1.431395;13.524962[0m
[1;31mE (32570) CSV: 89.999998;155.528468;65.528470;43.610493;1.431395;13.524962[0m
[1;31mE (32590) CSV: 89.999998;155.528468;65.528470;43.610493;1.431395;13.524962[0m
[1;31mE (32610) CSV: 89.999998;155.528468;65.528470;43.610493;1.431395;13.524962[0m
[1;31mE (32650) CSV: 89.999998;155.788041;65.788043;43.610493;1.431396;13.497270[0m
[1;31mE (32670) CSV: 89.999998;155.788041;65.788043;43.610493;1.431396;13.497270[0m
[1;31mE (32690) CSV: 89.999998;155.788041;65.788043;43.610493;1.431396;13.497270[0m
[1;31mE (32710) CSV: 89.999998;155.788041;65.788043;43.610493;1.431396;13.497270[0m
[1;31mE (32740) CSV: 89.999998;155.788041;65.788043;43.610493;1.431396;13.497270[0m
[1;31mE (32770) CSV: 89.999998;155.974100;65.974103;43.610493;1.431397;13.477661[0m
[1;31mE (32800) CSV: 89.999998;155.974100;65.974103;43.610493;1.431397;13.477661[0m
[1;31mE (32820) CSV: 89.999998;155.974100;65.974103;43.610493;1.431397;13.477661[0m
[1;31mE (32850) CSV: 89.999998;155.974100;65.974103;43.610493;1.431397;13.477661[0m
[1;31mE (32880) CSV: 89.999997;156.385331;66.385333;43.610493;1.431398;13.435023[0m
[1;31mE (32900) CSV: 89.999997;156.385331;66.385333;43.610493;1.431398;13.435023[0m
[1;31mE (32940) CSV: 89.999998;156.799158;66.799161;43.610493;1.431399;13.393081[0m
[1;31mE (32960) CSV: 89.999998;156.799158;66.799161;43.610493;1.431399;13.393081[0m
[1;31mE (32980) CSV: 89.999998;156.799158;66.799161;43.610493;1.431399;13.393081[0m
[1;31mE (33010) CSV: 89.999998;156.799158;66.799161;43.610493;1.431399;13.393081[0m
[1;31mE (33050) CSV: 89.999998;157.101744;67.101747;43.610493;1.431400;13.363019[0m
[1;31mE (33070) CSV: 89.999998;157.101744;67.101747;43.610493;1.431400;13.363019[0m
[1;31mE (33090) CSV: 89.999998;157.101744;67.101747;43.610493;1.431400;13.363019[0m
[1;31mE (33120) CSV: 89.999998;157.101744;67.101747;43.610493;1.431400;13.363019[0m
[1;31mE (33160) CSV: 89.999998;157.405686;67.405688;43.610493;1.431401;13.333332[0m
[1;31mE (33180) CSV: 89.999998;157.405686;67.405688;43.610493;1.431401;13.333332[0m
[1;31mE (33200) CSV: 89.999998;157.405686;67.405688;43.610493;1.431401;13.333332[0m
[1;31mE (33220) CSV: 89.999998;157.405686;67.405688;43.610493;1.431401;13.333332[0m
[1;31mE (33250) CSV: 89.999998;157.405686;67.405688;43.610493;1.431401;13.333332[0m
[1;31mE (33270) CSV: 89.999998;157.710976;67.710978;43.610493;1.431402;13.304022[0m
[1;31mE (33290) CSV: 89.999998;157.710976;67.710978;43.610493;1.431402;13.304022[0m
[1;31mE (33320) CSV: 89.999998;157.710976;67.710978;43.610493;1.431402;13.304022[0m
[1;31mE (33350) CSV: 89.999998;157.710976;67.710978;43.610493;1.431402;13.304022[0m
[1;31mE (33370) CSV: 89.999998;158.056027;68.056030;43.610493;1.431403;13.271501[0m
[1;31mE (33390) CSV: 89.999998;158.056027;68.056030;43.610493;1.431403;13.271501[0m
[1;31mE (33410) CSV: 89.999998;158.056027;68.056030;43.610493;1.431403;13.271501[0m
[1;31mE (33440) CSV: 89.999998;158.441391;68.441393;43.610493;1.431405;13.235934[0m
[1;31mE (33460) CSV: 89.999998;158.441391;68.441393;43.610493;1.431405;13.235934[0m
[1;31mE (33490) CSV: 89.999998;158.441391;68.441393;43.610493;1.431405;13.235934[0m
[1;31mE (33520) CSV: 89.999998;158.441391;68.441393;43.610493;1.431405;13.235934[0m
[1;31mE (33550) CSV: 89.999998;158.828813;68.828815;43.610493;1.431406;13.200969[0m
[1;31mE (33570) CSV: 89.999998;158.828813;68.828815;43.610493;1.431406;13.200969[0m
[1;31mE (33590) CSV: 89.999998;158.828813;68.828815;43.610493;1.431406;13.200969[0m
[1;31mE (33610) CSV: 89.999998;158.828813;68.828815;43.610493;1.431406;13.200969[0m
[1;31mE (33660) CSV: 89.999998;159.179238;69.179240;43.610493;1.431407;13.170020[0m
[1;31mE (33680) CSV: 89.999998;159.179238;69.179240;43.610493;1.431407;13.170020[0m
[1;31mE (33700) CSV: 89.999998;159.179238;69.179240;43.610493;1.431407;13.170020[0m
[1;31mE (33720) CSV: 89.999998;159.179238;69.179240;43.610493;1.431407;13.170020[0m
[1;31mE (33740) CSV: 89.999998;159.179238;69.179240;43.610493;1.431407;13.170020[0m
[1;31mE (33770) CSV: 89.999998;159.531300;69.531302;43.610493;1.431408;13.139565[0m
[1;31mE (33790) CSV: 89.999998;159.531300;69.531302;43.610493;1.431408;13.139565[0m
[1;31mE (33830) CSV: 89.999998;159.845607;69.845609;43.610493;1.431409;13.112913[0m
[1;31mE (33850) CSV: 89.999998;159.845607;69.845609;43.610493;1.431409;13.112913[0m
[1;31mE (33870) CSV: 89.999998;159.845607;69.845609;43.610493;1.431409;13.112913[0m
[1;31mE (33890) CSV: 89.999998;159.845607;69.845609;43.610493;1.431409;13.112913[0m
[1;31mE (33920) CSV: 89.999998;159.845607;69.845609;43.610493;1.431409;13.112913[0m
[1;31mE (33950) CSV: 89.999998;160.200720;70.200723;43.610493;1.431410;13.083402[0m
[1;31mE (33970) CSV: 89.999998;160.200720;70.200723;43.610493;1.431410;13.083402[0m
[1;31mE (33990) CSV: 89.999998;160.200720;70.200723;43.610493;1.431410;13.083402[0m
[1;31mE (34040) CSV: 89.999998;160.200720;70.200723;43.610493;1.431410;13.083402[0m
[1;31mE (34060) CSV: 89.999998;160.557426;70.557428;43.610493;1.431411;13.054397[0m
[1;31mE (34080) CSV: 89.999998;160.557426;70.557428;43.610493;1.431411;13.054397[0m
[1;31mE (34100) CSV: 89.999998;160.557426;70.557428;43.610493;1.431411;13.054397[0m
[1;31mE (34120) CSV: 89.999998;160.557426;70.557428;43.610493;1.431411;13.054397[0m
[1;31mE (34160) CSV: 89.999998;160.955611;70.955613;43.610493;1.431412;13.022765[0m
[1;31mE (34180) CSV: 89.999998;160.955611;70.955613;43.610493;1.431412;13.022765[0m
[1;31mE (34200) CSV: 89.999998;160.955611;70.955613;43.610493;1.431412;13.022765[0m
[1;31mE (34230) CSV: 89.999998;160.955611;70.955613;43.610493;1.431412;13.022765[0m
[1;31mE (34260) CSV: 89.999998;161.355716;71.355718;43.610493;1.431413;12.991764[0m
[1;31mE (34280) CSV: 89.999998;161.355716;71.355718;43.610493;1.431413;12.991764[0m
[1;31mE (34300) CSV: 89.999998;161.355716;71.355718;43.610493;1.431413;12.991764[0m
[1;31mE (34330) CSV: 89.999998;161.355716;71.355718;43.610493;1.431413;12.991764[0m
[1;31mE (34350) CSV: 89.999998;161.757715;71.757717;43.610493;1.431415;12.961401[0m
[1;31mE (34370) CSV: 89.999998;161.757715;71.757717;43.610493;1.431415;12.961401[0m
[1;31mE (34400) CSV: 89.999998;161.757715;71.757717;43.610493;1.431415;12.961401[0m
[1;31mE (34420) CSV: 89.999998;161.757715;71.757717;43.610493;1.431415;12.961401[0m
[1;31mE (34450) CSV: 89.999998;162.080661;72.080663;43.610493;1.431416;12.937571[0m
[1;31mE (34470) CSV: 89.999998;162.080661;72.080663;43.610493;1.431416;12.937571[0m
[1;31mE (34490) CSV: 89.999998;162.080661;72.080663;43.610493;1.431416;12.937571[0m
[1;31mE (34530) CSV: 89.999998;162.080661;72.080663;43.610493;1.431416;12.937571[0m
[1;31mE (34560) CSV: 89.999998;162.445386;72.445388;43.610493;1.431417;12.911256[0m
[1;31mE (34580) CSV: 89.999998;162.445386;72.445388;43.610493;1.431417;12.911256[0m
[1;31mE (34600) CSV: 89.999998;162.445386;72.445388;43.610493;1.431417;12.911256[0m
[1;31mE (34620) CSV: 89.999998;162.445386;72.445388;43.610493;1.431417;12.911256[0m
[1;31mE (34660) CSV: 89.999998;162.893162;72.893165;43.610493;1.431418;12.879807[0m
[1;31mE (34680) CSV: 89.999998;162.893162;72.893165;43.610493;1.431418;12.879807[0m
[1;31mE (34700) CSV: 89.999998;162.893162;72.893165;43.610493;1.431418;12.879807[0m
[1;31mE (34730) CSV: 89.999998;162.893162;72.893165;43.610493;1.431418;12.879807[0m
[1;31mE (34760) CSV: 89.999998;162.893162;72.893165;43.610493;1.431418;12.879807[0m
[1;31mE (34780) CSV: 89.999998;163.302111;73.302113;43.610493;1.431419;12.851903[0m
[1;31mE (34800) CSV: 89.999998;163.302111;73.302113;43.610493;1.431419;12.851903[0m
[1;31mE (34830) CSV: 89.999998;163.302111;73.302113;43.610493;1.431419;12.851903[0m
[1;31mE (34850) CSV: 89.999998;163.712818;73.712820;43.610493;1.431420;12.824656[0m
[1;31mE (34870) CSV: 89.999998;163.712818;73.712820;43.610493;1.431420;12.824656[0m
[1;31mE (34900) CSV: 89.999998;163.712818;73.712820;43.610493;1.431420;12.824656[0m
[1;31mE (34930) CSV: 89.999998;163.712818;73.712820;43.610493;1.431420;12.824656[0m
[1;31mE (34950) CSV: 89.999998;164.083932;74.083935;43.610493;1.431421;12.800700[0m
[1;31mE (34970) CSV: 89.999998;164.083932;74.083935;43.610493;1.431421;12.800700[0m
[1;31mE (34990) CSV: 89.999998;164.083932;74.083935;43.610493;1.431421;12.800700[0m
[1;31mE (35030) CSV: 89.999998;164.083932;74.083935;43.610493;1.431421;12.800700[0m
[1;31mE (35060) CSV: 89.999998;164.539383;74.539385;43.610493;1.431423;12.772152[0m
[1;31mE (35080) CSV: 89.999998;164.539383;74.539385;43.610493;1.431423;12.772152[0m
[1;31mE (35100) CSV: 89.999998;164.539383;74.539385;43.610493;1.431423;12.772152[0m
[1;31mE (35120) CSV: 89.999998;164.539383;74.539385;43.610493;1.431423;12.772152[0m
[1;31mE (35160) CSV: 89.999998;164.830265;74.830268;43.610493;1.431424;12.754407[0m
[1;31mE (35180) CSV: 89.999998;164.830265;74.830268;43.610493;1.431424;12.754407[0m
[1;31mE (35200) CSV: 89.999998;164.830265;74.830268;43.610493;1.431424;12.754407[0m
[1;31mE (35240) CSV: 89.999998;165.163685;75.163687;43.610493;1.431424;12.734531[0m
[1;31mE (35260) CSV: 89.999998;165.163685;75.163687;43.610493;1.431424;12.734531[0m
[1;31mE (35280) CSV: 89.999998;165.163685;75.163687;43.610493;1.431424;12.734531[0m
[1;31mE (35300) CSV: 89.999998;165.163685;75.163687;43.610493;1.431424;12.734531[0m
[1;31mE (35330) CSV: 89.999998;165.498135;75.498137;43.610493;1.431425;12.715087[0m
[1;31mE (35350) CSV: 89.999998;165.498135;75.498137;43.610493;1.431425;12.715087[0m
[1;31mE (35370) CSV: 89.999998;165.498135;75.498137;43.610493;1.431425;12.715087[0m
[1;31mE (35390) CSV: 89.999998;165.498135;75.498137;43.610493;1.431425;12.715087[0m
[1;31mE (35430) CSV: 89.999998;165.498135;75.498137;43.610493;1.431425;12.715087[0m
[1;31mE (35450) CSV: 89.999997;165.833599;75.833601;43.610493;1.431426;12.696078[0m
[1;31mE (35470) CSV: 89.999997;165.833599;75.833601;43.610493;1.431426;12.696078[0m
[1;31mE (35490) CSV: 89.999997;165.833599;75.833601;43.610493;1.431426;12.696078[0m
[1;31mE (35520) CSV: 89.999997;165.833599;75.833601;43.610493;1.431426;12.696078[0m
[1;31mE (35560) CSV: 89.999998;166.212183;76.212185;43.610493;1.431427;12.675215[0m
[1;31mE (35580) CSV: 89.999998;166.212183;76.212185;43.610493;1.431427;12.675215[0m
[1;31mE (35600) CSV: 89.999998;166.212183;76.212185;43.610493;1.431427;12.675215[0m
[1;31mE (35620) CSV: 89.999998;166.212183;76.212185;43.610493;1.431427;12.675215[0m
[1;31mE (35660) CSV: 144.093747;166.044491;21.950744;43.610489;1.431428;12.247303[0m
[1;31mE (35680) CSV: 144.093747;166.044491;21.950744;43.610489;1.431428;12.247303[0m
[1;31mE (35700) CSV: 144.093747;166.044491;21.950744;43.610489;1.431428;12.247303[0m
[1;31mE (35730) CSV: 144.953443;166.044491;21.091047;43.610489;1.431428;12.247303[0m
[1;31mE (35760) CSV: 144.953443;166.349913;21.396470;43.610489;1.431429;12.231275[0m
[1;31mE (35780) CSV: 144.953443;166.349913;21.396470;43.610489;1.431429;12.231275[0m
[1;31mE (35800) CSV: 144.953443;166.349913;21.396470;43.610489;1.431429;12.231275[0m
[1;31mE (35820) CSV: 144.953443;166.349913;21.396470;43.610489;1.431429;12.231275[0m
[1;31mE (35850) CSV: 145.831623;166.656128;20.824505;43.610489;1.431430;12.215594[0m
[1;31mE (35870) CSV: 145.831623;166.656128;20.824505;43.610489;1.431430;12.215594[0m
[1;31mE (35900) CSV: 145.831623;166.656128;20.824505;43.610489;1.431430;12.215594[0m
[1;31mE (35920) CSV: 145.831623;166.656128;20.824505;43.610489;1.431430;12.215594[0m
[1;31mE (35950) CSV: 145.831623;166.656128;20.824505;43.610489;1.431430;12.215594[0m
[1;31mE (35970) CSV: 146.728463;167.007041;20.278578;43.610489;1.431431;12.198103[0m
[1;31mE (35990) CSV: 146.728463;167.007041;20.278578;43.610489;1.431431;12.198103[0m
[1;31mE (36030) CSV: 146.728463;167.007041;20.278578;43.610489;1.431431;12.198103[0m
[1;31mE (36060) CSV: 139.310919;167.007041;27.696121;43.610489;1.431431;12.198103[0m
[1;31mE (36080) CSV: 139.310919;167.403005;28.092086;43.610489;1.431432;12.178973[0m
[1;31mE (36100) CSV: 139.310919;167.403005;28.092086;43.610489;1.431432;12.178973[0m
[1;31mE (36120) CSV: 139.310919;167.403005;28.092086;43.610489;1.431432;12.178973[0m
[1;31mE (36160) CSV: 132.637391;167.844403;35.207011;43.610489;1.431433;12.158402[0m
[1;31mE (36180) CSV: 132.637391;167.844403;35.207011;43.610489;1.431433;12.158402[0m
[1;31mE (36210) CSV: 132.637391;167.844403;35.207011;43.610489;1.431433;12.158402[0m
[1;31mE (36240) CSV: 126.836389;167.844403;41.008014;43.610489;1.431433;12.158402[0m
[1;31mE (36260) CSV: 126.836389;168.331636;41.495247;43.610489;1.431435;12.136611[0m
[1;31mE (36280) CSV: 126.836389;168.331636;41.495247;43.610489;1.431435;12.136611[0m
[1;31mE (36300) CSV: 126.836389;168.331636;41.495247;43.610489;1.431435;12.136611[0m
[1;31mE (36330) CSV: 89.999998;168.331636;78.331638;43.610489;1.431435;12.136611[0m
[1;31mE (36360) CSV: 89.999998;168.820586;78.820589;43.610489;1.431436;12.115700[0m
[1;31mE (36380) CSV: 89.999998;168.820586;78.820589;43.610489;1.431436;12.115700[0m
[1;31mE (36400) CSV: 89.999998;168.820586;78.820589;43.610489;1.431436;12.115700[0m
[1;31mE (36420) CSV: 89.999998;168.820586;78.820589;43.610489;1.431436;12.115700[0m
[1;31mE (36450) CSV: 89.999998;168.820586;78.820589;43.610489;1.431436;12.115700[0m
[1;31mE (36470) CSV: 89.999998;169.132602;79.132605;43.610489;1.431437;12.102854[0m
[1;31mE (36490) CSV: 89.999998;169.132602;79.132605;43.610489;1.431437;12.102854[0m
[1;31mE (36530) CSV: 89.999998;169.132602;79.132605;43.610489;1.431437;12.102854[0m
[1;31mE (36560) CSV: 89.999998;169.445272;79.445274;43.610489;1.431437;12.090368[0m
[1;31mE (36580) CSV: 89.999998;169.445272;79.445274;43.610489;1.431437;12.090368[0m
[1;31mE (36600) CSV: 89.999998;169.445272;79.445274;43.610489;1.431437;12.090368[0m
[1;31mE (36630) CSV: 89.999998;169.445272;79.445274;43.610489;1.431437;12.090368[0m
[1;31mE (36660) CSV: 89.999998;169.803388;79.803390;43.610489;1.431438;12.076539[0m
[1;31mE (36690) CSV: 89.999998;169.803388;79.803390;43.610489;1.431438;12.076539[0m
[1;31mE (36710) CSV: 89.999998;169.803388;79.803390;43.610489;1.431438;12.076539[0m
[1;31mE (36740) CSV: 89.999997;170.162311;80.162314;43.610489;1.431439;12.063184[0m
[1;31mE (36760) CSV: 89.999997;170.162311;80.162314;43.610489;1.431439;12.063184[0m
[1;31mE (36780) CSV: 89.999997;170.162311;80.162314;43.610489;1.431439;12.063184[0m
[1;31mE (36800) CSV: 89.999997;170.162311;80.162314;43.610489;1.431439;12.063184[0m
[1;31mE (36830) CSV: 89.999997;170.162311;80.162314;43.610489;1.431439;12.063184[0m
[1;31mE (36850) CSV: 89.999997;170.567032;80.567035;43.610489;1.431440;12.048726[0m
[1;31mE (36880) CSV: 89.999997;170.567032;80.567035;43.610489;1.431440;12.048726[0m
[1;31mE (36900) CSV: 89.999997;170.567032;80.567035;43.610489;1.431440;12.048726[0m
[1;31mE (36920) CSV: 89.999997;170.567032;80.567035;43.610489;1.431440;12.048726[0m
[1;31mE (36950) CSV: 89.999998;170.972706;80.972708;43.610489;1.431442;12.034871[0m
[1;31mE (36970) CSV: 89.999998;170.972706;80.972708;43.610489;1.431442;12.034871[0m
[1;31mE (36990) CSV: 89.999998;170.972706;80.972708;43.610489;1.431442;12.034871[0m
[1;31mE (37030) CSV: 89.999998;170.972706;80.972708;43.610489;1.431442;12.034871[0m
[1;31mE (37060) CSV: 89.999998;170.972706;80.972708;43.610489;1.431442;12.034871[0m
[1;31mE (37080) CSV: 89.999998;171.243665;81.243668;43.610489;1.431442;12.025970[0m
[1;31mE (37110) CSV: 89.999998;171.243665;81.243668;43.610489;1.431442;12.025970[0m
[1;31mE (37130) CSV: 89.999998;171.515020;81.515022;43.610489;1.431443;12.017338[0m
[1;31mE (37160) CSV: 89.999998;171.515020;81.515022;43.610489;1.431443;12.017338[0m
[1;31mE (37180) CSV: 89.999998;171.515020;81.515022;43.610489;1.431443;12.017338[0m
[1;31mE (37210) CSV: 89.999998;171.515020;81.515022;43.610489;1.431443;12.017338[0m
[1;31mE (37240) CSV: 89.999998;171.515020;81.515022;43.610489;1.431443;12.017338[0m
[1;31mE (37260) CSV: 89.999998;171.877422;81.877424;43.610489;1.431444;12.006250[0m
[1;31mE (37280) CSV: 89.999998;171.877422;81.877424;43.610489;1.431444;12.006250[0m
[1;31mE (37300) CSV: 89.999998;171.877422;81.877424;43.610489;1.431444;12.006250[0m
[1;31mE (37330) CSV: 89.999998;171.877422;81.877424;43.610489;1.431444;12.006250[0m
[1;31mE (37350) CSV: 89.999998;172.285906;82.285908;43.610489;1.431445;11.994350[0m
[1;31mE (37370) CSV: 89.999998;172.285906;82.285908;43.610489;1.431445;11.994350[0m
[1;31mE (37410) CSV: 89.999998;172.285906;82.285908;43.610489;1.431445;11.994350[0m
[1;31mE (37430) CSV: 89.999998;172.695180;82.695183;43.610489;1.431446;11.983061[0m
[1;31mE (37450) CSV: 89.999998;172.695180;82.695183;43.610489;1.431446;11.983061[0m
[1;31mE (37470) CSV: 89.999998;172.695180;82.695183;43.610489;1.431446;11.983061[0m
[1;31mE (37490) CSV: 89.999998;172.695180;82.695183;43.610489;1.431446;11.983061[0m
[1;31mE (37530) CSV: 89.999998;172.695180;82.695183;43.610489;1.431446;11.983061[0m
[1;31mE (37560) CSV: 141.623419;172.852634;31.229215;43.610485;1.431447;11.551390[0m
[1;31mE (37580) CSV: 141.623419;172.852634;31.229215;43.610485;1.431447;11.551390[0m
[1;31mE (37600) CSV: 141.623419;172.852634;31.229215;43.610485;1.431447;11.551390[0m
[1;31mE (37630) CSV: 141.623419;172.852634;31.229215;43.610485;1.431447;11.551390[0m
[1;31mE (37650) CSV: 140.835415;173.278135;32.442721;43.610485;1.431448;11.540961[0m
[1;31mE (37680) CSV: 140.835415;173.278135;32.442721;43.610485;1.431448;11.540961[0m
[1;31mE (37710) CSV: 140.835415;173.278135;32.442721;43.610485;1.431448;11.540961[0m
[1;31mE (37740) CSV: 140.835415;173.278135;32.442721;43.610485;1.431448;11.540961[0m
[1;31mE (37760) CSV: 142.428969;173.609599;31.180630;43.610485;1.431449;11.533290[0m
[1;31mE (37780) CSV: 142.428969;173.609599;31.180630;43.610485;1.431449;11.533290[0m
[1;31mE (37800) CSV: 142.428969;173.609599;31.180630;43.610485;1.431449;11.533290[0m
[1;31mE (37830) CSV: 142.428969;173.609599;31.180630;43.610485;1.431449;11.533290[0m
[1;31mE (37860) CSV: 144.093745;173.941493;29.847748;43.610485;1.431450;11.526006[0m
[1;31mE (37880) CSV: 144.093745;173.941493;29.847748;43.610485;1.431450;11.526006[0m
[1;31mE (37900) CSV: 144.093745;173.941493;29.847748;43.610485;1.431450;11.526006[0m
[1;31mE (37920) CSV: 144.093745;173.941493;29.847748;43.610485;1.431450;11.526006[0m
[1;31mE (37950) CSV: 139.310918;173.941493;34.630575;43.610485;1.431450;11.526006[0m
[1;31mE (37970) CSV: 139.310918;174.226299;34.915382;43.610485;1.431451;11.520070[0m
[1;31mE (37990) CSV: 139.310918;174.226299;34.915382;43.610485;1.431451;11.520070[0m
[1;31mE (38040) CSV: 135.127399;174.511392;39.383993;43.610485;1.431451;11.514420[0m
[1;31mE (38060) CSV: 135.127399;174.511392;39.383993;43.610485;1.431451;11.514420[0m
[1;31mE (38080) CSV: 135.127399;174.511392;39.383993;43.610485;1.431451;11.514420[0m
[1;31mE (38100) CSV: 135.127399;174.511392;39.383993;43.610485;1.431451;11.514420[0m
[1;31mE (38140) CSV: 131.474178;174.796758;43.322581;43.610485;1.431452;11.509054[0m
[1;31mE (38160) CSV: 131.474178;174.796758;43.322581;43.610485;1.431452;11.509054[0m
[1;31mE (38190) CSV: 131.474178;174.796758;43.322581;43.610485;1.431452;11.509054[0m
[1;31mE (38210) CSV: 131.474178;174.796758;43.322581;43.610485;1.431452;11.509054[0m
[1;31mE (38240) CSV: 127.788937;175.130012;47.341075;43.610485;1.431453;11.503156[0m
[1;31mE (38260) CSV: 127.788937;175.130012;47.341075;43.610485;1.431453;11.503156[0m
[1;31mE (38280) CSV: 127.788937;175.130012;47.341075;43.610485;1.431453;11.503156[0m
[1;31mE (38300) CSV: 127.788937;175.130012;47.341075;43.610485;1.431453;11.503156[0m
[1;31mE (38330) CSV: 127.788937;175.130012;47.341075;43.610485;1.431453;11.503156[0m
[1;31mE (38360) CSV: 89.999998;175.463596;85.463598;43.610485;1.431454;11.497648[0m
[1;31mE (38380) CSV: 89.999998;175.463596;85.463598;43.610485;1.431454;11.497648[0m
[1;31mE (38400) CSV: 89.999998;175.463596;85.463598;43.610485;1.431454;11.497648[0m
[1;31mE (38420) CSV: 89.999998;175.463596;85.463598;43.610485;1.431454;11.497648[0m
[1;31mE (38450) CSV: 89.999998;175.463596;85.463598;43.610485;1.431454;11.497648[0m
[1;31mE (38470) CSV: 89.999998;175.654355;85.654357;43.610485;1.431454;11.494675[0m
[1;31mE (38500) CSV: 89.999998;175.654355;85.654357;43.610485;1.431454;11.494675[0m
[1;31mE (38540) CSV: 145.831620;175.785224;29.953604;43.610481;1.431455;11.067385[0m
[1;31mE (38560) CSV: 145.831620;175.785224;29.953604;43.610481;1.431455;11.067385[0m
[1;31mE (38580) CSV: 145.831620;175.785224;29.953604;43.610481;1.431455;11.067385[0m
[1;31mE (38600) CSV: 145.831620;175.785224;29.953604;43.610481;1.431455;11.067385[0m
[1;31mE (38640) CSV: 145.831620;176.082648;30.251028;43.610481;1.431456;11.063302[0m
[1;31mE (38660) CSV: 145.831620;176.082648;30.251028;43.610481;1.431456;11.063302[0m
[1;31mE (38690) CSV: 145.831620;176.082648;30.251028;43.610481;1.431456;11.063302[0m
[1;31mE (38710) CSV: 145.831620;176.082648;30.251028;43.610481;1.431456;11.063302[0m
[1;31mE (38740) CSV: 144.093743;176.082648;31.988905;43.610481;1.431456;11.063302[0m
[1;31mE (38760) CSV: 144.093743;176.529177;32.435433;43.610481;1.431457;11.057736[0m
[1;31mE (38780) CSV: 144.093743;176.529177;32.435433;43.610481;1.431457;11.057736[0m
[1;31mE (38810) CSV: 144.093743;176.529177;32.435433;43.610481;1.431457;11.057736[0m
[1;31mE (38840) CSV: 147.644106;176.529177;28.885070;43.610481;1.431457;11.057736[0m
[1;31mE (38860) CSV: 147.644106;176.876772;29.232665;43.610481;1.431458;11.053873[0m
[1;31mE (38880) CSV: 147.644106;176.876772;29.232665;43.610481;1.431458;11.053873[0m
[1;31mE (38910) CSV: 147.644106;176.876772;29.232665;43.610481;1.431458;11.053873[0m
[1;31mE (38930) CSV: 139.310916;177.373729;38.062813;43.610481;1.431459;11.049059[0m
[1;31mE (38960) CSV: 139.310916;177.373729;38.062813;43.610481;1.431459;11.049059[0m
[1;31mE (38980) CSV: 139.310916;177.373729;38.062813;43.610481;1.431459;11.049059[0m
[1;31mE (39010) CSV: 134.483626;177.721839;43.238213;43.610481;1.431460;11.046185[0m
[1;31mE (39040) CSV: 134.483626;177.721839;43.238213;43.610481;1.431460;11.046185[0m
[1;31mE (39060) CSV: 134.483626;177.721839;43.238213;43.610481;1.431460;11.046185[0m
[1;31mE (39090) CSV: 134.483626;177.721839;43.238213;43.610481;1.431460;11.046185[0m
[1;31mE (39110) CSV: 134.483626;177.721839;43.238213;43.610481;1.431460;11.046185[0m
[1;31mE (39140) CSV: 129.298485;178.169652;48.871167;43.610481;1.431461;11.043088[0m
[1;31mE (39160) CSV: 129.298485;178.169652;48.871167;43.610481;1.431461;11.043088[0m
[1;31mE (39190) CSV: 129.298485;178.169652;48.871167;43.610481;1.431461;11.043088[0m
[1;31mE (39210) CSV: 129.298485;178.169652;48.871167;43.610481;1.431461;11.043088[0m
[1;31mE (39240) CSV: 127.788935;178.169652;50.380718;43.610481;1.431461;11.043088[0m
[1;31mE (39270) CSV: 127.788935;178.318976;50.530041;43.610481;1.431461;11.042206[0m
[1;31mE (39290) CSV: 127.788935;178.318976;50.530041;43.610481;1.431461;11.042206[0m
[1;31mE (39310) CSV: 127.788935;178.318976;50.530041;43.610481;1.431461;11.042206[0m
[1;31mE (39330) CSV: 127.788935;178.318976;50.530041;43.610481;1.431461;11.042206[0m
[1;31mE (39360) CSV: 89.999998;178.617690;88.617692;43.610481;1.431462;11.040667[0m
[1;31mE (39380) CSV: 89.999998;178.617690;88.617692;43.610481;1.431462;11.040667[0m
[1;31mE (39410) CSV: 89.999998;178.617690;88.617692;43.610481;1.431462;11.040667[0m
[1;31mE (39440) CSV: 89.999998;178.866676;88.866679;43.610481;1.431462;11.039613[0m
[1;31mE (39460) CSV: 89.999998;178.866676;88.866679;43.610481;1.431462;11.039613[0m
[1;31mE (39480) CSV: 89.999998;178.866676;88.866679;43.610481;1.431462;11.039613[0m
[1;31mE (39500) CSV: 89.999998;178.866676;88.866679;43.610481;1.431462;11.039613[0m
[1;31mE (39530) CSV: 145.831618;178.866676;33.035058;43.610481;1.431462;11.039613[0m
[1;31mE (39570) CSV: 145.831618;179.183970;33.352352;43.610477;1.431463;10.614355[0m
[1;31mE (39590) CSV: 145.831618;179.183970;33.352352;43.610477;1.431463;10.614355[0m
[1;31mE (39610) CSV: 145.831618;179.183970;33.352352;43.610477;1.431463;10.614355[0m
[1;31mE (39640) CSV: 145.831618;179.183970;33.352352;43.610477;1.431463;10.614355[0m
[1;31mE (39660) CSV: 147.644105;179.546612;31.902508;43.610477;1.431464;10.613611[0m
[1;31mE (39690) CSV: 147.644105;179.546612;31.902508;43.610477;1.431464;10.613611[0m
[1;31mE (39710) CSV: 147.644105;179.546612;31.902508;43.610477;1.431464;10.613611[0m
[1;31mE (39750) CSV: 146.728458;179.546612;32.818155;43.610477;1.431464;10.613611[0m
[1;31mE (39770) CSV: 146.728458;180.064728;33.336271;43.610477;1.431465;10.613286[0m
[1;31mE (39790) CSV: 146.728458;180.064728;33.336271;43.610477;1.431465;10.613286[0m
[1;31mE (39820) CSV: 145.831618;180.375598;34.543980;43.610477;1.431466;10.613507[0m
[1;31mE (39840) CSV: 145.831618;180.375598;34.543980;43.610477;1.431466;10.613507[0m
[1;31mE (39860) CSV: 145.831618;180.375598;34.543980;43.610477;1.431466;10.613507[0m
[1;31mE (39890) CSV: 145.831618;180.375598;34.543980;43.610477;1.431466;10.613507[0m
[1;31mE (39910) CSV: 145.831618;180.375598;34.543980;43.610477;1.431466;10.613507[0m
[1;31mE (39940) CSV: 141.623415;180.375598;38.752183;43.610477;1.431466;10.613507[0m
[1;31mE (39960) CSV: 141.623415;180.634640;39.011225;43.610477;1.431466;10.613930[0m
[1;31mE (39980) CSV: 141.623415;180.634640;39.011225;43.610477;1.431466;10.613930[0m
[1;31mE (40000) CSV: 141.623415;180.634640;39.011225;43.610477;1.431466;10.613930[0m
[1;31mE (40030) CSV: 137.148423;180.634640;43.486217;43.610477;1.431466;10.613930[0m
[1;31mE (40070) CSV: 137.148423;180.945456;43.797032;43.610477;1.431467;10.614724[0m
[1;31mE (40090) CSV: 137.148423;180.945456;43.797032;43.610477;1.431467;10.614724[0m
[1;31mE (40110) CSV: 137.148423;180.945456;43.797032;43.610477;1.431467;10.614724[0m
[1;31mE (40140) CSV: 137.148423;180.945456;43.797032;43.610477;1.431467;10.614724[0m
[1;31mE (40170) CSV: 132.637386;181.308002;48.670616;43.610477;1.431468;10.616045[0m
[1;31mE (40200) CSV: 132.637386;181.308002;48.670616;43.610477;1.431468;10.616045[0m
[1;31mE (40220) CSV: 132.637386;181.308002;48.670616;43.610477;1.431468;10.616045[0m
[1;31mE (40240) CSV: 132.637386;181.308002;48.670616;43.610477;1.431468;10.616045[0m
[1;31mE (40270) CSV: 128.784157;181.670443;52.886287;43.610477;1.431469;10.617791[0m
[1;31mE (40290) CSV: 128.784157;181.670443;52.886287;43.610477;1.431469;10.617791[0m
[1;31mE (40320) CSV: 89.999998;182.084497;92.084499;43.610477;1.431470;10.620307[0m
[1;31mE (40340) CSV: 89.999998;182.084497;92.084499;43.610477;1.431470;10.620307[0m
[1;31mE (40370) CSV: 89.999998;182.084497;92.084499;43.610477;1.431470;10.620307[0m
[1;31mE (40390) CSV: 89.999998;182.084497;92.084499;43.610477;1.431470;10.620307[0m
[1;31mE (40420) CSV: 89.999998;182.084497;92.084499;43.610477;1.431470;10.620307[0m
[1;31mE (40440) CSV: 89.999998;182.343173;92.343175;43.610477;1.431470;10.622160[0m
[1;31mE (40460) CSV: 89.999998;182.343173;92.343175;43.610477;1.431470;10.622160[0m
[1;31mE (40480) CSV: 89.999998;182.343173;92.343175;43.610477;1.431470;10.622160[0m
[1;31mE (40500) CSV: 89.999998;182.343173;92.343175;43.610477;1.431470;10.622160[0m
[1;31mE (40520) CSV: 89.999998;182.343173;92.343175;43.610477;1.431470;10.622160[0m
[1;31mE (40570) CSV: 144.953436;182.656055;37.702618;43.610474;1.431471;10.200062[0m
[1;31mE (40590) CSV: 144.953436;182.656055;37.702618;43.610474;1.431471;10.200062[0m
[1;31mE (40610) CSV: 144.953436;182.656055;37.702618;43.610474;1.431471;10.200062[0m
[1;31mE (40630) CSV: 144.953436;182.656055;37.702618;43.610474;1.431471;10.200062[0m
[1;31mE (40670) CSV: 147.644103;182.656055;35.011952;43.610474;1.431471;10.200062[0m
[1;31mE (40690) CSV: 147.644103;182.871431;35.227328;43.610474;1.431471;10.201913[0m
[1;31mE (40720) CSV: 147.644103;182.871431;35.227328;43.610474;1.431471;10.201913[0m
[1;31mE (40740) CSV: 147.644103;182.871431;35.227328;43.610474;1.431471;10.201913[0m
[1;31mE (40770) CSV: 144.093740;183.086725;38.992985;43.610474;1.431472;10.203908[0m
[1;31mE (40790) CSV: 144.093740;183.086725;38.992985;43.610474;1.431472;10.203908[0m
[1;31mE (40820) CSV: 147.644103;183.086725;35.442622;43.610474;1.431472;10.203908[0m
[1;31mE (40850) CSV: 147.644103;183.248139;35.604036;43.610474;1.431472;10.205499[0m
[1;31mE (40870) CSV: 147.644103;183.248139;35.604036;43.610474;1.431472;10.205499[0m
[1;31mE (40890) CSV: 147.644103;183.248139;35.604036;43.610474;1.431472;10.205499[0m
[1;31mE (40910) CSV: 147.644103;183.248139;35.604036;43.610474;1.431472;10.205499[0m
[1;31mE (40940) CSV: 144.953436;183.409502;38.456066;43.610474;1.431473;10.207171[0m
[1;31mE (40960) CSV: 144.953436;183.409502;38.456066;43.610474;1.431473;10.207171[0m
[1;31mE (40980) CSV: 144.953436;183.409502;38.456066;43.610474;1.431473;10.207171[0m
[1;31mE (41010) CSV: 144.953436;183.409502;38.456066;43.610474;1.431473;10.207171[0m
[1;31mE (41040) CSV: 141.623413;183.409502;41.786088;43.610474;1.431473;10.207171[0m
[1;31mE (41070) CSV: 141.623413;183.624567;42.001154;43.610474;1.431473;10.209526[0m
[1;31mE (41090) CSV: 141.623413;183.624567;42.001154;43.610474;1.431473;10.209526[0m
[1;31mE (41120) CSV: 141.623413;183.624567;42.001154;43.610474;1.431473;10.209526[0m
[1;31mE (41150) CSV: 141.623413;183.624567;42.001154;43.610474;1.431473;10.209526[0m
[1;31mE (41170) CSV: 147.644103;183.678318;36.034215;43.610474;1.431473;10.210137[0m
[1;31mE (41190) CSV: 147.644103;183.678318;36.034215;43.610474;1.431473;10.210137[0m
[1;31mE (41230) CSV: 147.644103;183.678318;36.034215;43.610474;1.431473;10.210137[0m
[1;31mE (41250) CSV: 163.609090;184.005783;20.396693;43.610470;1.431473;9.788843[0m
[1;31mE (41270) CSV: 163.609090;184.005783;20.396693;43.610470;1.431473;9.788843[0m
[1;31mE (41300) CSV: 163.609090;184.005783;20.396693;43.610470;1.431473;9.788843[0m
[1;31mE (41320) CSV: 163.609090;184.005783;20.396693;43.610470;1.431473;9.788843[0m
[1;31mE (41350) CSV: 161.836202;184.173865;22.337663;43.610470;1.431474;9.790896[0m
[1;31mE (41370) CSV: 161.836202;184.173865;22.337663;43.610470;1.431474;9.790896[0m
[1;31mE (41390) CSV: 161.836202;184.173865;22.337663;43.610470;1.431474;9.790896[0m
[1;31mE (41410) CSV: 161.836202;184.173865;22.337663;43.610470;1.431474;9.790896[0m
[1;31mE (41430) CSV: 161.836202;184.173865;22.337663;43.610470;1.431474;9.790896[0m
[1;31mE (41470) CSV: 146.728454;184.397862;37.669407;43.610470;1.431474;9.793765[0m
[1;31mE (41490) CSV: 146.728454;184.397862;37.669407;43.610470;1.431474;9.793765[0m
[1;31mE (41510) CSV: 146.728454;184.397862;37.669407;43.610470;1.431474;9.793765[0m
[1;31mE (41540) CSV: 146.728454;184.397862;37.669407;43.610470;1.431474;9.793765[0m
[1;31mE (41570) CSV: 146.728454;184.621724;37.893270;43.610470;1.431475;9.796784[0m
[1;31mE (41600) CSV: 146.728454;184.621724;37.893270;43.610470;1.431475;9.796784[0m
[1;31mE (41620) CSV: 146.728454;184.621724;37.893270;43.610470;1.431475;9.796784[0m
[1;31mE (41650) CSV: 146.728454;184.621724;37.893270;43.610470;1.431475;9.796784[0m
[1;31mE (41670) CSV: 145.831615;184.901353;39.069738;43.610470;1.431475;9.800768[0m
[1;31mE (41690) CSV: 145.831615;184.901353;39.069738;43.610470;1.431475;9.800768[0m
[1;31mE (41720) CSV: 145.831615;184.901353;39.069738;43.610470;1.431475;9.800768[0m
[1;31mE (41750) CSV: 144.953435;185.292437;40.339002;43.610470;1.431476;9.806736[0m
[1;31mE (41780) CSV: 144.953435;185.292437;40.339002;43.610470;1.431476;9.806736[0m
[1;31mE (41800) CSV: 144.953435;185.292437;40.339002;43.610470;1.431476;9.806736[0m
[1;31mE (41830) CSV: 141.623412;185.292437;43.669025;43.610470;1.431476;9.806736[0m
[1;31mE (41850) CSV: 141.623412;185.794529;44.171117;43.610470;1.431477;9.815080[0m
[1;31mE (41870) CSV: 141.623412;185.794529;44.171117;43.610470;1.431477;9.815080[0m
[1;31mE (41890) CSV: 141.623412;185.794529;44.171117;43.610470;1.431477;9.815080[0m
[1;31mE (41910) CSV: 141.623412;185.794529;44.171117;43.610470;1.431477;9.815080[0m
[1;31mE (41940) CSV: 141.623412;185.794529;44.171117;43.610470;1.431477;9.815080[0m
[1;31mE (41970) CSV: 147.644100;186.753407;39.109307;43.610466;1.431479;9.406018[0m
[1;31mE (41990) CSV: 147.644100;186.753407;39.109307;43.610466;1.431479;9.406018[0m
[1;31mE (42010) CSV: 147.644100;186.753407;39.109307;43.610466;1.431479;9.406018[0m
[1;31mE (42040) CSV: 147.644100;186.753407;39.109307;43.610466;1.431479;9.406018[0m
[1;31mE (42080) CSV: 143.252321;187.043515;43.791194;43.610466;1.431479;9.411782[0m
[1;31mE (42100) CSV: 143.252321;187.043515;43.791194;43.610466;1.431479;9.411782[0m
[1;31mE (42120) CSV: 143.252321;187.043515;43.791194;43.610466;1.431479;9.411782[0m
[1;31mE (42150) CSV: 144.953433;186.927515;41.974082;43.610466;1.431479;9.409447[0m
[1;31mE (42170) CSV: 144.953433;186.927515;41.974082;43.610466;1.431479;9.409447[0m
[1;31mE (42190) CSV: 144.953433;186.927515;41.974082;43.610466;1.431479;9.409447[0m
[1;31mE (42220) CSV: 144.953433;186.927515;41.974082;43.610466;1.431479;9.409447[0m
[1;31mE (42250) CSV: 144.093737;187.391166;43.297429;43.610466;1.431480;9.419016[0m
[1;31mE (42280) CSV: 144.093737;187.391166;43.297429;43.610466;1.431480;9.419016[0m
[1;31mE (42300) CSV: 144.093737;187.391166;43.297429;43.610466;1.431480;9.419016[0m
[1;31mE (42330) CSV: 144.093737;187.391166;43.297429;43.610466;1.431480;9.419016[0m
[1;31mE (42350) CSV: 140.835406;187.622631;46.787225;43.610466;1.431481;9.424032[0m
[1;31mE (42370) CSV: 140.835406;187.622631;46.787225;43.610466;1.431481;9.424032[0m
[1;31mE (42390) CSV: 140.835406;187.622631;46.787225;43.610466;1.431481;9.424032[0m
[1;31mE (42410) CSV: 140.835406;187.622631;46.787225;43.610466;1.431481;9.424032[0m
[1;31mE (42440) CSV: 140.835406;187.622631;46.787225;43.610466;1.431481;9.424032[0m
[1;31mE (42470) CSV: 144.093737;187.911610;43.817873;43.610466;1.431481;9.430517[0m
[1;31mE (42490) CSV: 144.093737;187.911610;43.817873;43.610466;1.431481;9.430517[0m
[1;31mE (42510) CSV: 144.093737;187.911610;43.817873;43.610466;1.431481;9.430517[0m
[1;31mE (42540) CSV: 144.093737;187.911610;43.817873;43.610466;1.431481;9.430517[0m
[1;31mE (42580) CSV: 140.835406;188.142502;47.307096;43.610466;1.431482;9.435878[0m
[1;31mE (42600) CSV: 140.835406;188.142502;47.307096;43.610466;1.431482;9.435878[0m
[1;31mE (42620) CSV: 140.835406;188.142502;47.307096;43.610466;1.431482;9.435878[0m
[1;31mE (42650) CSV: 156.737021;188.644884;31.907863;43.610462;1.431482;9.019045[0m
[1;31mE (42670) CSV: 156.737021;188.644884;31.907863;43.610462;1.431482;9.019045[0m
[1;31mE (42690) CSV: 156.737021;188.644884;31.907863;43.610462;1.431482;9.019045[0m
[1;31mE (42730) CSV: 156.737021;188.644884;31.907863;43.610462;1.431482;9.019045[0m
[1;31mE (42760) CSV: 147.644098;188.765402;41.121304;43.610462;1.431482;9.021950[0m
[1;31mE (42780) CSV: 147.644098;188.765402;41.121304;43.610462;1.431482;9.021950[0m
[1;31mE (42800) CSV: 147.644098;188.765402;41.121304;43.610462;1.431482;9.021950[0m
[1;31mE (42820) CSV: 147.644098;188.765402;41.121304;43.610462;1.431482;9.021950[0m
[1;31mE (42850) CSV: 147.644098;188.765402;41.121304;43.610462;1.431482;9.021950[0m
[1;31mE (42870) CSV: 145.831611;188.885842;43.054230;43.610462;1.431482;9.024895[0m
[1;31mE (42890) CSV: 145.831611;188.885842;43.054230;43.610462;1.431482;9.024895[0m
[1;31mE (42920) CSV: 145.831611;188.885842;43.054230;43.610462;1.431482;9.024895[0m
[1;31mE (42940) CSV: 145.831611;188.885842;43.054230;43.610462;1.431482;9.024895[0m
[1;31mE (42970) CSV: 146.728451;189.006202;42.277751;43.610462;1.431483;9.027880[0m
[1;31mE (42990) CSV: 146.728451;189.006202;42.277751;43.610462;1.431483;9.027880[0m
[1;31mE (43010) CSV: 146.728451;189.006202;42.277751;43.610462;1.431483;9.027880[0m
[1;31mE (43030) CSV: 146.728451;189.006202;42.277751;43.610462;1.431483;9.027880[0m
[1;31mE (43080) CSV: 145.831611;189.546821;43.715210;43.610462;1.431484;9.041804[0m
[1;31mE (43100) CSV: 145.831611;189.546821;43.715210;43.610462;1.431484;9.041804[0m
[1;31mE (43130) CSV: 145.831611;189.546821;43.715210;43.610462;1.431484;9.041804[0m
[1;31mE (43150) CSV: 144.953431;189.846431;44.893000;43.610462;1.431484;9.049887[0m
[1;31mE (43170) CSV: 144.953431;189.846431;44.893000;43.610462;1.431484;9.049887[0m
[1;31mE (43190) CSV: 144.953431;189.846431;44.893000;43.610462;1.431484;9.049887[0m
[1;31mE (43220) CSV: 144.953431;189.846431;44.893000;43.610462;1.431484;9.049887[0m
[1;31mE (43260) CSV: 147.644097;190.828451;43.184355;43.610458;1.431485;8.646360[0m
[1;31mE (43280) CSV: 147.644097;190.828451;43.184355;43.610458;1.431485;8.646360[0m
[1;31mE (43300) CSV: 147.644097;190.828451;43.184355;43.610458;1.431485;8.646360[0m
[1;31mE (43330) CSV: 147.644097;190.828451;43.184355;43.610458;1.431485;8.646360[0m
[1;31mE (43350) CSV: 146.728449;191.265072;44.536623;43.610458;1.431486;8.659233[0m
[1;31mE (43370) CSV: 146.728449;191.265072;44.536623;43.610458;1.431486;8.659233[0m
[1;31mE (43400) CSV: 146.728449;191.265072;44.536623;43.610458;1.431486;8.659233[0m
[1;31mE (43420) CSV: 146.728449;191.265072;44.536623;43.610458;1.431486;8.659233[0m
[1;31mE (43450) CSV: 143.252317;191.513979;48.261662;43.610458;1.431486;8.666814[0m
[1;31mE (43470) CSV: 143.252317;191.513979;48.261662;43.610458;1.431486;8.666814[0m
[1;31mE (43490) CSV: 143.252317;191.513979;48.261662;43.610458;1.431486;8.666814[0m
[1;31mE (43520) CSV: 145.831610;191.886513;46.054904;43.610458;1.431487;8.678492[0m
[1;31mE (43540) CSV: 145.831610;191.886513;46.054904;43.610458;1.431487;8.678492[0m
[1;31mE (43580) CSV: 145.831610;191.886513;46.054904;43.610458;1.431487;8.678492[0m
[1;31mE (43600) CSV: 145.831610;191.886513;46.054904;43.610458;1.431487;8.678492[0m
[1;31mE (43620) CSV: 145.831610;191.886513;46.054904;43.610458;1.431487;8.678492[0m
[1;31mE (43650) CSV: 147.644097;192.072400;44.428304;43.610458;1.431488;8.684469[0m
[1;31mE (43670) CSV: 147.644097;192.072400;44.428304;43.610458;1.431488;8.684469[0m
[1;31mE (43700) CSV: 147.644097;192.072400;44.428304;43.610458;1.431488;8.684469[0m
[1;31mE (43740) CSV: 144.093733;192.072400;47.978667;43.610458;1.431488;8.684469[0m
[1;31mE (43760) CSV: 144.093733;192.319849;48.226116;43.610458;1.431488;8.692579[0m
[1;31mE (43780) CSV: 144.093733;192.319849;48.226116;43.610458;1.431488;8.692579[0m
[1;31mE (43800) CSV: 144.093733;192.319849;48.226116;43.610458;1.431488;8.692579[0m
[1;31mE (43820) CSV: 144.093733;192.319849;48.226116;43.610458;1.431488;8.692579[0m
[1;31mE (43840) CSV: 144.093733;192.319849;48.226116;43.610458;1.431488;8.692579[0m
[1;31mE (43870) CSV: 140.064665;192.628503;52.563838;43.610458;1.431489;8.702944[0m
[1;31mE (43900) CSV: 140.064665;192.628503;52.563838;43.610458;1.431489;8.702944[0m
[1;31mE (43920) CSV: 140.064665;192.628503;52.563838;43.610458;1.431489;8.702944[0m
[1;31mE (43950) CSV: 140.064665;192.628503;52.563838;43.610458;1.431489;8.702944[0m
[1;31mE (43970) CSV: 136.459455;192.936414;56.476959;43.610458;1.431489;8.713562[0m
[1;31mE (43990) CSV: 136.459455;192.936414;56.476959;43.610458;1.431489;8.713562[0m
[1;31mE (44010) CSV: 136.459455;192.936414;56.476959;43.610458;1.431489;8.713562[0m
[1;31mE (44040) CSV: 146.728448;192.936414;46.207966;43.610458;1.431489;8.713562[0m
[1;31mE (44070) CSV: 146.728448;193.720606;46.992158;43.610455;1.431489;8.305228[0m
[1;31mE (44100) CSV: 146.728448;193.720606;46.992158;43.610455;1.431489;8.305228[0m
[1;31mE (44120) CSV: 146.728448;193.720606;46.992158;43.610455;1.431489;8.305228[0m
[1;31mE (44150) CSV: 146.728448;193.977610;47.249163;43.610455;1.431490;8.314417[0m
[1;31mE (44180) CSV: 146.728448;193.977610;47.249163;43.610455;1.431490;8.314417[0m
[1;31mE (44200) CSV: 146.728448;193.977610;47.249163;43.610455;1.431490;8.314417[0m
[1;31mE (44230) CSV: 146.728448;193.977610;47.249163;43.610455;1.431490;8.314417[0m
[1;31mE (44260) CSV: 143.252316;194.234042;50.981727;43.610455;1.431490;8.323773[0m
[1;31mE (44280) CSV: 143.252316;194.234042;50.981727;43.610455;1.431490;8.323773[0m
[1;31mE (44300) CSV: 143.252316;194.234042;50.981727;43.610455;1.431490;8.323773[0m
[1;31mE (44320) CSV: 143.252316;194.234042;50.981727;43.610455;1.431490;8.323773[0m
[1;31mE (44350) CSV: 146.728448;194.234042;47.505594;43.610455;1.431490;8.323773[0m
[1;31mE (44380) CSV: 146.728448;194.553764;47.825316;43.610455;1.431491;8.335702[0m
[1;31mE (44400) CSV: 146.728448;194.553764;47.825316;43.610455;1.431491;8.335702[0m
[1;31mE (44420) CSV: 146.728448;194.553764;47.825316;43.610455;1.431491;8.335702[0m
[1;31mE (44450) CSV: 146.728448;194.553764;47.825316;43.610455;1.431491;8.335702[0m
[1;31mE (44470) CSV: 145.831608;194.872562;49.040955;43.610455;1.431492;8.347890[0m
[1;31mE (44490) CSV: 145.831608;194.872562;49.040955;43.610455;1.431492;8.347890[0m
[1;31mE (44510) CSV: 145.831608;194.872562;49.040955;43.610455;1.431492;8.347890[0m
[1;31mE (44550) CSV: 144.093731;195.317298;51.223567;43.610455;1.431492;8.365386[0m
[1;31mE (44570) CSV: 144.093731;195.317298;51.223567;43.610455;1.431492;8.365386[0m
[1;31mE (44600) CSV: 144.093731;195.317298;51.223567;43.610455;1.431492;8.365386[0m
[1;31mE (44620) CSV: 144.093731;195.317298;51.223567;43.610455;1.431492;8.365386[0m
[1;31mE (44650) CSV: 142.428955;195.760151;53.331196;43.610455;1.431493;8.383384[0m
[1;31mE (44680) CSV: 142.428955;195.760151;53.331196;43.610455;1.431493;8.383384[0m
[1;31mE (44700) CSV: 142.428955;195.760151;53.331196;43.610455;1.431493;8.383384[0m
[1;31mE (44740) CSV: 142.428955;195.760151;53.331196;43.610455;1.431493;8.383384[0m
[1;31mE (44760) CSV: 144.093730;197.114938;53.021209;43.610451;1.431494;7.998245[0m
[1;31mE (44780) CSV: 144.093730;197.114938;53.021209;43.610451;1.431494;7.998245[0m
[1;31mE (44800) CSV: 144.093730;197.114938;53.021209;43.610451;1.431494;7.998245[0m
[1;31mE (44820) CSV: 144.093730;197.114938;53.021209;43.610451;1.431494;7.998245[0m
[1;31mE (44860) CSV: 144.093730;197.442896;53.349166;43.610451;1.431495;8.012499[0m
[1;31mE (44880) CSV: 144.093730;197.442896;53.349166;43.610451;1.431495;8.012499[0m
[1;31mE (44900) CSV: 144.093730;197.442896;53.349166;43.610451;1.431495;8.012499[0m
[1;31mE (44920) CSV: 144.093730;197.442896;53.349166;43.610451;1.431495;8.012499[0m
[1;31mE (44950) CSV: 146.728446;197.573751;50.845305;43.610451;1.431495;8.018274[0m
[1;31mE (44970) CSV: 146.728446;197.573751;50.845305;43.610451;1.431495;8.018274[0m
[1;31mE (44990) CSV: 146.728446;197.573751;50.845305;43.610451;1.431495;8.018274[0m
[1;31mE (45010) CSV: 146.728446;197.573751;50.845305;43.610451;1.431495;8.018274[0m
[1;31mE (45050) CSV: 147.644093;197.965177;50.321084;43.610451;1.431496;8.035848[0m
[1;31mE (45070) CSV: 147.644093;197.965177;50.321084;43.610451;1.431496;8.035848[0m
[1;31mE (45100) CSV: 147.644093;197.965177;50.321084;43.610451;1.431496;8.035848[0m
[1;31mE (45120) CSV: 147.644093;197.965177;50.321084;43.610451;1.431496;8.035848[0m
[1;31mE (45160) CSV: 145.831606;198.095270;52.263664;43.610451;1.431496;8.041789[0m
[1;31mE (45180) CSV: 145.831606;198.095270;52.263664;43.610451;1.431496;8.041789[0m
[1;31mE (45200) CSV: 145.831606;198.095270;52.263664;43.610451;1.431496;8.041789[0m
[1;31mE (45240) CSV: 145.831606;198.095270;52.263664;43.610451;1.431496;8.041789[0m
[1;31mE (45260) CSV: 145.831606;198.549072;52.717466;43.610451;1.431497;8.062909[0m
[1;31mE (45280) CSV: 145.831606;198.549072;52.717466;43.610451;1.431497;8.062909[0m
[1;31mE (45300) CSV: 145.831606;198.549072;52.717466;43.610451;1.431497;8.062909[0m
[1;31mE (45320) CSV: 145.831606;198.549072;52.717466;43.610451;1.431497;8.062909[0m
[1;31mE (45360) CSV: 144.093730;198.678291;54.584561;43.610451;1.431497;8.069036[0m
[1;31mE (45380) CSV: 144.093730;198.678291;54.584561;43.610451;1.431497;8.069036[0m
[1;31mE (45400) CSV: 144.093730;198.678291;54.584561;43.610451;1.431497;8.069036[0m
[1;31mE (45420) CSV: 144.093730;198.678291;54.584561;43.610451;1.431497;8.069036[0m
[1;31mE (45450) CSV: 160.098576;199.693324;39.594748;43.610447;1.431497;7.668405[0m
[1;31mE (45470) CSV: 160.098576;199.693324;39.594748;43.610447;1.431497;7.668405[0m
[1;31mE (45490) CSV: 160.098576;199.693324;39.594748;43.610447;1.431497;7.668405[0m
[1;31mE (45520) CSV: 160.098576;199.693324;39.594748;43.610447;1.431497;7.668405[0m
[1;31mE (45550) CSV: 147.644092;199.962929;52.318838;43.610447;1.431498;7.681427[0m
[1;31mE (45570) CSV: 147.644092;199.962929;52.318838;43.610447;1.431498;7.681427[0m
[1;31mE (45600) CSV: 147.644092;199.962929;52.318838;43.610447;1.431498;7.681427[0m
[1;31mE (45620) CSV: 147.644092;199.962929;52.318838;43.610447;1.431498;7.681427[0m
[1;31mE (45660) CSV: 144.093728;200.231616;56.137889;43.610447;1.431498;7.694618[0m
[1;31mE (45680) CSV: 144.093728;200.231616;56.137889;43.610447;1.431498;7.694618[0m
[1;31mE (45700) CSV: 144.093728;200.231616;56.137889;43.610447;1.431498;7.694618[0m
[1;31mE (45740) CSV: 144.093728;200.231616;56.137889;43.610447;1.431498;7.694618[0m
[1;31mE (45760) CSV: 146.728444;200.499378;53.770934;43.610447;1.431499;7.707979[0m
[1;31mE (45780) CSV: 146.728444;200.499378;53.770934;43.610447;1.431499;7.707979[0m
[1;31mE (45800) CSV: 146.728444;200.499378;53.770934;43.610447;1.431499;7.707979[0m
[1;31mE (45830) CSV: 146.728444;200.499378;53.770934;43.610447;1.431499;7.707979[0m
[1;31mE (45860) CSV: 147.644092;200.832768;53.188677;43.610447;1.431499;7.724915[0m
[1;31mE (45880) CSV: 147.644092;200.832768;53.188677;43.610447;1.431499;7.724915[0m
[1;31mE (45900) CSV: 147.644092;200.832768;53.188677;43.610447;1.431499;7.724915[0m
[1;31mE (45930) CSV: 147.644092;200.832768;53.188677;43.610447;1.431499;7.724915[0m
[1;31mE (45950) CSV: 144.093728;201.230895;57.137167;43.610447;1.431500;7.745581[0m
[1;31mE (45970) CSV: 144.093728;201.230895;57.137167;43.610447;1.431500;7.745581[0m
[1;31mE (46000) CSV: 144.093728;201.230895;57.137167;43.610447;1.431500;7.745581[0m
[1;31mE (46020) CSV: 144.093728;201.230895;57.137167;43.610447;1.431500;7.745581[0m
[1;31mE (46050) CSV: 144.093728;201.230895;57.137167;43.610447;1.431500;7.745581[0m
[1;31mE (46070) CSV: 147.644090;202.772934;55.128844;43.610443;1.431500;7.370242[0m
[1;31mE (46100) CSV: 147.644090;202.772934;55.128844;43.610443;1.431500;7.370242[0m
[1;31mE (46140) CSV: 147.644090;202.772934;55.128844;43.610443;1.431500;7.370242[0m
[1;31mE (46160) CSV: 147.644090;203.047557;55.403467;43.610443;1.431501;7.385187[0m
[1;31mE (46180) CSV: 147.644090;203.047557;55.403467;43.610443;1.431501;7.385187[0m
[1;31mE (46200) CSV: 147.644090;203.047557;55.403467;43.610443;1.431501;7.385187[0m
[1;31mE (46230) CSV: 147.644090;203.047557;55.403467;43.610443;1.431501;7.385187[0m
[1;31mE (46260) CSV: 147.644090;203.047557;55.403467;43.610443;1.431501;7.385187[0m
[1;31mE (46280) CSV: 144.953423;203.252793;58.299370;43.610443;1.431501;7.396507[0m
[1;31mE (46310) CSV: 144.953423;203.252793;58.299370;43.610443;1.431501;7.396507[0m
[1;31mE (46340) CSV: 147.644090;203.321065;55.676975;43.610443;1.431501;7.400301[0m
[1;31mE (46360) CSV: 147.644090;203.321065;55.676975;43.610443;1.431501;7.400301[0m
[1;31mE (46380) CSV: 147.644090;203.321065;55.676975;43.610443;1.431501;7.400301[0m
[1;31mE (46400) CSV: 147.644090;203.321065;55.676975;43.610443;1.431501;7.400301[0m
[1;31mE (46430) CSV: 147.644090;203.321065;55.676975;43.610443;1.431501;7.400301[0m
[1;31mE (46450) CSV: 144.953423;203.525460;58.572037;43.610443;1.431502;7.411747[0m
[1;31mE (46480) CSV: 144.953423;203.525460;58.572037;43.610443;1.431502;7.411747[0m
[1;31mE (46500) CSV: 144.953423;203.525460;58.572037;43.610443;1.431502;7.411747[0m
[1;31mE (46520) CSV: 144.953423;203.525460;58.572037;43.610443;1.431502;7.411747[0m
[1;31mE (46550) CSV: 144.953423;203.525460;58.572037;43.610443;1.431502;7.411747[0m
[1;31mE (46570) CSV: 145.831603;203.729223;57.897620;43.610443;1.431502;7.423287[0m
[1;31mE (46610) CSV: 145.831603;203.729223;57.897620;43.610443;1.431502;7.423287[0m
[1;31mE (46640) CSV: 145.831603;203.729223;57.897620;43.610443;1.431502;7.423287[0m
[1;31mE (46660) CSV: 165.414831;205.401514;39.986683;43.610439;1.431503;7.053426[0m
[1;31mE (46680) CSV: 165.414831;205.401514;39.986683;43.610439;1.431503;7.053426[0m
[1;31mE (46700) CSV: 165.414831;205.401514;39.986683;43.610439;1.431503;7.053426[0m
[1;31mE (46730) CSV: 165.414831;205.401514;39.986683;43.610439;1.431503;7.053426[0m
[1;31mE (46760) CSV: 164.207476;205.542199;41.334723;43.610439;1.431503;7.061681[0m
[1;31mE (46780) CSV: 164.207476;205.542199;41.334723;43.610439;1.431503;7.061681[0m
[1;31mE (46810) CSV: 164.207476;205.542199;41.334723;43.610439;1.431503;7.061681[0m
[1;31mE (46840) CSV: 163.014342;205.682556;42.668214;43.610439;1.431503;7.069978[0m
[1;31mE (46860) CSV: 163.014342;205.682556;42.668214;43.610439;1.431503;7.069978[0m
[1;31mE (46880) CSV: 163.014342;205.682556;42.668214;43.610439;1.431503;7.069978[0m
[1;31mE (46900) CSV: 163.014342;205.682556;42.668214;43.610439;1.431503;7.069978[0m
[1;31mE (46920) CSV: 163.014342;205.682556;42.668214;43.610439;1.431503;7.069978[0m
[1;31mE (46950) CSV: 161.252959;205.892472;44.639512;43.610439;1.431503;7.082504[0m
[1;31mE (46980) CSV: 161.252959;205.892472;44.639512;43.610439;1.431503;7.082504[0m
[1;31mE (47000) CSV: 161.252959;205.892472;44.639512;43.610439;1.431503;7.082504[0m
[1;31mE (47020) CSV: 161.252959;205.892472;44.639512;43.610439;1.431503;7.082504[0m
[1;31mE (47050) CSV: 161.252959;205.892472;44.639512;43.610439;1.431503;7.082504[0m
[1;31mE (47070) CSV: 147.644088;206.101644;58.457555;43.610439;1.431504;7.095125[0m
[1;31mE (47110) CSV: 147.644088;206.101644;58.457555;43.610439;1.431504;7.095125[0m
[1;31mE (47130) CSV: 147.644088;206.101644;58.457555;43.610439;1.431504;7.095125[0m
[1;31mE (47160) CSV: 147.644088;206.101644;58.457555;43.610439;1.431504;7.095125[0m
[1;31mE (47180) CSV: 147.644088;206.379380;58.735291;43.610439;1.431504;7.112099[0m
[1;31mE (47200) CSV: 147.644088;206.379380;58.735291;43.610439;1.431504;7.112099[0m
[1;31mE (47240) CSV: 166.023581;206.379380;40.355799;43.610439;1.431504;7.112099[0m
[1;31mE (47260) CSV: 166.023581;208.270618;42.247037;43.610435;1.431505;6.752828[0m
[1;31mE (47290) CSV: 166.023581;208.270618;42.247037;43.610435;1.431505;6.752828[0m
[1;31mE (47310) CSV: 166.023581;208.270618;42.247037;43.610435;1.431505;6.752828[0m
[1;31mE (47340) CSV: 166.023581;208.270618;42.247037;43.610435;1.431505;6.752828[0m
[1;31mE (47360) CSV: 162.423348;208.699196;46.275848;43.610435;1.431505;6.780292[0m
[1;31mE (47380) CSV: 162.423348;208.699196;46.275848;43.610435;1.431505;6.780292[0m
[1;31mE (47400) CSV: 162.423348;208.699196;46.275848;43.610435;1.431505;6.780292[0m
[1;31mE (47420) CSV: 162.423348;208.699196;46.275848;43.610435;1.431505;6.780292[0m
[1;31mE (47450) CSV: 147.644087;208.699196;61.055109;43.610435;1.431505;6.780292[0m
[1;31mE (47480) CSV: 147.644087;209.124292;61.480205;43.610435;1.431506;6.808133[0m
[1;31mE (47500) CSV: 147.644087;209.124292;61.480205;43.610435;1.431506;6.808133[0m
[1;31mE (47520) CSV: 147.644087;209.124292;61.480205;43.610435;1.431506;6.808133[0m
[1;31mE (47540) CSV: 147.644087;209.124292;61.480205;43.610435;1.431506;6.808133[0m
[1;31mE (47570) CSV: 146.728439;209.545902;62.817463;43.610435;1.431507;6.836345[0m
[1;31mE (47620) CSV: 147.644087;209.685664;62.041577;43.610435;1.431507;6.845831[0m
[1;31mE (47640) CSV: 147.644087;209.685664;62.041577;43.610435;1.431507;6.845831[0m
[1;31mE (47660) CSV: 147.644087;209.685664;62.041577;43.610435;1.431507;6.845831[0m
[1;31mE (47680) CSV: 147.644087;209.685664;62.041577;43.610435;1.431507;6.845831[0m
[1;31mE (47700) CSV: 147.644087;209.685664;62.041577;43.610435;1.431507;6.845831[0m
[1;31mE (47740) CSV: 147.644087;209.685664;62.041577;43.610435;1.431507;6.845831[0m
[1;31mE (47770) CSV: 147.644087;209.964025;62.319938;43.610435;1.431508;6.864925[0m
[1;31mE (47790) CSV: 147.644087;209.964025;62.319938;43.610435;1.431508;6.864925[0m
[1;31mE (47810) CSV: 147.644087;209.964025;62.319938;43.610435;1.431508;6.864925[0m
[1;31mE (47830) CSV: 147.644087;209.964025;62.319938;43.610435;1.431508;6.864925[0m
[1;31mE (47860) CSV: 147.644085;212.118130;64.474045;43.610432;1.431508;6.521228[0m
[1;31mE (47880) CSV: 147.644085;212.118130;64.474045;43.610432;1.431508;6.521228[0m
[1;31mE (47900) CSV: 147.644085;212.118130;64.474045;43.610432;1.431508;6.521228[0m
[1;31mE (47920) CSV: 147.644085;212.118130;64.474045;43.610432;1.431508;6.521228[0m
[1;31mE (47960) CSV: 144.953418;212.331885;67.378467;43.610432;1.431508;6.536581[0m
[1;31mE (47980) CSV: 144.953418;212.331885;67.378467;43.610432;1.431508;6.536581[0m
[1;31mE (48000) CSV: 144.953418;212.331885;67.378467;43.610432;1.431508;6.536581[0m
[1;31mE (48020) CSV: 144.953418;212.331885;67.378467;43.610432;1.431508;6.536581[0m
[1;31mE (48050) CSV: 147.644085;212.544635;64.900550;43.610432;1.431509;6.552026[0m
[1;31mE (48070) CSV: 147.644085;212.544635;64.900550;43.610432;1.431509;6.552026[0m
[1;31mE (48110) CSV: 147.644085;212.544635;64.900550;43.610432;1.431509;6.552026[0m
[1;31mE (48140) CSV: 147.644085;212.544635;64.900550;43.610432;1.431509;6.552026[0m
[1;31mE (48160) CSV: 144.953418;212.756382;67.802964;43.610432;1.431509;6.567560[0m
[1;31mE (48180) CSV: 144.953418;212.756382;67.802964;43.610432;1.431509;6.567560[0m
[1;31mE (48200) CSV: 144.953418;212.756382;67.802964;43.610432;1.431509;6.567560[0m
[1;31mE (48250) CSV: 143.252305;212.896989;69.644684;43.610432;1.431509;6.577965[0m
[1;31mE (48270) CSV: 143.252305;212.896989;69.644684;43.610432;1.431509;6.577965[0m
[1;31mE (48290) CSV: 143.252305;212.896989;69.644684;43.610432;1.431509;6.577965[0m
[1;31mE (48310) CSV: 143.252305;212.896989;69.644684;43.610432;1.431509;6.577965[0m
[1;31mE (48340) CSV: 143.252305;212.896989;69.644684;43.610432;1.431509;6.577965[0m
[1;31mE (48360) CSV: 144.953418;213.176869;68.223452;43.610432;1.431510;6.598895[0m
[1;31mE (48380) CSV: 144.953418;213.176869;68.223452;43.610432;1.431510;6.598895[0m
[1;31mE (48400) CSV: 144.953418;213.176869;68.223452;43.610432;1.431510;6.598895[0m
[1;31mE (48430) CSV: 144.953418;213.176869;68.223452;43.610432;1.431510;6.598895[0m
[1;31mE (48460) CSV: 144.953418;213.176869;68.223452;43.610432;1.431510;6.598895[0m
[1;31mE (48480) CSV: 166.023579;215.520788;49.497208;43.610428;1.431510;6.264864[0m
[1;31mE (48500) CSV: 166.023579;215.520788;49.497208;43.610428;1.431510;6.264864[0m
[1;31mE (48520) CSV: 166.023579;215.520788;49.497208;43.610428;1.431510;6.264864[0m
[1;31mE (48540) CSV: 166.023579;215.520788;49.497208;43.610428;1.431510;6.264864[0m
[1;31mE (48570) CSV: 163.014339;215.876405;52.862066;43.610428;1.431511;6.292866[0m
[1;31mE (48610) CSV: 163.014339;215.876405;52.862066;43.610428;1.431511;6.292866[0m
[1;31mE (48640) CSV: 163.014339;215.876405;52.862066;43.610428;1.431511;6.292866[0m
[1;31mE (48660) CSV: 160.673724;216.158619;55.484895;43.610428;1.431511;6.315441[0m
[1;31mE (48680) CSV: 160.673724;216.158619;55.484895;43.610428;1.431511;6.315441[0m
[1;31mE (48700) CSV: 160.673724;216.158619;55.484895;43.610428;1.431511;6.315441[0m
[1;31mE (48750) CSV: 146.728436;216.508552;69.780116;43.610428;1.431512;6.343874[0m
[1;31mE (48770) CSV: 146.728436;216.508552;69.780116;43.610428;1.431512;6.343874[0m
[1;31mE (48790) CSV: 146.728436;216.508552;69.780116;43.610428;1.431512;6.343874[0m
[1;31mE (48810) CSV: 146.728436;216.508552;69.780116;43.610428;1.431512;6.343874[0m
[1;31mE (48830) CSV: 146.728436;216.508552;69.780116;43.610428;1.431512;6.343874[0m
[1;31mE (48860) CSV: 147.644083;216.993193;69.349110;43.610428;1.431513;6.384072[0m
[1;31mE (48880) CSV: 147.644083;216.993193;69.349110;43.610428;1.431513;6.384072[0m
[1;31mE (48920) CSV: 161.252955;219.829578;58.576624;43.610424;1.431513;6.087388[0m
[1;31mE (48940) CSV: 161.252955;219.829578;58.576624;43.610424;1.431513;6.087388[0m
[1;31mE (48960) CSV: 161.252955;219.829578;58.576624;43.610424;1.431513;6.087388[0m
[1;31mE (48980) CSV: 161.252955;219.829578;58.576624;43.610424;1.431513;6.087388[0m
[1;31mE (49000) CSV: 161.252955;219.829578;58.576624;43.610424;1.431513;6.087388[0m
[1;31mE (49020) CSV: 161.252955;219.829578;58.576624;43.610424;1.431513;6.087388[0m
[1;31mE (49050) CSV: 161.252955;219.829578;58.576624;43.610424;1.431513;6.087388[0m
[1;31mE (49080) CSV: 146.728434;219.968044;73.239609;43.610424;1.431514;6.099701[0m
[1;31mE (49110) CSV: 146.728434;219.968044;73.239609;43.610424;1.431514;6.099701[0m
[1;31mE (49140) CSV: 144.953414;220.105951;75.152536;43.610424;1.431514;6.112049[0m
[1;31mE (49160) CSV: 144.953414;220.105951;75.152536;43.610424;1.431514;6.112049[0m
[1;31mE (49180) CSV: 144.953414;220.105951;75.152536;43.610424;1.431514;6.112049[0m
[1;31mE (49210) CSV: 144.953414;220.105951;75.152536;43.610424;1.431514;6.112049[0m
[1;31mE (49250) CSV: 146.728434;220.105951;73.377516;43.610424;1.431514;6.112049[0m
[1;31mE (49270) CSV: 146.728434;220.311767;73.583333;43.610424;1.431514;6.130637[0m
[1;31mE (49290) CSV: 146.728434;220.311767;73.583333;43.610424;1.431514;6.130637[0m
[1;31mE (49310) CSV: 146.728434;220.311767;73.583333;43.610424;1.431514;6.130637[0m
[1;31mE (49330) CSV: 146.728434;220.311767;73.583333;43.610424;1.431514;6.130637[0m
[1;31mE (49360) CSV: 146.728434;220.584250;73.855816;43.610424;1.431515;6.155543[0m
[1;31mE (49380) CSV: 146.728434;220.584250;73.855816;43.610424;1.431515;6.155543[0m
[1;31mE (49410) CSV: 146.728434;220.584250;73.855816;43.610424;1.431515;6.155543[0m
[1;31mE (49430) CSV: 146.728434;220.584250;73.855816;43.610424;1.431515;6.155543[0m
[1;31mE (49460) CSV: 144.093718;220.787167;76.693449;43.610424;1.431515;6.174313[0m
[1;31mE (49480) CSV: 144.093718;220.787167;76.693449;43.610424;1.431515;6.174313[0m
[1;31mE (49510) CSV: 144.093718;220.787167;76.693449;43.610424;1.431515;6.174313[0m
[1;31mE (49530) CSV: 166.023578;223.633413;57.609836;43.610420;1.431515;5.872937[0m
[1;31mE (49560) CSV: 166.023578;223.633413;57.609836;43.610420;1.431515;5.872937[0m
[1;31mE (49580) CSV: 166.023578;223.633413;57.609836;43.610420;1.431515;5.872937[0m
[1;31mE (49610) CSV: 166.023578;223.633413;57.609836;43.610420;1.431515;5.872937[0m
[1;31mE (49640) CSV: 166.023578;223.633413;57.609836;43.610420;1.431515;5.872937[0m
[1;31mE (49660) CSV: 165.414826;223.701106;58.286280;43.610420;1.431515;5.879564[0m
[1;31mE (49690) CSV: 165.414826;223.701106;58.286280;43.610420;1.431515;5.879564[0m
[1;31mE (49710) CSV: 165.414826;223.701106;58.286280;43.610420;1.431515;5.879564[0m
[1;31mE (49750) CSV: 163.609077;223.903269;60.294192;43.610420;1.431516;5.899493[0m
[1;31mE (49770) CSV: 163.609077;223.903269;60.294192;43.610420;1.431516;5.899493[0m
[1;31mE (49790) CSV: 163.609077;223.903269;60.294192;43.610420;1.431516;5.899493[0m
[1;31mE (49810) CSV: 163.609077;223.903269;60.294192;43.610420;1.431516;5.899493[0m
[1;31mE (49830) CSV: 163.609077;223.903269;60.294192;43.610420;1.431516;5.899493[0m
[1;31mE (49860) CSV: 163.609077;223.903269;60.294192;43.610420;1.431516;5.899493[0m
[1;31mE (49890) CSV: 161.252954;224.170701;62.917747;43.610420;1.431516;5.926179[0m
[1;31mE (49910) CSV: 161.252954;224.170701;62.917747;43.610420;1.431516;5.926179[0m
[1;31mE (49930) CSV: 161.252954;224.170701;62.917747;43.610420;1.431516;5.926179[0m
[1;31mE (49960) CSV: 146.728433;224.501612;77.773180;43.610420;1.431517;5.959716[0m
[1;31mE (49980) CSV: 146.728433;224.501612;77.773180;43.610420;1.431517;5.959716[0m
[1;31mE (50000) CSV: 146.728433;224.501612;77.773180;43.610420;1.431517;5.959716[0m
[1;31mE (50020) CSV: 146.728433;224.501612;77.773180;43.610420;1.431517;5.959716[0m
[1;31mE (50060) CSV: 146.728433;224.632935;77.904502;43.610420;1.431517;5.973186[0m
[1;31mE (50080) CSV: 146.728433;224.632935;77.904502;43.610420;1.431517;5.973186[0m
[1;31mE (50110) CSV: 146.728433;224.632935;77.904502;43.610420;1.431517;5.973186[0m
[1;31mE (50140) CSV: 146.728433;224.632935;77.904502;43.610420;1.431517;5.973186[0m
[1;31mE (50160) CSV: 146.728433;224.958658;78.230226;43.610420;1.431518;6.006998[0m
[1;31mE (50190) CSV: 146.728433;224.958658;78.230226;43.610420;1.431518;6.006998[0m
[1;31mE (50210) CSV: 146.728433;224.958658;78.230226;43.610420;1.431518;6.006998[0m
[1;31mE (50240) CSV: 146.728433;224.958658;78.230226;43.610420;1.431518;6.006998[0m
[1;31mE (50270) CSV: 161.836187;228.412145;66.575958;43.610416;1.431519;5.764785[0m
[1;31mE (50290) CSV: 161.836187;228.412145;66.575958;43.610416;1.431519;5.764785[0m
[1;31mE (50310) CSV: 161.836187;228.412145;66.575958;43.610416;1.431519;5.764785[0m
[1;31mE (50330) CSV: 161.836187;228.412145;66.575958;43.610416;1.431519;5.764785[0m
[1;31mE (50370) CSV: 144.953411;228.913669;83.960258;43.610416;1.431520;5.822435[0m
[1;31mE (50390) CSV: 144.953411;228.913669;83.960258;43.610416;1.431520;5.822435[0m
[1;31mE (50410) CSV: 144.953411;228.913669;83.960258;43.610416;1.431520;5.822435[0m
[1;31mE (50430) CSV: 144.953411;228.913669;83.960258;43.610416;1.431520;5.822435[0m
[1;31mE (50460) CSV: 144.953411;228.913669;83.960258;43.610416;1.431520;5.822435[0m
[1;31mE (50480) CSV: 146.728431;229.344398;82.615967;43.610416;1.431520;5.873238[0m
[1;31mE (50500) CSV: 146.728431;229.344398;82.615967;43.610416;1.431520;5.873238[0m
[1;31mE (50540) CSV: 147.644078;229.405322;81.761244;43.610416;1.431520;5.880522[0m
[1;31mE (50560) CSV: 147.644078;229.405322;81.761244;43.610416;1.431520;5.880522[0m
[1;31mE (50580) CSV: 147.644078;229.405322;81.761244;43.610416;1.431520;5.880522[0m
[1;31mE (50610) CSV: 147.644078;229.405322;81.761244;43.610416;1.431520;5.880522[0m
[1;31mE (50640) CSV: 144.953411;229.405322;84.451911;43.610416;1.431520;5.880522[0m
[1;31mE (50670) CSV: 144.953411;229.587192;84.633781;43.610416;1.431521;5.902415[0m
[1;31mE (50690) CSV: 144.953411;229.587192;84.633781;43.610416;1.431521;5.902415[0m
[1;31mE (50710) CSV: 144.953411;229.587192;84.633781;43.610416;1.431521;5.902415[0m
[1;31mE (50750) CSV: 146.728431;229.767716;83.039284;43.610416;1.431521;5.924367[0m
[1;31mE (50770) CSV: 146.728431;229.767716;83.039284;43.610416;1.431521;5.924367[0m
[1;31mE (50790) CSV: 146.728431;229.767716;83.039284;43.610416;1.431521;5.924367[0m
[1;31mE (50810) CSV: 146.728431;229.767716;83.039284;43.610416;1.431521;5.924367[0m
[1;31mE (50830) CSV: 146.728431;229.767716;83.039284;43.610416;1.431521;5.924367[0m
[1;31mE (50870) CSV: 161.252952;229.767716;68.514764;43.610416;1.431521;5.924367[0m
[1;31mE (50890) CSV: 161.252952;233.106124;71.853172;43.610413;1.431521;5.667342[0m
[1;31mE (50910) CSV: 161.252952;233.106124;71.853172;43.610413;1.431521;5.667342[0m
[1;31mE (50940) CSV: 161.252952;233.106124;71.853172;43.610413;1.431521;5.667342[0m
[1;31mE (50960) CSV: 159.527562;233.280168;73.752606;43.610413;1.431522;5.690396[0m
[1;31mE (50980) CSV: 159.527562;233.280168;73.752606;43.610413;1.431522;5.690396[0m
[1;31mE (51000) CSV: 159.527562;233.280168;73.752606;43.610413;1.431522;5.690396[0m
[1;31mE (51030) CSV: 159.527562;233.280168;73.752606;43.610413;1.431522;5.690396[0m
[1;31mE (51060) CSV: 147.644077;233.395414;85.751338;43.610413;1.431522;5.705793[0m
[1;31mE (51080) CSV: 147.644077;233.395414;85.751338;43.610413;1.431522;5.705793[0m
[1;31mE (51110) CSV: 147.644077;233.395414;85.751338;43.610413;1.431522;5.705793[0m
[1;31mE (51140) CSV: 147.644077;233.395414;85.751338;43.610413;1.431522;5.705793[0m
[1;31mE (51170) CSV: 145.831589;233.510041;87.678451;43.610413;1.431522;5.721214[0m
[1;31mE (51190) CSV: 145.831589;233.510041;87.678451;43.610413;1.431522;5.721214[0m
[1;31mE (51210) CSV: 145.831589;233.510041;87.678451;43.610413;1.431522;5.721214[0m
[1;31mE (51240) CSV: 145.831589;233.510041;87.678451;43.610413;1.431522;5.721214[0m
[1;31mE (51270) CSV: 143.252296;233.510041;90.257744;43.610413;1.431522;5.721214[0m
[1;31mE (51290) CSV: 143.252296;233.680825;90.428528;43.610413;1.431522;5.744388[0m
[1;31mE (51310) CSV: 143.252296;233.680825;90.428528;43.610413;1.431522;5.744388[0m
[1;31mE (51350) CSV: 143.252296;233.680825;90.428528;43.610413;1.431522;5.744388[0m
[1;31mE (51370) CSV: 141.623385;233.793917;92.170532;43.610413;1.431523;5.759865[0m
[1;31mE (51390) CSV: 141.623385;233.793917;92.170532;43.610413;1.431523;5.759865[0m
[1;31mE (51410) CSV: 141.623385;233.793917;92.170532;43.610413;1.431523;5.759865[0m
[1;31mE (51440) CSV: 141.623385;233.793917;92.170532;43.610413;1.431523;5.759865[0m
[1;31mE (51460) CSV: 144.093712;234.074002;89.980289;43.610413;1.431523;5.798656[0m
[1;31mE (51480) CSV: 144.093712;234.074002;89.980289;43.610413;1.431523;5.798656[0m
[1;31mE (51510) CSV: 144.093712;234.074002;89.980289;43.610413;1.431523;5.798656[0m
[1;31mE (51540) CSV: 165.414823;237.878557;72.463733;43.610409;1.431524;5.600978[0m
[1;31mE (51560) CSV: 165.414823;237.878557;72.463733;43.610409;1.431524;5.600978[0m
[1;31mE (51580) CSV: 165.414823;237.878557;72.463733;43.610409;1.431524;5.600978[0m
[1;31mE (51610) CSV: 165.414823;237.878557;72.463733;43.610409;1.431524;5.600978[0m
[1;31mE (51650) CSV: 162.423341;238.137692;75.714351;43.610409;1.431525;5.641678[0m
[1;31mE (51670) CSV: 162.423341;238.137692;75.714351;43.610409;1.431525;5.641678[0m
[1;31mE (51690) CSV: 162.423341;238.137692;75.714351;43.610409;1.431525;5.641678[0m
[1;31mE (51710) CSV: 162.423341;238.137692;75.714351;43.610409;1.431525;5.641678[0m
[1;31mE (51740) CSV: 162.423341;238.137692;75.714351;43.610409;1.431525;5.641678[0m
[1;31mE (51770) CSV: 147.644075;238.137692;90.493617;43.610409;1.431525;5.641678[0m
[1;31mE (51790) CSV: 147.644075;238.544607;90.900532;43.610409;1.431525;5.707033[0m
[1;31mE (51820) CSV: 147.644075;238.544607;90.900532;43.610409;1.431525;5.707033[0m
[1;31mE (51850) CSV: 146.728428;238.594816;91.866388;43.610409;1.431526;5.715223[0m
[1;31mE (51870) CSV: 146.728428;238.594816;91.866388;43.610409;1.431526;5.715223[0m
[1;31mE (51890) CSV: 146.728428;238.594816;91.866388;43.610409;1.431526;5.715223[0m
[1;31mE (51910) CSV: 146.728428;238.594816;91.866388;43.610409;1.431526;5.715223[0m
[1;31mE (51940) CSV: 146.728428;238.594816;91.866388;43.610409;1.431526;5.715223[0m
[1;31mE (51960) CSV: 146.728428;238.744584;92.016156;43.610409;1.431526;5.739817[0m
[1;31mE (51980) CSV: 146.728428;238.744584;92.016156;43.610409;1.431526;5.739817[0m
[1;31mE (52010) CSV: 146.728428;238.744584;92.016156;43.610409;1.431526;5.739817[0m
[1;31mE (52030) CSV: 146.728428;238.744584;92.016156;43.610409;1.431526;5.739817[0m
[1;31mE (52060) CSV: 145.831588;238.744584;92.912996;43.610409;1.431526;5.739817[0m
[1;31mE (52080) CSV: 145.831588;238.893073;93.061485;43.610409;1.431526;5.764450[0m
[1;31mE (52120) CSV: 145.831588;238.893073;93.061485;43.610409;1.431526;5.764450[0m
[1;31mE (52150) CSV: 145.831588;238.893073;93.061485;43.610409;1.431526;5.764450[0m
[1;31mE (52170) CSV: 162.423340;242.776018;80.352678;43.610405;1.431527;5.582774[0m
[1;31mE (52190) CSV: 162.423340;242.776018;80.352678;43.610405;1.431527;5.582774[0m
[1;31mE (52210) CSV: 162.423340;242.776018;80.352678;43.610405;1.431527;5.582774[0m
[1;31mE (52250) CSV: 160.673717;242.910583;82.236866;43.610405;1.431527;5.608392[0m
[1;31mE (52270) CSV: 160.673717;242.910583;82.236866;43.610405;1.431527;5.608392[0m
[1;31mE (52290) CSV: 160.673717;242.910583;82.236866;43.610405;1.431527;5.608392[0m
[1;31mE (52330) CSV: 160.673717;242.910583;82.236866;43.610405;1.431527;5.608392[0m
[1;31mE (52350) CSV: 146.728426;243.043923;96.315497;43.610405;1.431527;5.634042[0m
[1;31mE (52370) CSV: 146.728426;243.043923;96.315497;43.610405;1.431527;5.634042[0m
[1;31mE (52390) CSV: 146.728426;243.043923;96.315497;43.610405;1.431527;5.634042[0m
[1;31mE (52410) CSV: 146.728426;243.043923;96.315497;43.610405;1.431527;5.634042[0m
[1;31mE (52440) CSV: 146.728426;243.043923;96.315497;43.610405;1.431527;5.634042[0m
[1;31mE (52460) CSV: 144.093709;243.176054;99.082345;43.610405;1.431528;5.659721[0m
[1;31mE (52490) CSV: 144.093709;243.176054;99.082345;43.610405;1.431528;5.659721[0m
[1;31mE (52510) CSV: 144.093709;243.176054;99.082345;43.610405;1.431528;5.659721[0m
[1;31mE (52530) CSV: 144.093709;243.176054;99.082345;43.610405;1.431528;5.659721[0m
[1;31mE (52560) CSV: 145.831586;243.176054;97.344468;43.610405;1.431528;5.659721[0m
[1;31mE (52580) CSV: 145.831586;243.306990;97.475404;43.610405;1.431528;5.685431[0m
[1;31mE (52620) CSV: 145.831586;243.306990;97.475404;43.610405;1.431528;5.685431[0m
[1;31mE (52640) CSV: 145.831586;243.306990;97.475404;43.610405;1.431528;5.685431[0m
[1;31mE (52670) CSV: 141.623382;243.306990;101.683609;43.610405;1.431528;5.685431[0m
[1;31mE (52690) CSV: 141.623382;243.522604;101.899222;43.610405;1.431529;5.728345[0m
[1;31mE (52710) CSV: 141.623382;243.522604;101.899222;43.610405;1.431529;5.728345[0m
[1;31mE (52750) CSV: 141.623382;243.522604;101.899222;43.610405;1.431529;5.728345[0m
[1;31mE (52770) CSV: 164.809417;247.594780;82.785362;43.610401;1.431529;5.587699[0m
[1;31mE (52800) CSV: 164.809417;247.594780;82.785362;43.610401;1.431529;5.587699[0m
[1;31mE (52820) CSV: 164.809417;247.594780;82.785362;43.610401;1.431529;5.587699[0m
[1;31mE (52850) CSV: 161.836183;247.780854;85.944672;43.610401;1.431530;5.632094[0m
[1;31mE (52870) CSV: 161.836183;247.780854;85.944672;43.610401;1.431530;5.632094[0m
[1;31mE (52890) CSV: 161.836183;247.780854;85.944672;43.610401;1.431530;5.632094[0m
[1;31mE (52910) CSV: 161.836183;247.780854;85.944672;43.610401;1.431530;5.632094[0m
[1;31mE (52930) CSV: 161.836183;247.780854;85.944672;43.610401;1.431530;5.632094[0m
[1;31mE (52970) CSV: 147.644072;247.964017;100.319945;43.610401;1.431530;5.676547[0m
[1;31mE (52990) CSV: 147.644072;247.964017;100.319945;43.610401;1.431530;5.676547[0m
[1;31mE (53010) CSV: 147.644072;247.964017;100.319945;43.610401;1.431530;5.676547[0m
[1;31mE (53030) CSV: 147.644072;247.964017;100.319945;43.610401;1.431530;5.676547[0m
[1;31mE (53060) CSV: 145.831584;247.964017;102.132432;43.610401;1.431530;5.676547[0m
[1;31mE (53080) CSV: 145.831584;248.251178;102.419594;43.610401;1.431531;5.747791[0m
[1;31mE (53120) CSV: 145.831584;248.251178;102.419594;43.610401;1.431531;5.747791[0m
[1;31mE (53150) CSV: 146.728424;248.251178;101.522754;43.610401;1.431531;5.747791[0m
[1;31mE (53170) CSV: 146.728424;248.496662;101.768238;43.610401;1.431532;5.810245[0m
[1;31mE (53190) CSV: 146.728424;248.496662;101.768238;43.610401;1.431532;5.810245[0m
[1;31mE (53210) CSV: 146.728424;248.496662;101.768238;43.610401;1.431532;5.810245[0m
[1;31mE (53260) CSV: 144.953404;248.565834;103.612430;43.610401;1.431532;5.828109[0m
[1;31mE (53280) CSV: 144.953404;248.565834;103.612430;43.610401;1.431532;5.828109[0m
[1;31mE (53300) CSV: 144.953404;248.565834;103.612430;43.610401;1.431532;5.828109[0m
[1;31mE (53330) CSV: 144.953402;248.565834;103.612431;43.610401;1.431532;5.828109[0m
[1;31mE (53350) CSV: 144.953402;252.662367;107.708964;43.610397;1.431533;5.723460[0m
[1;31mE (53370) CSV: 144.953402;252.662367;107.708964;43.610397;1.431533;5.723460[0m
[1;31mE (53390) CSV: 144.953402;252.662367;107.708964;43.610397;1.431533;5.723460[0m
[1;31mE (53430) CSV: 144.953402;252.662367;107.708964;43.610397;1.431533;5.723460[0m
[1;31mE (53450) CSV: 146.728423;252.747851;106.019428;43.610397;1.431533;5.750951[0m
[1;31mE (53470) CSV: 146.728423;252.747851;106.019428;43.610397;1.431533;5.750951[0m
[1;31mE (53490) CSV: 146.728423;252.747851;106.019428;43.610397;1.431533;5.750951[0m
[1;31mE (53510) CSV: 146.728423;252.747851;106.019428;43.610397;1.431533;5.750951[0m
[1;31mE (53530) CSV: 146.728423;252.747851;106.019428;43.610397;1.431533;5.750951[0m
[1;31mE (53560) CSV: 145.831583;252.776164;106.944582;43.610397;1.431533;5.760117[0m
[1;31mE (53590) CSV: 145.831583;252.776164;106.944582;43.610397;1.431533;5.760117[0m
[1;31mE (53620) CSV: 145.831583;252.776164;106.944582;43.610397;1.431533;5.760117[0m
[1;31mE (53640) CSV: 145.831583;252.776164;106.944582;43.610397;1.431533;5.760117[0m
[1;31mE (53670) CSV: 145.831583;252.916390;107.084807;43.610397;1.431534;5.805970[0m
[1;31mE (53700) CSV: 145.831583;252.916390;107.084807;43.610397;1.431534;5.805970[0m
[1;31mE (53720) CSV: 145.831583;252.916390;107.084807;43.610397;1.431534;5.805970[0m
[1;31mE (53760) CSV: 143.252290;252.999467;109.747177;43.610397;1.431534;5.833499[0m
[1;31mE (53780) CSV: 143.252290;252.999467;109.747177;43.610397;1.431534;5.833499[0m
[1;31mE (53800) CSV: 143.252290;252.999467;109.747177;43.610397;1.431534;5.833499[0m
[1;31mE (53830) CSV: 141.623378;252.999467;111.376089;43.610397;1.431534;5.833499[0m
[1;31mE (53850) CSV: 141.623378;253.054417;111.431039;43.610397;1.431535;5.851858[0m
[1;31mE (53880) CSV: 141.623378;253.054417;111.431039;43.610397;1.431535;5.851858[0m
[1;31mE (53900) CSV: 141.623378;253.054417;111.431039;43.610397;1.431535;5.851858[0m
[1;31mE (53930) CSV: 141.623378;253.054417;111.431039;43.610397;1.431535;5.851858[0m
[1;31mE (53950) CSV: 167.250670;257.148786;89.898116;43.610394;1.431535;5.761292[0m
[1;31mE (53970) CSV: 167.250670;257.148786;89.898116;43.610394;1.431535;5.761292[0m
[1;31mE (53990) CSV: 167.250670;257.148786;89.898116;43.610394;1.431535;5.761292[0m
[1;31mE (54010) CSV: 167.250670;257.148786;89.898116;43.610394;1.431535;5.761292[0m
[1;31mE (54030) CSV: 167.250670;257.148786;89.898116;43.610394;1.431535;5.761292[0m
[1;31mE (54070) CSV: 167.250670;257.148786;89.898116;43.610394;1.431535;5.761292[0m
[1;31mE (54090) CSV: 165.414820;257.212166;91.797346;43.610394;1.431535;5.789367[0m
[1;31mE (54130) CSV: 163.609070;257.274934;93.665863;43.610394;1.431535;5.817449[0m
[1;31mE (54150) CSV: 163.609070;257.274934;93.665863;43.610394;1.431535;5.817449[0m
[1;31mE (54180) CSV: 163.609070;257.274934;93.665863;43.610394;1.431535;5.817449[0m
[1;31mE (54200) CSV: 163.609070;257.274934;93.665863;43.610394;1.431535;5.817449[0m
[1;31mE (54220) CSV: 163.609070;257.274934;93.665863;43.610394;1.431535;5.817449[0m
[1;31mE (54260) CSV: 161.836181;257.337098;95.500918;43.610394;1.431536;5.845538[0m
[1;31mE (54280) CSV: 161.836181;257.337098;95.500918;43.610394;1.431536;5.845538[0m
[1;31mE (54300) CSV: 161.836181;257.337098;95.500918;43.610394;1.431536;5.845538[0m
[1;31mE (54320) CSV: 161.836181;257.337098;95.500918;43.610394;1.431536;5.845538[0m
[1;31mE (54350) CSV: 161.836181;257.337098;95.500918;43.610394;1.431536;5.845538[0m
[1;31mE (54380) CSV: 145.831581;257.439389;111.607808;43.610394;1.431536;5.892368[0m
[1;31mE (54400) CSV: 145.831581;257.439389;111.607808;43.610394;1.431536;5.892368[0m
[1;31mE (54420) CSV: 145.831581;257.439389;111.607808;43.610394;1.431536;5.892368[0m
[1;31mE (54440) CSV: 145.831581;257.439389;111.607808;43.610394;1.431536;5.892368[0m
[1;31mE (54470) CSV: 145.831581;257.520058;111.688477;43.610394;1.431537;5.929846[0m
[1;31mE (54490) CSV: 145.831581;257.520058;111.688477;43.610394;1.431537;5.929846[0m
[1;31mE (54520) CSV: 145.831581;257.520058;111.688477;43.610394;1.431537;5.929846[0m
[1;31mE (54550) CSV: 145.831581;257.520058;111.688477;43.610394;1.431537;5.929846[0m
[1;31mE (54570) CSV: 164.809415;261.632433;96.823019;43.610390;1.431537;5.890833[0m
[1;31mE (54590) CSV: 164.809415;261.632433;96.823019;43.610390;1.431537;5.890833[0m
[1;31mE (54620) CSV: 164.809415;261.632433;96.823019;43.610390;1.431537;5.890833[0m
[1;31mE (54660) CSV: 164.207464;261.645996;97.438532;43.610390;1.431538;5.900328[0m
[1;31mE (54680) CSV: 164.207464;261.645996;97.438532;43.610390;1.431538;5.900328[0m
[1;31mE (54700) CSV: 164.207464;261.645996;97.438532;43.610390;1.431538;5.900328[0m
[1;31mE (54720) CSV: 164.207464;261.645996;97.438532;43.610390;1.431538;5.900328[0m
[1;31mE (54760) CSV: 163.609069;261.659515;98.050445;43.610390;1.431538;5.909824[0m
[1;31mE (54780) CSV: 163.609069;261.659515;98.050445;43.610390;1.431538;5.909824[0m
[1;31mE (54800) CSV: 163.609069;261.659515;98.050445;43.610390;1.431538;5.909824[0m
[1;31mE (54820) CSV: 163.609069;261.659515;98.050445;43.610390;1.431538;5.909824[0m
[1;31mE (54860) CSV: 161.836179;261.699812;99.863633;43.610390;1.431538;5.938314[0m
[1;31mE (54880) CSV: 161.836179;261.699812;99.863633;43.610390;1.431538;5.938314[0m
[1;31mE (54900) CSV: 161.836179;261.699812;99.863633;43.610390;1.431538;5.938314[0m
[1;31mE (54920) CSV: 161.836179;261.699812;99.863633;43.610390;1.431538;5.938314[0m
[1;31mE (54940) CSV: 161.836179;261.699812;99.863633;43.610390;1.431538;5.938314[0m
[1;31mE (54970) CSV: 147.644067;261.713159;114.069092;43.610390;1.431538;5.947811[0m
[1;31mE (54990) CSV: 147.644067;261.713159;114.069092;43.610390;1.431538;5.947811[0m
[1;31mE (55020) CSV: 147.644067;261.713159;114.069092;43.610390;1.431538;5.947811[0m
[1;31mE (55040) CSV: 147.644067;261.713159;114.069092;43.610390;1.431538;5.947811[0m
[1;31mE (55070) CSV: 146.728419;261.726463;114.998044;43.610390;1.431538;5.957308[0m
[1;31mE (55090) CSV: 146.728419;261.726463;114.998044;43.610390;1.431538;5.957308[0m
[1;31mE (55130) CSV: 146.728419;261.726463;114.998044;43.610390;1.431538;5.957308[0m
[1;31mE (55160) CSV: 172.268860;265.805332;93.536472;43.610386;1.431538;5.920765[0m
[1;31mE (55180) CSV: 172.268860;265.805332;93.536472;43.610386;1.431538;5.920765[0m
[1;31mE (55200) CSV: 172.268860;265.805332;93.536472;43.610386;1.431538;5.920765[0m
[1;31mE (55220) CSV: 172.268860;265.805332;93.536472;43.610386;1.431538;5.920765[0m
[1;31mE (55260) CSV: 171.633374;265.812114;94.178740;43.610386;1.431538;5.930336[0m
[1;31mE (55280) CSV: 171.633374;265.812114;94.178740;43.610386;1.431538;5.930336[0m
[1;31mE (55310) CSV: 171.633374;265.812114;94.178740;43.610386;1.431538;5.930336[0m
[1;31mE (55330) CSV: 171.633374;265.812114;94.178740;43.610386;1.431538;5.930336[0m
[1;31mE (55360) CSV: 171.633374;265.812114;94.178740;43.610386;1.431538;5.930336[0m
[1;31mE (55380) CSV: 171.633374;265.812114;94.178740;43.610386;1.431538;5.930336[0m
[1;31mE (55400) CSV: 171.633374;265.812114;94.178740;43.610386;1.431538;5.930336[0m
[1;31mE (55420) CSV: 171.633374;265.812114;94.178740;43.610386;1.431538;5.930336[0m
[1;31mE (55440) CSV: 171.633374;265.812114;94.178740;43.610386;1.431538;5.930336[0m
[1;31mE (55470) CSV: 170.368746;265.825614;95.456868;43.610386;1.431539;5.949481[0m
[1;31mE (55500) CSV: 170.368746;265.825614;95.456868;43.610386;1.431539;5.949481[0m
[1;31mE (55530) CSV: 169.113520;265.825614;96.712094;43.610386;1.431539;5.949481[0m
[1;31mE (55550) CSV: 169.113520;265.839027;96.725507;43.610386;1.431539;5.968625[0m
[1;31mE (55570) CSV: 169.113520;265.839027;96.725507;43.610386;1.431539;5.968625[0m
[1;31mE (55590) CSV: 169.113520;265.839027;96.725507;43.610386;1.431539;5.968625[0m
[1;31mE (55640) CSV: 167.250668;265.858986;98.608318;43.610386;1.431539;5.997342[0m
[1;31mE (55660) CSV: 167.250668;265.858986;98.608318;43.610386;1.431539;5.997342[0m
[1;31mE (55680) CSV: 167.250668;265.858986;98.608318;43.610386;1.431539;5.997342[0m
[1;31mE (55700) CSV: 167.250668;265.858986;98.608318;43.610386;1.431539;5.997342[0m
[1;31mE (55720) CSV: 167.250668;265.858986;98.608318;43.610386;1.431539;5.997342[0m
[1;31mE (55760) CSV: 165.414818;265.878755;100.463937;43.610386;1.431540;6.026060[0m
[1;31mE (55780) CSV: 165.414818;265.878755;100.463937;43.610386;1.431540;6.026060[0m
[1;31mE (55810) CSV: 165.414818;265.878755;100.463937;43.610386;1.431540;6.026060[0m
[1;31mE (55830) CSV: 165.414818;265.878755;100.463937;43.610386;1.431540;6.026060[0m
[1;31mE (55860) CSV: 168.489773;269.915950;101.426177;43.610382;1.431540;6.068070[0m
[1;31mE (55880) CSV: 168.489773;269.915950;101.426177;43.610382;1.431540;6.068070[0m
[1;31mE (55900) CSV: 168.489773;269.915950;101.426177;43.610382;1.431540;6.068070[0m
[1;31mE (55920) CSV: 168.489773;269.915950;101.426177;43.610382;1.431540;6.068070[0m
[1;31mE (55950) CSV: 165.414817;269.915950;104.501133;43.610382;1.431540;6.068070[0m
[1;31mE (55980) CSV: 165.414817;269.916610;104.501793;43.610382;1.431541;6.116058[0m
[1;31mE (56000) CSV: 165.414817;269.916610;104.501793;43.610382;1.431541;6.116058[0m
[1;31mE (56030) CSV: 165.414817;269.916610;104.501793;43.610382;1.431541;6.116058[0m
[1;31mE (56050) CSV: 163.014327;269.917131;106.902804;43.610382;1.431541;6.154448[0m
[1;31mE (56070) CSV: 163.014327;269.917131;106.902804;43.610382;1.431541;6.154448[0m
[1;31mE (56090) CSV: 163.014327;269.917131;106.902804;43.610382;1.431541;6.154448[0m
[1;31mE (56140) CSV: 163.014327;269.917131;106.902804;43.610382;1.431541;6.154448[0m
[1;31mE (56160) CSV: 147.644064;269.917388;122.273325;43.610382;1.431542;6.173643[0m
[1;31mE (56180) CSV: 147.644064;269.917388;122.273325;43.610382;1.431542;6.173643[0m
[1;31mE (56200) CSV: 147.644064;269.917388;122.273325;43.610382;1.431542;6.173643[0m
[1;31mE (56220) CSV: 147.644064;269.917388;122.273325;43.610382;1.431542;6.173643[0m
[1;31mE (56270) CSV: 147.644064;269.917772;122.273708;43.610382;1.431542;6.202436[0m
[1;31mE (56290) CSV: 147.644064;269.917772;122.273708;43.610382;1.431542;6.202436[0m
[1;31mE (56310) CSV: 147.644064;269.917772;122.273708;43.610382;1.431542;6.202436[0m
[1;31mE (56330) CSV: 147.644064;269.917772;122.273708;43.610382;1.431542;6.202436[0m
[1;31mE (56360) CSV: 147.644064;269.917772;122.273708;43.610382;1.431542;6.202436[0m
[1;31mE (56380) CSV: 146.728416;269.918152;123.189736;43.610382;1.431542;6.231229[0m
[1;31mE (56410) CSV: 146.728416;269.918152;123.189736;43.610382;1.431542;6.231229[0m
[1;31mE (56440) CSV: 145.831576;269.918654;124.087078;43.610382;1.431543;6.269619[0m
[1;31mE (56460) CSV: 145.831576;269.918654;124.087078;43.610382;1.431543;6.269619[0m
[1;31mE (56480) CSV: 145.831576;269.918654;124.087078;43.610382;1.431543;6.269619[0m
[1;31mE (56500) CSV: 145.831576;269.918654;124.087078;43.610382;1.431543;6.269619[0m
[1;31mE (56520) CSV: 145.831576;269.918654;124.087078;43.610382;1.431543;6.269619[0m
[1;31mE (56550) CSV: 161.836176;269.918654;108.082478;43.610382;1.431543;6.269619[0m
[1;31mE (56570) CSV: 161.836176;273.777971;111.941795;43.610378;1.431543;6.302504[0m
[1;31mE (56600) CSV: 161.836176;273.777971;111.941795;43.610378;1.431543;6.302504[0m
[1;31mE (56630) CSV: 161.836176;273.777971;111.941795;43.610378;1.431543;6.302504[0m
[1;31mE (56660) CSV: 159.527551;273.755114;114.227564;43.610378;1.431544;6.340811[0m
[1;31mE (56680) CSV: 159.527551;273.755114;114.227564;43.610378;1.431544;6.340811[0m
[1;31mE (56710) CSV: 159.527551;273.755114;114.227564;43.610378;1.431544;6.340811[0m
[1;31mE (56740) CSV: 159.527551;273.755114;114.227564;43.610378;1.431544;6.340811[0m
[1;31mE (56770) CSV: 145.831574;273.738152;127.906578;43.610378;1.431544;6.369542[0m
[1;31mE (56790) CSV: 145.831574;273.738152;127.906578;43.610378;1.431544;6.369542[0m
[1;31mE (56810) CSV: 145.831574;273.738152;127.906578;43.610378;1.431544;6.369542[0m
[1;31mE (56840) CSV: 145.831574;273.738152;127.906578;43.610378;1.431544;6.369542[0m
[1;31mE (56860) CSV: 147.644062;273.721343;126.077281;43.610378;1.431544;6.398274[0m
[1;31mE (56890) CSV: 147.644062;273.721343;126.077281;43.610378;1.431544;6.398274[0m
[1;31mE (56920) CSV: 147.644062;273.721343;126.077281;43.610378;1.431544;6.398274[0m
[1;31mE (56940) CSV: 144.953394;273.704683;128.751289;43.610378;1.431545;6.427007[0m
[1;31mE (56960) CSV: 144.953394;273.704683;128.751289;43.610378;1.431545;6.427007[0m
[1;31mE (56980) CSV: 144.953394;273.704683;128.751289;43.610378;1.431545;6.427007[0m
[1;31mE (57000) CSV: 144.953394;273.704683;128.751289;43.610378;1.431545;6.427007[0m
[1;31mE (57030) CSV: 146.728414;273.682701;126.954286;43.610378;1.431545;6.465317[0m
[1;31mE (57060) CSV: 146.728414;273.682701;126.954286;43.610378;1.431545;6.465317[0m
[1;31mE (57080) CSV: 146.728414;273.682701;126.954286;43.610378;1.431545;6.465317[0m
[1;31mE (57100) CSV: 146.728414;273.682701;126.954286;43.610378;1.431545;6.465317[0m
[1;31mE (57140) CSV: 146.728414;273.682701;126.954286;43.610378;1.431545;6.465317[0m
[1;31mE (57170) CSV: 166.023567;277.380395;111.356828;43.610374;1.431545;6.534900[0m
[1;31mE (57190) CSV: 166.023567;277.380395;111.356828;43.610374;1.431545;6.534900[0m
[1;31mE (57210) CSV: 166.023567;277.380395;111.356828;43.610374;1.431545;6.534900[0m
[1;31mE (57230) CSV: 166.023567;277.380395;111.356828;43.610374;1.431545;6.534900[0m
[1;31mE (57270) CSV: 163.014325;277.326739;114.312415;43.610374;1.431546;6.582493[0m
[1;31mE (57290) CSV: 163.014325;277.326739;114.312415;43.610374;1.431546;6.582493[0m
[1;31mE (57310) CSV: 163.014325;277.326739;114.312415;43.610374;1.431546;6.582493[0m
[1;31mE (57340) CSV: 163.014325;277.326739;114.312415;43.610374;1.431546;6.582493[0m
[1;31mE (57370) CSV: 145.831572;277.273854;131.442281;43.610374;1.431547;6.630092[0m
[1;31mE (57390) CSV: 145.831572;277.273854;131.442281;43.610374;1.431547;6.630092[0m
[1;31mE (57410) CSV: 145.831572;277.273854;131.442281;43.610374;1.431547;6.630092[0m
[1;31mE (57440) CSV: 145.831572;277.232089;131.400517;43.610374;1.431547;6.668175[0m
[1;31mE (57460) CSV: 145.831572;277.232089;131.400517;43.610374;1.431547;6.668175[0m
[1;31mE (57480) CSV: 145.831572;277.232089;131.400517;43.610374;1.431547;6.668175[0m
[1;31mE (57510) CSV: 145.831572;277.232089;131.400517;43.610374;1.431547;6.668175[0m
[1;31mE (57540) CSV: 145.831572;277.232089;131.400517;43.610374;1.431547;6.668175[0m
[1;31mE (57560) CSV: 147.644060;277.221722;129.577662;43.610374;1.431547;6.677696[0m
[1;31mE (57580) CSV: 147.644060;277.221722;129.577662;43.610374;1.431547;6.677696[0m
[1;31mE (57600) CSV: 147.644060;277.221722;129.577662;43.610374;1.431547;6.677696[0m
[1;31mE (57650) CSV: 147.644060;277.221722;129.577662;43.610374;1.431547;6.677696[0m
[1;31mE (57670) CSV: 147.644060;277.190799;129.546738;43.610374;1.431548;6.706262[0m
[1;31mE (57690) CSV: 147.644060;277.190799;129.546738;43.610374;1.431548;6.706262[0m
[1;31mE (57710) CSV: 147.644060;277.190799;129.546738;43.610374;1.431548;6.706262[0m
[1;31mE (57740) CSV: 147.644060;277.190799;129.546738;43.610374;1.431548;6.706262[0m
[1;31mE (57770) CSV: 164.809410;280.708185;115.898775;43.610371;1.431548;6.800735[0m
[1;31mE (57790) CSV: 164.809410;280.708185;115.898775;43.610371;1.431548;6.800735[0m
[1;31mE (57820) CSV: 164.809410;280.708185;115.898775;43.610371;1.431548;6.800735[0m
[1;31mE (57850) CSV: 164.809410;280.708185;115.898775;43.610371;1.431548;6.800735[0m
[1;31mE (57870) CSV: 163.609064;280.678220;117.069155;43.610371;1.431548;6.819597[0m
[1;31mE (57890) CSV: 163.609064;280.678220;117.069155;43.610371;1.431548;6.819597[0m
[1;31mE (57920) CSV: 163.609064;280.678220;117.069155;43.610371;1.431548;6.819597[0m
[1;31mE (57940) CSV: 161.836174;280.633582;118.797408;43.610371;1.431549;6.847893[0m
[1;31mE (57970) CSV: 161.836174;280.633582;118.797408;43.610371;1.431549;6.847893[0m
[1;31mE (57990) CSV: 161.836174;280.633582;118.797408;43.610371;1.431549;6.847893[0m
[1;31mE (58010) CSV: 161.836174;280.633582;118.797408;43.610371;1.431549;6.847893[0m
[1;31mE (58040) CSV: 161.252939;280.618784;119.365845;43.610371;1.431549;6.857326[0m
[1;31mE (58060) CSV: 161.252939;280.618784;119.365845;43.610371;1.431549;6.857326[0m
[1;31mE (58080) CSV: 161.252939;280.618784;119.365845;43.610371;1.431549;6.857326[0m
[1;31mE (58100) CSV: 161.252939;280.618784;119.365845;43.610371;1.431549;6.857326[0m
[1;31mE (58150) CSV: 161.252939;280.618784;119.365845;43.610371;1.431549;6.857326[0m
[1;31mE (58170) CSV: 145.831571;280.574635;134.743064;43.610371;1.431549;6.885628[0m
[1;31mE (58190) CSV: 145.831571;280.574635;134.743064;43.610371;1.431549;6.885628[0m
[1;31mE (58210) CSV: 145.831571;280.574635;134.743064;43.610371;1.431549;6.885628[0m
[1;31mE (58230) CSV: 145.831571;280.574635;134.743064;43.610371;1.431549;6.885628[0m
[1;31mE (58280) CSV: 172.268857;284.001402;111.732545;43.610367;1.431549;6.975943[0m
[1;31mE (58300) CSV: 172.268857;284.001402;111.732545;43.610367;1.431549;6.975943[0m
[1;31mE (58330) CSV: 172.268857;284.001402;111.732545;43.610367;1.431549;6.975943[0m
[1;31mE (58350) CSV: 170.368743;283.944414;113.575671;43.610367;1.431549;7.003884[0m
[1;31mE (58370) CSV: 170.368743;283.944414;113.575671;43.610367;1.431549;7.003884[0m
[1;31mE (58390) CSV: 170.368743;283.944414;113.575671;43.610367;1.431549;7.003884[0m
[1;31mE (58420) CSV: 170.368743;283.944414;113.575671;43.610367;1.431549;7.003884[0m
[1;31mE (58450) CSV: 168.489770;283.887879;115.398109;43.610367;1.431550;7.031832[0m
[1;31mE (58470) CSV: 168.489770;283.887879;115.398109;43.610367;1.431550;7.031832[0m
[1;31mE (58490) CSV: 168.489770;283.887879;115.398109;43.610367;1.431550;7.031832[0m
[1;31mE (58510) CSV: 168.489770;283.887879;115.398109;43.610367;1.431550;7.031832[0m
[1;31mE (58530) CSV: 168.489770;283.887879;115.398109;43.610367;1.431550;7.031832[0m
[1;31mE (58560) CSV: 166.023566;283.813195;117.789629;43.610367;1.431550;7.069106[0m
[1;31mE (58590) CSV: 166.023566;283.813195;117.789629;43.610367;1.431550;7.069106[0m
[1;31mE (58610) CSV: 166.023566;283.813195;117.789629;43.610367;1.431550;7.069106[0m
[1;31mE (58640) CSV: 166.023566;283.813195;117.789629;43.610367;1.431550;7.069106[0m
[1;31mE (58670) CSV: 163.014323;283.720939;120.706617;43.610367;1.431551;7.115715[0m
[1;31mE (58690) CSV: 163.014323;283.720939;120.706617;43.610367;1.431551;7.115715[0m
[1;31mE (58720) CSV: 163.014323;283.720939;120.706617;43.610367;1.431551;7.115715[0m
[1;31mE (58750) CSV: 163.014323;283.720939;120.706617;43.610367;1.431551;7.115715[0m
[1;31mE (58780) CSV: 166.635553;286.856754;120.221201;43.610363;1.431552;7.283174[0m
[1;31mE (58800) CSV: 166.635553;286.856754;120.221201;43.610363;1.431552;7.283174[0m
[1;31mE (58830) CSV: 164.207457;286.769617;122.562159;43.610363;1.431552;7.319923[0m
[1;31mE (58850) CSV: 164.207457;286.769617;122.562159;43.610363;1.431552;7.319923[0m
[1;31mE (58870) CSV: 164.207457;286.769617;122.562159;43.610363;1.431552;7.319923[0m
[1;31mE (58900) CSV: 164.207457;286.769617;122.562159;43.610363;1.431552;7.319923[0m
[1;31mE (58920) CSV: 164.207457;286.769617;122.562159;43.610363;1.431552;7.319923[0m
[1;31mE (58950) CSV: 147.644055;286.704836;139.060780;43.610363;1.431552;7.347496[0m
[1;31mE (58970) CSV: 147.644055;286.704836;139.060780;43.610363;1.431552;7.347496[0m
[1;31mE (58990) CSV: 147.644055;286.704836;139.060780;43.610363;1.431552;7.347496[0m
[1;31mE (59010) CSV: 147.644055;286.704836;139.060780;43.610363;1.431552;7.347496[0m
[1;31mE (59050) CSV: 147.644055;286.704836;139.060780;43.610363;1.431552;7.347496[0m
[1;31mE (59070) CSV: 145.831567;286.661918;140.830351;43.610363;1.431553;7.365883[0m
[1;31mE (59090) CSV: 145.831567;286.661918;140.830351;43.610363;1.431553;7.365883[0m
[1;31mE (59110) CSV: 145.831567;286.661918;140.830351;43.610363;1.431553;7.365883[0m
[1;31mE (59160) CSV: 147.644055;286.640539;138.996484;43.610363;1.431553;7.375079[0m
[1;31mE (59180) CSV: 147.644055;286.640539;138.996484;43.610363;1.431553;7.375079[0m
[1;31mE (59200) CSV: 147.644055;286.640539;138.996484;43.610363;1.431553;7.375079[0m
[1;31mE (59230) CSV: 147.644055;286.640539;138.996484;43.610363;1.431553;7.375079[0m
[1;31mE (59250) CSV: 145.831567;286.597942;140.766374;43.610363;1.431553;7.393472[0m
[1;31mE (59280) CSV: 145.831567;286.597942;140.766374;43.610363;1.431553;7.393472[0m
[1;31mE (59300) CSV: 145.831567;286.597942;140.766374;43.610363;1.431553;7.393472[0m
[1;31mE (59330) CSV: 145.831567;286.597942;140.766374;43.610363;1.431553;7.393472[0m
[1;31mE (59360) CSV: 167.250663;289.645180;122.394517;43.610359;1.431553;7.543701[0m
[1;31mE (59380) CSV: 167.250663;289.645180;122.394517;43.610359;1.431553;7.543701[0m
[1;31mE (59400) CSV: 167.250663;289.645180;122.394517;43.610359;1.431553;7.543701[0m
[1;31mE (59420) CSV: 167.250663;289.645180;122.394517;43.610359;1.431553;7.543701[0m
[1;31mE (59450) CSV: 165.414812;289.571923;124.157111;43.610359;1.431554;7.570824[0m
[1;31mE (59470) CSV: 165.414812;289.571923;124.157111;43.610359;1.431554;7.570824[0m
[1;31mE (59500) CSV: 165.414812;289.571923;124.157111;43.610359;1.431554;7.570824[0m
[1;31mE (59520) CSV: 165.414812;289.571923;124.157111;43.610359;1.431554;7.570824[0m
[1;31mE (59550) CSV: 165.414812;289.571923;124.157111;43.610359;1.431554;7.570824[0m
[1;31mE (59570) CSV: 164.207456;289.523375;125.315919;43.610359;1.431554;7.588913[0m
[1;31mE (59590) CSV: 164.207456;289.523375;125.315919;43.610359;1.431554;7.588913[0m
[1;31mE (59610) CSV: 164.207456;289.523375;125.315919;43.610359;1.431554;7.588913[0m
[1;31mE (59660) CSV: 163.014321;289.475059;126.460738;43.610359;1.431554;7.607007[0m
[1;31mE (59680) CSV: 163.014321;289.475059;126.460738;43.610359;1.431554;7.607007[0m
[1;31mE (59700) CSV: 163.014321;289.475059;126.460738;43.610359;1.431554;7.607007[0m
[1;31mE (59730) CSV: 163.014321;289.475059;126.460738;43.610359;1.431554;7.607007[0m
[1;31mE (59750) CSV: 161.252936;289.403014;128.150078;43.610359;1.431554;7.634159[0m
[1;31mE (59780) CSV: 161.252936;289.403014;128.150078;43.610359;1.431554;7.634159[0m
[1;31mE (59810) CSV: 161.252936;289.403014;128.150078;43.610359;1.431554;7.634159[0m
[1;31mE (59830) CSV: 161.252936;289.403014;128.150078;43.610359;1.431554;7.634159[0m
[1;31mE (59860) CSV: 170.368741;292.268402;121.899661;43.610355;1.431555;7.811999[0m
[1;31mE (59880) CSV: 170.368741;292.268402;121.899661;43.610355;1.431555;7.811999[0m
[1;31mE (59900) CSV: 170.368741;292.268402;121.899661;43.610355;1.431555;7.811999[0m
[1;31mE (59920) CSV: 170.368741;292.268402;121.899661;43.610355;1.431555;7.811999[0m
[1;31mE (59960) CSV: 167.868775;292.162187;124.293412;43.610355;1.431555;7.847539[0m
[1;31mE (59980) CSV: 167.868775;292.162187;124.293412;43.610355;1.431555;7.847539[0m
[1;31mE (60000) CSV: 167.868775;292.162187;124.293412;43.610355;1.431555;7.847539[0m
[1;31mE (60020) CSV: 167.868775;292.162187;124.293412;43.610355;1.431555;7.847539[0m
[1;31mE (60040) CSV: 167.868775;292.162187;124.293412;43.610355;1.431555;7.847539[0m
[1;31mE (60070) CSV: 165.414811;292.056930;126.642119;43.610355;1.431556;7.883107[0m
[1;31mE (60090) CSV: 165.414811;292.056930;126.642119;43.610355;1.431556;7.883107[0m
[1;31mE (60120) CSV: 165.414811;292.056930;126.642119;43.610355;1.431556;7.883107[0m
[1;31mE (60160) CSV: 161.836170;292.056930;130.220760;43.610355;1.431556;7.883107[0m
[1;31mE (60180) CSV: 161.836170;291.900814;130.064644;43.610355;1.431556;7.936507[0m
[1;31mE (60200) CSV: 161.836170;291.900814;130.064644;43.610355;1.431556;7.936507[0m
[1;31mE (60240) CSV: 145.831564;291.823541;145.991977;43.610355;1.431557;7.963229[0m
[1;31mE (60260) CSV: 145.831564;291.823541;145.991977;43.610355;1.431557;7.963229[0m
[1;31mE (60290) CSV: 145.831564;291.823541;145.991977;43.610355;1.431557;7.963229[0m
[1;31mE (60310) CSV: 145.831564;291.823541;145.991977;43.610355;1.431557;7.963229[0m
[1;31mE (60340) CSV: 147.644052;291.746785;144.102733;43.610355;1.431557;7.989965[0m
[1;31mE (60360) CSV: 147.644052;291.746785;144.102733;43.610355;1.431557;7.989965[0m
[1;31mE (60380) CSV: 147.644052;291.746785;144.102733;43.610355;1.431557;7.989965[0m
[1;31mE (60420) CSV: 163.609059;294.431740;130.822681;43.610352;1.431558;8.182851[0m
[1;31mE (60440) CSV: 163.609059;294.431740;130.822681;43.610352;1.431558;8.182851[0m
[1;31mE (60460) CSV: 163.609059;294.431740;130.822681;43.610352;1.431558;8.182851[0m
[1;31mE (60480) CSV: 163.609059;294.431740;130.822681;43.610352;1.431558;8.182851[0m
[1;31mE (60500) CSV: 163.609059;294.431740;130.822681;43.610352;1.431558;8.182851[0m
[1;31mE (60520) CSV: 163.609059;294.431740;130.822681;43.610352;1.431558;8.182851[0m
[1;31mE (60550) CSV: 162.423325;294.376269;131.952944;43.610352;1.431558;8.200331[0m
[1;31mE (60580) CSV: 162.423325;294.376269;131.952944;43.610352;1.431558;8.200331[0m
[1;31mE (60600) CSV: 162.423325;294.376269;131.952944;43.610352;1.431558;8.200331[0m
[1;31mE (60630) CSV: 162.423325;294.376269;131.952944;43.610352;1.431558;8.200331[0m
[1;31mE (60660) CSV: 147.644051;294.293503;146.649453;43.610352;1.431558;8.226566[0m
[1;31mE (60680) CSV: 147.644051;294.293503;146.649453;43.610352;1.431558;8.226566[0m
[1;31mE (60710) CSV: 147.644051;294.293503;146.649453;43.610352;1.431558;8.226566[0m
[1;31mE (60740) CSV: 144.953382;294.211264;149.257882;43.610352;1.431558;8.252818[0m
[1;31mE (60760) CSV: 144.953382;294.211264;149.257882;43.610352;1.431558;8.252818[0m
[1;31mE (60790) CSV: 144.953382;294.211264;149.257882;43.610352;1.431558;8.252818[0m
[1;31mE (60810) CSV: 144.953382;294.211264;149.257882;43.610352;1.431558;8.252818[0m
[1;31mE (60840) CSV: 146.728403;294.156728;147.428326;43.610352;1.431559;8.270328[0m
[1;31mE (60860) CSV: 146.728403;294.156728;147.428326;43.610352;1.431559;8.270328[0m
[1;31mE (60890) CSV: 146.728403;294.156728;147.428326;43.610352;1.431559;8.270328[0m
[1;31mE (60910) CSV: 146.728403;294.156728;147.428326;43.610352;1.431559;8.270328[0m
[1;31mE (60940) CSV: 146.728403;294.156728;147.428326;43.610352;1.431559;8.270328[0m
[1;31mE (60960) CSV: 168.489767;296.635238;128.145472;43.610348;1.431559;8.495648[0m
[1;31mE (60980) CSV: 168.489767;296.635238;128.145472;43.610348;1.431559;8.495648[0m
[1;31mE (61000) CSV: 168.489767;296.635238;128.145472;43.610348;1.431559;8.495648[0m
[1;31mE (61020) CSV: 168.489767;296.635238;128.145472;43.610348;1.431559;8.495648[0m
[1;31mE (61050) CSV: 168.489767;296.635238;128.145472;43.610348;1.431559;8.495648[0m
[1;31mE (61080) CSV: 167.250660;296.577320;129.326659;43.610348;1.431560;8.512811[0m
[1;31mE (61100) CSV: 167.250660;296.577320;129.326659;43.610348;1.431560;8.512811[0m
[1;31mE (61130) CSV: 164.809404;296.462181;131.652776;43.610348;1.431560;8.547161[0m
[1;31mE (61170) CSV: 164.809404;296.462181;131.652776;43.610348;1.431560;8.547161[0m
[1;31mE (61190) CSV: 164.809404;296.462181;131.652776;43.610348;1.431560;8.547161[0m
[1;31mE (61210) CSV: 164.809404;296.462181;131.652776;43.610348;1.431560;8.547161[0m
[1;31mE (61240) CSV: 162.423324;296.347964;133.924640;43.610348;1.431561;8.581547[0m
[1;31mE (61260) CSV: 162.423324;296.347964;133.924640;43.610348;1.431561;8.581547[0m
[1;31mE (61290) CSV: 162.423324;296.347964;133.924640;43.610348;1.431561;8.581547[0m
[1;31mE (61310) CSV: 162.423324;296.347964;133.924640;43.610348;1.431561;8.581547[0m
[1;31mE (61350) CSV: 146.728401;296.234659;149.506258;43.610348;1.431561;8.615966[0m
[1;31mE (61370) CSV: 146.728401;296.234659;149.506258;43.610348;1.431561;8.615966[0m
[1;31mE (61390) CSV: 146.728401;296.234659;149.506258;43.610348;1.431561;8.615966[0m
[1;31mE (61410) CSV: 146.728401;296.234659;149.506258;43.610348;1.431561;8.615966[0m
[1;31mE (61430) CSV: 146.728401;296.234659;149.506258;43.610348;1.431561;8.615966[0m
[1;31mE (61460) CSV: 164.207452;296.234659;132.027207;43.610348;1.431561;8.615966[0m
[1;31mE (61480) CSV: 164.207452;298.530571;134.323118;43.610344;1.431562;8.862239[0m
[1;31mE (61510) CSV: 164.207452;298.530571;134.323118;43.610344;1.431562;8.862239[0m
[1;31mE (61540) CSV: 161.836167;298.412474;136.576307;43.610344;1.431562;8.895987[0m
[1;31mE (61560) CSV: 161.836167;298.412474;136.576307;43.610344;1.431562;8.895987[0m
[1;31mE (61580) CSV: 161.836167;298.412474;136.576307;43.610344;1.431562;8.895987[0m
[1;31mE (61600) CSV: 161.836167;298.412474;136.576307;43.610344;1.431562;8.895987[0m
[1;31mE (61620) CSV: 161.836167;298.412474;136.576307;43.610344;1.431562;8.895987[0m
[1;31mE (61660) CSV: 160.673699;298.353761;137.680062;43.610344;1.431562;8.912874[0m
[1;31mE (61690) CSV: 160.673699;298.353761;137.680062;43.610344;1.431562;8.912874[0m
[1;31mE (61710) CSV: 160.673699;298.353761;137.680062;43.610344;1.431562;8.912874[0m
[1;31mE (61740) CSV: 160.673699;298.353761;137.680062;43.610344;1.431562;8.912874[0m
[1;31mE (61770) CSV: 147.644047;298.295270;150.651222;43.610344;1.431563;8.929771[0m
[1;31mE (61810) CSV: 147.644047;298.295270;150.651222;43.610344;1.431563;8.929771[0m
[1;31mE (61830) CSV: 146.728399;298.266107;151.537708;43.610344;1.431563;8.938223[0m
[1;31mE (61850) CSV: 146.728399;298.266107;151.537708;43.610344;1.431563;8.938223[0m
[1;31mE (61870) CSV: 146.728399;298.266107;151.537708;43.610344;1.431563;8.938223[0m
[1;31mE (61890) CSV: 146.728399;298.266107;151.537708;43.610344;1.431563;8.938223[0m
[1;31mE (61910) CSV: 146.728399;298.266107;151.537708;43.610344;1.431563;8.938223[0m
[1;31mE (61940) CSV: 146.728399;298.266107;151.537708;43.610344;1.431563;8.938223[0m
[1;31mE (61970) CSV: 146.728399;298.207947;151.479548;43.610344;1.431563;8.955134[0m
[1;31mE (61990) CSV: 146.728399;298.207947;151.479548;43.610344;1.431563;8.955134[0m
[1;31mE (62010) CSV: 146.728399;298.207947;151.479548;43.610344;1.431563;8.955134[0m
[1;31mE (62040) CSV: 167.250659;300.454626;133.203967;43.610340;1.431563;9.188066[0m
[1;31mE (62060) CSV: 167.250659;300.454626;133.203967;43.610340;1.431563;9.188066[0m
[1;31mE (62080) CSV: 167.250659;300.454626;133.203967;43.610340;1.431563;9.188066[0m
[1;31mE (62100) CSV: 167.250659;300.454626;133.203967;43.610340;1.431563;9.188066[0m
[1;31mE (62140) CSV: 167.250659;300.454626;133.203967;43.610340;1.431563;9.188066[0m
[1;31mE (62160) CSV: 166.635548;300.424318;133.788770;43.610340;1.431563;9.196341[0m
[1;31mE (62190) CSV: 166.635548;300.424318;133.788770;43.610340;1.431563;9.196341[0m
[1;31mE (62210) CSV: 166.635548;300.424318;133.788770;43.610340;1.431563;9.196341[0m
[1;31mE (62250) CSV: 166.023560;300.394065;134.370505;43.610340;1.431564;9.204618[0m
[1;31mE (62270) CSV: 166.023560;300.394065;134.370505;43.610340;1.431564;9.204618[0m
[1;31mE (62300) CSV: 166.023560;300.394065;134.370505;43.610340;1.431564;9.204618[0m
[1;31mE (62320) CSV: 166.023560;300.394065;134.370505;43.610340;1.431564;9.204618[0m
[1;31mE (62340) CSV: 166.023560;300.394065;134.370505;43.610340;1.431564;9.204618[0m
[1;31mE (62370) CSV: 164.809403;300.333721;135.524319;43.610340;1.431564;9.221181[0m
[1;31mE (62390) CSV: 164.809403;300.333721;135.524319;43.610340;1.431564;9.221181[0m
[1;31mE (62430) CSV: 163.014315;300.243612;137.229296;43.610340;1.431564;9.246043[0m
[1;31mE (62450) CSV: 163.014315;300.243612;137.229296;43.610340;1.431564;9.246043[0m
[1;31mE (62470) CSV: 163.014315;300.243612;137.229296;43.610340;1.431564;9.246043[0m
[1;31mE (62490) CSV: 163.014315;300.243612;137.229296;43.610340;1.431564;9.246043[0m
[1;31mE (62510) CSV: 163.014315;300.243612;137.229296;43.610340;1.431564;9.246043[0m
[1;31mE (62540) CSV: 160.673698;300.124217;139.450519;43.610340;1.431565;9.279228[0m
[1;31mE (62570) CSV: 160.673698;300.124217;139.450519;43.610340;1.431565;9.279228[0m
[1;31mE (62590) CSV: 160.673698;300.124217;139.450519;43.610340;1.431565;9.279228[0m
[1;31mE (62610) CSV: 160.673698;300.124217;139.450519;43.610340;1.431565;9.279228[0m
[1;31mE (62640) CSV: 168.489765;302.214251;133.724487;43.610336;1.431565;9.531658[0m
[1;31mE (62660) CSV: 168.489765;302.214251;133.724487;43.610336;1.431565;9.531658[0m
[1;31mE (62700) CSV: 168.489765;302.214251;133.724487;43.610336;1.431565;9.531658[0m
[1;31mE (62720) CSV: 168.489765;302.214251;133.724487;43.610336;1.431565;9.531658[0m
[1;31mE (62750) CSV: 168.489765;302.214251;133.724487;43.610336;1.431565;9.531658[0m
[1;31mE (62770) CSV: 165.414807;302.061130;136.646323;43.610336;1.431566;9.572293[0m
[1;31mE (62800) CSV: 165.414807;302.061130;136.646323;43.610336;1.431566;9.572293[0m
[1;31mE (62830) CSV: 165.414807;302.061130;136.646323;43.610336;1.431566;9.572293[0m
[1;31mE (62850) CSV: 162.423321;301.909304;139.485983;43.610336;1.431566;9.612995[0m
[1;31mE (62880) CSV: 162.423321;301.909304;139.485983;43.610336;1.431566;9.612995[0m
[1;31mE (62900) CSV: 162.423321;301.909304;139.485983;43.610336;1.431566;9.612995[0m
[1;31mE (62930) CSV: 162.423321;301.909304;139.485983;43.610336;1.431566;9.612995[0m
[1;31mE (62950) CSV: 147.644044;301.818824;154.174781;43.610336;1.431567;9.637449[0m
[1;31mE (62970) CSV: 147.644044;301.818824;154.174781;43.610336;1.431567;9.637449[0m
[1;31mE (62990) CSV: 147.644044;301.818824;154.174781;43.610336;1.431567;9.637449[0m
[1;31mE (63010) CSV: 147.644044;301.818824;154.174781;43.610336;1.431567;9.637449[0m
[1;31mE (63050) CSV: 147.644044;301.698897;154.054853;43.610336;1.431567;9.670091[0m
[1;31mE (63070) CSV: 147.644044;301.698897;154.054853;43.610336;1.431567;9.670091[0m
[1;31mE (63090) CSV: 147.644044;301.698897;154.054853;43.610336;1.431567;9.670091[0m
[1;31mE (63110) CSV: 147.644044;301.698897;154.054853;43.610336;1.431567;9.670091[0m
[1;31mE (63130) CSV: 147.644044;301.698897;154.054853;43.610336;1.431567;9.670091[0m
[1;31mE (63160) CSV: 164.809401;303.695677;138.886277;43.610332;1.431568;9.923500[0m
[1;31mE (63200) CSV: 164.809401;303.695677;138.886277;43.610332;1.431568;9.923500[0m
[1;31mE (63220) CSV: 164.809401;303.695677;138.886277;43.610332;1.431568;9.923500[0m
[1;31mE (63250) CSV: 164.809401;303.695677;138.886277;43.610332;1.431568;9.923500[0m
[1;31mE (63270) CSV: 162.423320;303.573102;141.149782;43.610332;1.431568;9.955463[0m
[1;31mE (63300) CSV: 162.423320;303.573102;141.149782;43.610332;1.431568;9.955463[0m
[1;31mE (63320) CSV: 162.423320;303.573102;141.149782;43.610332;1.431568;9.955463[0m
[1;31mE (63360) CSV: 147.644042;303.451311;155.807269;43.610332;1.431569;9.987472[0m
[1;31mE (63380) CSV: 147.644042;303.451311;155.807269;43.610332;1.431569;9.987472[0m
[1;31mE (63400) CSV: 147.644042;303.451311;155.807269;43.610332;1.431569;9.987472[0m
[1;31mE (63420) CSV: 147.644042;303.451311;155.807269;43.610332;1.431569;9.987472[0m
[1;31mE (63450) CSV: 144.093676;303.330299;159.236623;43.610332;1.431569;10.019525[0m
[1;31mE (63470) CSV: 144.093676;303.330299;159.236623;43.610332;1.431569;10.019525[0m
[1;31mE (63500) CSV: 144.093676;303.330299;159.236623;43.610332;1.431569;10.019525[0m
[1;31mE (63530) CSV: 144.093676;303.330299;159.236623;43.610332;1.431569;10.019525[0m
[1;31mE (63550) CSV: 145.831554;303.240047;157.408494;43.610332;1.431569;10.043594[0m
[1;31mE (63570) CSV: 145.831554;303.240047;157.408494;43.610332;1.431569;10.043594[0m
[1;31mE (63590) CSV: 145.831554;303.240047;157.408494;43.610332;1.431569;10.043594[0m
[1;31mE (63610) CSV: 145.831554;303.240047;157.408494;43.610332;1.431569;10.043594[0m
[1;31mE (63640) CSV: 145.831554;303.240047;157.408494;43.610332;1.431569;10.043594[0m
[1;31mE (63670) CSV: 147.644042;303.150227;155.506185;43.610332;1.431570;10.067689[0m
[1;31mE (63700) CSV: 147.644042;303.150227;155.506185;43.610332;1.431570;10.067689[0m
[1;31mE (63720) CSV: 147.644042;303.150227;155.506185;43.610332;1.431570;10.067689[0m
[1;31mE (63740) CSV: 147.644042;303.150227;155.506185;43.610332;1.431570;10.067689[0m
[1;31mE (63780) CSV: 164.207449;305.002600;140.795151;43.610329;1.431570;10.337187[0m
[1;31mE (63810) CSV: 164.207449;305.002600;140.795151;43.610329;1.431570;10.337187[0m
[1;31mE (63830) CSV: 164.207449;305.002600;140.795151;43.610329;1.431570;10.337187[0m
[1;31mE (63860) CSV: 161.836162;304.880913;143.044751;43.610329;1.431571;10.368657[0m
[1;31mE (63880) CSV: 161.836162;304.880913;143.044751;43.610329;1.431571;10.368657[0m
[1;31mE (63900) CSV: 161.836162;304.880913;143.044751;43.610329;1.431571;10.368657[0m
[1;31mE (63940) CSV: 161.836162;304.880913;143.044751;43.610329;1.431571;10.368657[0m
[1;31mE (63960) CSV: 146.728393;304.790133;158.061740;43.610329;1.431571;10.392290[0m
[1;31mE (63980) CSV: 146.728393;304.790133;158.061740;43.610329;1.431571;10.392290[0m
[1;31mE (64000) CSV: 146.728393;304.790133;158.061740;43.610329;1.431571;10.392290[0m
[1;31mE (64020) CSV: 146.728393;304.790133;158.061740;43.610329;1.431571;10.392290[0m
[1;31mE (64050) CSV: 145.831552;304.639747;158.808194;43.610329;1.431572;10.431735[0m
[1;31mE (64080) CSV: 145.831552;304.639747;158.808194;43.610329;1.431572;10.431735[0m
[1;31mE (64100) CSV: 145.831552;304.639747;158.808194;43.610329;1.431572;10.431735[0m
[1;31mE (64120) CSV: 145.831552;304.639747;158.808194;43.610329;1.431572;10.431735[0m
[1;31mE (64150) CSV: 144.953372;304.490494;159.537123;43.610329;1.431572;10.471253[0m
[1;31mE (64170) CSV: 144.953372;304.490494;159.537123;43.610329;1.431572;10.471253[0m
[1;31mE (64210) CSV: 144.953372;304.490494;159.537123;43.610329;1.431572;10.471253[0m
[1;31mE (64230) CSV: 144.953372;304.490494;159.537123;43.610329;1.431572;10.471253[0m
[1;31mE (64260) CSV: 144.953372;304.490494;159.537123;43.610329;1.431572;10.471253[0m
[1;31mE (64280) CSV: 147.644041;304.371902;156.727861;43.610329;1.431573;10.502917[0m
[1;31mE (64310) CSV: 147.644041;304.371902;156.727861;43.610329;1.431573;10.502917[0m
[1;31mE (64340) CSV: 163.609053;304.371902;140.762849;43.610329;1.431573;10.502917[0m
[1;31mE (64370) CSV: 163.609053;306.208370;142.599318;43.610325;1.431573;10.755837[0m
[1;31mE (64390) CSV: 163.609053;306.208370;142.599318;43.610325;1.431573;10.755837[0m
[1;31mE (64420) CSV: 163.609053;306.208370;142.599318;43.610325;1.431573;10.755837[0m
[1;31mE (64440) CSV: 163.014311;306.178191;143.163879;43.610325;1.431573;10.763582[0m
[1;31mE (64460) CSV: 163.014311;306.178191;143.163879;43.610325;1.431573;10.763582[0m
[1;31mE (64480) CSV: 163.014311;306.178191;143.163879;43.610325;1.431573;10.763582[0m
[1;31mE (64510) CSV: 163.014311;306.178191;143.163879;43.610325;1.431573;10.763582[0m
[1;31mE (64540) CSV: 163.014311;306.178191;143.163879;43.610325;1.431573;10.763582[0m
[1;31mE (64560) CSV: 163.014311;306.178191;143.163879;43.610325;1.431573;10.763582[0m
[1;31mE (64580) CSV: 163.014311;306.178191;143.163879;43.610325;1.431573;10.763582[0m
[1;31mE (64600) CSV: 163.014311;306.178191;143.163879;43.610325;1.431573;10.763582[0m
[1;31mE (64620) CSV: 163.014311;306.178191;143.163879;43.610325;1.431573;10.763582[0m
[1;31mE (64650) CSV: 163.609053;306.208370;142.599318;43.610325;1.431573;10.755837[0m
[1;31mE (64680) CSV: 163.609053;306.208370;142.599318;43.610325;1.431573;10.755837[0m
[1;31mE (64710) CSV: 163.609053;306.208370;142.599318;43.610325;1.431573;10.755837[0m
[1;31mE (64740) CSV: 163.609053;306.208370;142.599318;43.610325;1.431573;10.755837[0m
[1;31mE (64760) CSV: 164.207448;306.238593;142.031146;43.610325;1.431573;10.748094[0m
[1;31mE (64790) CSV: 164.207448;306.238593;142.031146;43.610325;1.431573;10.748094[0m
[1;31mE (64830) CSV: 164.207448;306.238593;142.031146;43.610325;1.431573;10.748094[0m
[1;31mE (64850) CSV: 164.207448;306.238593;142.031146;43.610325;1.431573;10.748094[0m
[1;31mE (64870) CSV: 164.207448;306.238593;142.031146;43.610325;1.431573;10.748094[0m
[1;31mE (64900) CSV: 164.207448;306.238593;142.031146;43.610325;1.431573;10.748094[0m
[1;31mE (64930) CSV: 164.207448;306.238593;142.031146;43.610325;1.431573;10.748094[0m
[1;31mE (64950) CSV: 181.296181;308.081872;126.785690;43.610321;1.431572;10.989049[0m
[1;31mE (64970) CSV: 181.296181;308.081872;126.785690;43.610321;1.431572;10.989049[0m
[1;31mE (64990) CSV: 181.296181;308.081872;126.785690;43.610321;1.431572;10.989049[0m
[1;31mE (65010) CSV: 181.296181;308.081872;126.785690;43.610321;1.431572;10.989049[0m
[1;31mE (65030) CSV: 181.296181;308.081872;126.785690;43.610321;1.431572;10.989049[0m
[1;31mE (65070) CSV: 182.591037;308.081872;125.490835;43.610321;1.431572;10.989049[0m
[1;31mE (65090) CSV: 182.591037;308.143685;125.552649;43.610321;1.431572;10.973946[0m
[1;31mE (65110) CSV: 182.591037;308.143685;125.552649;43.610321;1.431572;10.973946[0m
[1;31mE (65140) CSV: 182.591037;308.143685;125.552649;43.610321;1.431572;10.973946[0m
[1;31mE (65160) CSV: 181.943857;308.112757;126.168900;43.610321;1.431572;10.981496[0m
[1;31mE (65180) CSV: 181.943857;308.112757;126.168900;43.610321;1.431572;10.981496[0m
[1;31mE (65230) CSV: 181.943857;308.112757;126.168900;43.610321;1.431572;10.981496[0m
[1;31mE (65250) CSV: 181.943857;308.112757;126.168900;43.610321;1.431572;10.981496[0m
[1;31mE (65270) CSV: 181.943857;308.112757;126.168900;43.610321;1.431572;10.981496[0m
[1;31mE (65290) CSV: 181.943857;308.112757;126.168900;43.610321;1.431572;10.981496[0m
[1;31mE (65320) CSV: 181.943857;308.112757;126.168900;43.610321;1.431572;10.981496[0m
[1;31mE (65360) CSV: 182.591037;308.143685;125.552649;43.610321;1.431572;10.973946[0m
[1;31mE (65380) CSV: 182.591037;308.143685;125.552649;43.610321;1.431572;10.973946[0m
[1;31mE (65400) CSV: 182.591037;308.143685;125.552649;43.610321;1.431572;10.973946[0m
[1;31mE (65420) CSV: 182.591037;308.143685;125.552649;43.610321;1.431572;10.973946[0m
[1;31mE (65450) CSV: 183.883250;309.907084;126.023834;43.610317;1.431572;11.226152[0m
[1;31mE (65470) CSV: 183.883250;309.907084;126.023834;43.610317;1.431572;11.226152[0m
[1;31mE (65500) CSV: 183.883250;309.907084;126.023834;43.610317;1.431572;11.226152[0m
[1;31mE (65520) CSV: 183.883250;309.907084;126.023834;43.610317;1.431572;11.226152[0m
[1;31mE (65550) CSV: 183.883250;309.907084;126.023834;43.610317;1.431572;11.226152[0m
[1;31mE (65570) CSV: 182.591037;309.844316;127.253279;43.610317;1.431572;11.240883[0m
[1;31mE (65590) CSV: 182.591037;309.844316;127.253279;43.610317;1.431572;11.240883[0m
[1;31mE (65610) CSV: 182.591037;309.844316;127.253279;43.610317;1.431572;11.240883[0m
[1;31mE (65640) CSV: 182.591037;309.844316;127.253279;43.610317;1.431572;11.240883[0m
[1;31mE (65670) CSV: 182.591037;309.844316;127.253279;43.610317;1.431572;11.240883[0m
[1;31mE (65690) CSV: 182.591037;309.844316;127.253279;43.610317;1.431572;11.240883[0m
[1;31mE (65730) CSV: 183.237556;309.875680;126.638124;43.610317;1.431572;11.233516[0m
[1;31mE (65750) CSV: 183.237556;309.875680;126.638124;43.610317;1.431572;11.233516[0m
[1;31mE (65780) CSV: 183.237556;309.875680;126.638124;43.610317;1.431572;11.233516[0m
[1;31mE (65800) CSV: 183.237556;309.875680;126.638124;43.610317;1.431572;11.233516[0m
[1;31mE (65830) CSV: 183.237556;309.875680;126.638124;43.610317;1.431572;11.233516[0m
[1;31mE (65860) CSV: 183.237556;309.875680;126.638124;43.610317;1.431572;11.233516[0m
[1;31mE (65880) CSV: 183.237556;309.875680;126.638124;43.610317;1.431572;11.233516[0m
[1;31mE (65900) CSV: 183.237556;309.875680;126.638124;43.610317;1.431572;11.233516[0m
[1;31mE (65920) CSV: 183.237556;309.875680;126.638124;43.610317;1.431572;11.233516[0m
[1;31mE (65950) CSV: 183.237556;309.875680;126.638124;43.610317;1.431572;11.233516[0m
[1;31mE (65980) CSV: 183.883250;309.907084;126.023834;43.610317;1.431572;11.226152[0m
[1;31mE (66000) CSV: 183.883250;309.907084;126.023834;43.610317;1.431572;11.226152[0m
[1;31mE (66020) CSV: 183.883250;309.907084;126.023834;43.610317;1.431572;11.226152[0m
[1;31mE (66050) CSV: 182.591037;311.591477;129.000440;43.610313;1.431572;11.488519[0m
[1;31mE (66070) CSV: 182.591037;311.591477;129.000440;43.610313;1.431572;11.488519[0m
[1;31mE (66090) CSV: 182.591037;311.591477;129.000440;43.610313;1.431572;11.488519[0m
[1;31mE (66120) CSV: 182.591037;311.591477;129.000440;43.610313;1.431572;11.488519[0m
[1;31mE (66140) CSV: 182.591037;311.591477;129.000440;43.610313;1.431572;11.488519[0m
[1;31mE (66170) CSV: 183.883250;311.655104;127.771854;43.610313;1.431571;11.474170[0m
[1;31mE (66190) CSV: 183.883250;311.655104;127.771854;43.610313;1.431571;11.474170[0m
[1;31mE (66230) CSV: 183.883250;311.655104;127.771854;43.610313;1.431571;11.474170[0m
[1;31mE (66260) CSV: 185.813775;311.655104;125.841329;43.610313;1.431571;11.474170[0m
[1;31mE (66280) CSV: 185.813775;311.750843;125.937067;43.610313;1.431571;11.452673[0m
[1;31mE (66300) CSV: 185.813775;311.750843;125.937067;43.610313;1.431571;11.452673[0m
[1;31mE (66340) CSV: 185.813775;311.750843;125.937067;43.610313;1.431571;11.452673[0m
[1;31mE (66360) CSV: 187.093744;311.814869;124.721125;43.610313;1.431571;11.438360[0m
[1;31mE (66380) CSV: 187.093744;311.814869;124.721125;43.610313;1.431571;11.438360[0m
[1;31mE (66410) CSV: 187.093744;311.814869;124.721125;43.610313;1.431571;11.438360[0m
[1;31mE (66430) CSV: 187.093744;311.814869;124.721125;43.610313;1.431571;11.438360[0m
[1;31mE (66460) CSV: 187.093744;311.814869;124.721125;43.610313;1.431571;11.438360[0m
[1;31mE (66480) CSV: 189.000056;311.911208;122.911152;43.610313;1.431571;11.416917[0m
[1;31mE (66500) CSV: 189.000056;311.911208;122.911152;43.610313;1.431571;11.416917[0m
[1;31mE (66520) CSV: 189.000056;311.911208;122.911152;43.610313;1.431571;11.416917[0m
[1;31mE (66560) CSV: 189.000056;311.911208;122.911152;43.610313;1.431571;11.416917[0m
[1;31mE (66580) CSV: 190.260124;311.975635;121.715512;43.610313;1.431570;11.402639[0m
[1;31mE (66600) CSV: 190.260124;311.975635;121.715512;43.610313;1.431570;11.402639[0m
[1;31mE (66630) CSV: 191.510240;312.040224;120.529985;43.610313;1.431570;11.388376[0m
[1;31mE (66650) CSV: 191.510240;312.040224;120.529985;43.610313;1.431570;11.388376[0m
[1;31mE (66670) CSV: 191.510240;312.040224;120.529985;43.610313;1.431570;11.388376[0m
[1;31mE (66700) CSV: 191.510240;312.040224;120.529985;43.610313;1.431570;11.388376[0m
[1;31mE (66740) CSV: 192.749347;312.104975;119.355628;43.610313;1.431570;11.374128[0m
[1;31mE (66760) CSV: 192.749347;312.104975;119.355628;43.610313;1.431570;11.374128[0m
[1;31mE (66780) CSV: 192.749347;312.104975;119.355628;43.610313;1.431570;11.374128[0m
[1;31mE (66810) CSV: 192.749347;312.104975;119.355628;43.610313;1.431570;11.374128[0m
[1;31mE (66840) CSV: 192.749347;312.104975;119.355628;43.610313;1.431570;11.374128[0m
[1;31mE (66870) CSV: 193.976447;313.781700;119.805252;43.610310;1.431569;11.635032[0m
[1;31mE (66890) CSV: 193.976447;313.781700;119.805252;43.610310;1.431569;11.635032[0m
[1;31mE (66910) CSV: 193.976447;313.781700;119.805252;43.610310;1.431569;11.635032[0m
[1;31mE (66940) CSV: 193.976447;313.781700;119.805252;43.610310;1.431569;11.635032[0m
[1;31mE (66960) CSV: 195.792556;313.879980;118.087423;43.610310;1.431569;11.614262[0m
[1;31mE (66990) CSV: 195.792556;313.879980;118.087423;43.610310;1.431569;11.614262[0m
[1;31mE (67020) CSV: 197.576686;313.879980;116.303293;43.610310;1.431569;11.614262[0m
[1;31mE (67040) CSV: 197.576686;313.978611;116.401925;43.610310;1.431569;11.593525[0m
[1;31mE (67060) CSV: 197.576686;313.978611;116.401925;43.610310;1.431569;11.593525[0m
[1;31mE (67080) CSV: 197.576686;313.978611;116.401925;43.610310;1.431569;11.593525[0m
[1;31mE (67110) CSV: 198.163843;314.011567;115.847724;43.610310;1.431569;11.586621[0m
[1;31mE (67140) CSV: 198.163843;314.011567;115.847724;43.610310;1.431569;11.586621[0m
[1;31mE (67160) CSV: 198.163843;314.011567;115.847724;43.610310;1.431569;11.586621[0m
[1;31mE (67180) CSV: 198.163843;314.011567;115.847724;43.610310;1.431569;11.586621[0m
[1;31mE (67200) CSV: 198.163843;314.011567;115.847724;43.610310;1.431569;11.586621[0m
[1;31mE (67250) CSV: 212.355968;314.110670;101.754703;43.610310;1.431568;11.565930[0m
[1;31mE (67270) CSV: 212.355968;314.110670;101.754703;43.610310;1.431568;11.565930[0m
[1;31mE (67290) CSV: 212.355968;314.110670;101.754703;43.610310;1.431568;11.565930[0m
[1;31mE (67310) CSV: 212.355968;314.110670;101.754703;43.610310;1.431568;11.565930[0m
[1;31mE (67350) CSV: 212.355968;314.110670;101.754703;43.610310;1.431568;11.565930[0m
[1;31mE (67370) CSV: 191.510241;315.714226;124.203985;43.610306;1.431568;11.838248[0m
[1;31mE (67390) CSV: 191.510241;315.714226;124.203985;43.610306;1.431568;11.838248[0m
[1;31mE (67420) CSV: 191.510241;315.714226;124.203985;43.610306;1.431568;11.838248[0m
[1;31mE (67450) CSV: 193.976448;315.847539;121.871091;43.610306;1.431567;11.811474[0m
[1;31mE (67470) CSV: 193.976448;315.847539;121.871091;43.610306;1.431567;11.811474[0m
[1;31mE (67490) CSV: 193.976448;315.847539;121.871091;43.610306;1.431567;11.811474[0m
[1;31mE (67520) CSV: 196.390952;315.981456;119.590504;43.610306;1.431567;11.784765[0m
[1;31mE (67540) CSV: 196.390952;315.981456;119.590504;43.610306;1.431567;11.784765[0m
[1;31mE (67570) CSV: 196.390952;315.981456;119.590504;43.610306;1.431567;11.784765[0m
[1;31mE (67590) CSV: 196.390952;315.981456;119.590504;43.610306;1.431567;11.784765[0m
[1;31mE (67620) CSV: 196.390952;315.981456;119.590504;43.610306;1.431567;11.784765[0m
[1;31mE (67640) CSV: 198.747079;316.115982;117.368903;43.610306;1.431566;11.758120[0m
[1;31mE (67660) CSV: 198.747079;316.115982;117.368903;43.610306;1.431566;11.758120[0m
[1;31mE (67680) CSV: 198.747079;316.115982;117.368903;43.610306;1.431566;11.758120[0m
[1;31mE (67700) CSV: 198.747079;316.115982;117.368903;43.610306;1.431566;11.758120[0m
[1;31mE (67750) CSV: 212.355969;316.284997;103.929028;43.610306;1.431566;11.724906[0m
[1;31mE (67770) CSV: 212.355969;316.284997;103.929028;43.610306;1.431566;11.724906[0m
[1;31mE (67790) CSV: 212.355969;316.284997;103.929028;43.610306;1.431566;11.724906[0m
[1;31mE (67810) CSV: 212.355969;316.284997;103.929028;43.610306;1.431566;11.724906[0m
[1;31mE (67860) CSV: 214.168458;316.489082;102.320624;43.610306;1.431565;11.685184[0m
[1;31mE (67880) CSV: 214.168458;316.489082;102.320624;43.610306;1.431565;11.685184[0m
[1;31mE (67900) CSV: 214.168458;316.489082;102.320624;43.610306;1.431565;11.685184[0m
[1;31mE (67920) CSV: 214.168458;316.489082;102.320624;43.610306;1.431565;11.685184[0m
[1;31mE (67940) CSV: 214.168458;316.489082;102.320624;43.610306;1.431565;11.685184[0m
[1;31mE (67970) CSV: 213.271619;318.088712;104.817093;43.610302;1.431564;11.957827[0m
[1;31mE (67990) CSV: 213.271619;318.088712;104.817093;43.610302;1.431564;11.957827[0m
[1;31mE (68030) CSV: 213.271619;318.225895;104.954276;43.610302;1.431564;11.932217[0m
[1;31mE (68050) CSV: 213.271619;318.225895;104.954276;43.610302;1.431564;11.932217[0m
[1;31mE (68070) CSV: 213.271619;318.225895;104.954276;43.610302;1.431564;11.932217[0m
[1;31mE (68090) CSV: 213.271619;318.225895;104.954276;43.610302;1.431564;11.932217[0m
[1;31mE (68110) CSV: 213.271619;318.225895;104.954276;43.610302;1.431564;11.932217[0m
[1;31mE (68140) CSV: 213.271619;318.225895;104.954276;43.610302;1.431564;11.932217[0m
[1;31mE (68170) CSV: 214.168460;318.398203;104.229743;43.610302;1.431563;11.900302[0m
[1;31mE (68190) CSV: 214.168460;318.398203;104.229743;43.610302;1.431563;11.900302[0m
[1;31mE (68210) CSV: 214.168460;318.398203;104.229743;43.610302;1.431563;11.900302[0m
[1;31mE (68240) CSV: 214.168460;318.398203;104.229743;43.610302;1.431563;11.900302[0m
[1;31mE (68280) CSV: 215.046640;318.571436;103.524796;43.610302;1.431563;11.868494[0m
[1;31mE (68300) CSV: 215.046640;318.571436;103.524796;43.610302;1.431563;11.868494[0m
[1;31mE (68320) CSV: 215.046640;318.571436;103.524796;43.610302;1.431563;11.868494[0m
[1;31mE (68360) CSV: 215.046640;318.745599;103.698959;43.610302;1.431562;11.836796[0m
[1;31mE (68380) CSV: 215.046640;318.745599;103.698959;43.610302;1.431562;11.836796[0m
[1;31mE (68400) CSV: 215.046640;318.745599;103.698959;43.610302;1.431562;11.836796[0m
[1;31mE (68420) CSV: 215.046640;318.745599;103.698959;43.610302;1.431562;11.836796[0m
[1;31mE (68460) CSV: 215.046640;318.745599;103.698959;43.610302;1.431562;11.836796[0m
[1;31mE (68480) CSV: 215.046640;318.955827;103.909187;43.610302;1.431561;11.798903[0m
[1;31mE (68500) CSV: 215.046640;318.955827;103.909187;43.610302;1.431561;11.798903[0m
[1;31mE (68530) CSV: 215.046640;318.955827;103.909187;43.610302;1.431561;11.798903[0m
[1;31mE (68550) CSV: 219.935408;319.167407;99.231999;43.610302;1.431561;11.761170[0m
[1;31mE (68570) CSV: 219.935408;319.167407;99.231999;43.610302;1.431561;11.761170[0m
[1;31mE (68600) CSV: 219.935408;319.167407;99.231999;43.610302;1.431561;11.761170[0m
[1;31mE (68630) CSV: 219.935408;319.167407;99.231999;43.610302;1.431561;11.761170[0m
[1;31mE (68650) CSV: 212.355972;320.693659;108.337687;43.610298;1.431560;12.048733[0m
[1;31mE (68670) CSV: 212.355972;320.693659;108.337687;43.610298;1.431560;12.048733[0m
[1;31mE (68690) CSV: 212.355972;320.693659;108.337687;43.610298;1.431560;12.048733[0m
[1;31mE (68710) CSV: 212.355972;320.693659;108.337687;43.610298;1.431560;12.048733[0m
[1;31mE (68760) CSV: 215.906339;320.835203;104.928864;43.610298;1.431559;12.024451[0m
[1;31mE (68780) CSV: 215.906339;320.835203;104.928864;43.610298;1.431559;12.024451[0m
[1;31mE (68800) CSV: 215.906339;320.835203;104.928864;43.610298;1.431559;12.024451[0m
[1;31mE (68820) CSV: 215.906339;320.835203;104.928864;43.610298;1.431559;12.024451[0m
[1;31mE (68860) CSV: 215.906339;320.835203;104.928864;43.610298;1.431559;12.024451[0m
[1;31mE (68890) CSV: 212.355972;321.048592;108.692619;43.610298;1.431559;11.988166[0m
[1;31mE (68910) CSV: 212.355972;321.048592;108.692619;43.610298;1.431559;11.988166[0m
[1;31mE (68940) CSV: 212.355972;321.263273;108.907301;43.610298;1.431558;11.952048[0m
[1;31mE (68960) CSV: 212.355972;321.263273;108.907301;43.610298;1.431558;11.952048[0m
[1;31mE (68980) CSV: 212.355972;321.263273;108.907301;43.610298;1.431558;11.952048[0m
[1;31mE (69000) CSV: 212.355972;321.263273;108.907301;43.610298;1.431558;11.952048[0m
[1;31mE (69030) CSV: 212.355972;321.263273;108.907301;43.610298;1.431558;11.952048[0m
[1;31mE (69060) CSV: 213.271621;321.515376;108.243756;43.610298;1.431557;11.910124[0m
[1;31mE (69080) CSV: 213.271621;321.515376;108.243756;43.610298;1.431557;11.910124[0m
[1;31mE (69100) CSV: 213.271621;321.515376;108.243756;43.610298;1.431557;11.910124[0m
[1;31mE (69120) CSV: 213.271621;321.515376;108.243756;43.610298;1.431557;11.910124[0m
[1;31mE (69150) CSV: 219.164673;321.769256;102.604583;43.610298;1.431556;11.868432[0m
[1;31mE (69180) CSV: 219.164673;321.769256;102.604583;43.610298;1.431556;11.868432[0m
[1;31mE (69200) CSV: 219.164673;321.769256;102.604583;43.610298;1.431556;11.868432[0m
[1;31mE (69220) CSV: 219.164673;321.769256;102.604583;43.610298;1.431556;11.868432[0m
[1;31mE (69260) CSV: 224.872690;322.061589;97.188899;43.610298;1.431555;11.821072[0m
[1;31mE (69280) CSV: 224.872690;322.061589;97.188899;43.610298;1.431555;11.821072[0m
[1;31mE (69310) CSV: 224.872690;322.061589;97.188899;43.610298;1.431555;11.821072[0m
[1;31mE (69330) CSV: 224.872690;322.061589;97.188899;43.610298;1.431555;11.821072[0m
[1;31mE (69370) CSV: 224.872690;322.061589;97.188899;43.610298;1.431555;11.821072[0m
[1;31mE (69390) CSV: 229.088203;322.319304;93.231101;43.610298;1.431554;11.779886[0m
[1;31mE (69410) CSV: 229.088203;322.319304;93.231101;43.610298;1.431554;11.779886[0m
[1;31mE (69440) CSV: 232.692619;322.578822;89.886203;43.610298;1.431554;11.738940[0m
[1;31mE (69460) CSV: 232.692619;322.578822;89.886203;43.610298;1.431554;11.738940[0m
[1;31mE (69490) CSV: 232.692619;322.578822;89.886203;43.610298;1.431554;11.738940[0m
[1;31mE (69510) CSV: 232.692619;322.578822;89.886203;43.610298;1.431554;11.738940[0m
[1;31mE (69540) CSV: 270.000002;322.802707;52.802705;43.610298;1.431553;11.704036[0m
[1;31mE (69560) CSV: 270.000002;322.802707;52.802705;43.610298;1.431553;11.704036[0m
[1;31mE (69580) CSV: 270.000002;322.802707;52.802705;43.610298;1.431553;11.704036[0m
[1;31mE (69600) CSV: 270.000002;322.802707;52.802705;43.610298;1.431553;11.704036[0m
[1;31mE (69630) CSV: 270.000002;322.802707;52.802705;43.610298;1.431553;11.704036[0m
[1;31mE (69660) CSV: 212.355974;324.319350;111.963376;43.610294;1.431552;11.999701[0m
[1;31mE (69680) CSV: 212.355974;324.319350;111.963376;43.610294;1.431552;11.999701[0m
[1;31mE (69700) CSV: 212.355974;324.319350;111.963376;43.610294;1.431552;11.999701[0m
[1;31mE (69720) CSV: 212.355974;324.319350;111.963376;43.610294;1.431552;11.999701[0m
[1;31mE (69770) CSV: 212.355974;324.319350;111.963376;43.610294;1.431552;11.999701[0m
[1;31mE (69790) CSV: 213.271622;324.618253;111.346631;43.610294;1.431551;11.955080[0m
[1;31mE (69810) CSV: 213.271622;324.618253;111.346631;43.610294;1.431551;11.955080[0m
[1;31mE (69830) CSV: 213.271622;324.618253;111.346631;43.610294;1.431551;11.955080[0m
[1;31mE (69870) CSV: 214.168463;324.919387;110.750924;43.610294;1.431550;11.910787[0m
[1;31mE (69890) CSV: 214.168463;324.919387;110.750924;43.610294;1.431550;11.910787[0m
[1;31mE (69910) CSV: 214.168463;324.919387;110.750924;43.610294;1.431550;11.910787[0m
[1;31mE (69950) CSV: 214.168463;324.919387;110.750924;43.610294;1.431550;11.910787[0m
[1;31mE (69970) CSV: 215.906341;325.222760;109.316419;43.610294;1.431549;11.866825[0m
[1;31mE (69990) CSV: 215.906341;325.222760;109.316419;43.610294;1.431549;11.866825[0m
[1;31mE (70010) CSV: 215.906341;325.222760;109.316419;43.610294;1.431549;11.866825[0m
[1;31mE (70040) CSV: 215.906341;325.222760;109.316419;43.610294;1.431549;11.866825[0m
[1;31mE (70060) CSV: 223.540623;325.605138;102.064516;43.610294;1.431548;11.812345[0m
[1;31mE (70090) CSV: 223.540623;325.605138;102.064516;43.610294;1.431548;11.812345[0m
[1;31mE (70110) CSV: 223.540623;325.605138;102.064516;43.610294;1.431548;11.812345[0m
[1;31mE (70130) CSV: 223.540623;325.605138;102.064516;43.610294;1.431548;11.812345[0m
[1;31mE (70160) CSV: 228.525913;325.913579;97.387667;43.610294;1.431547;11.769142[0m
[1;31mE (70180) CSV: 228.525913;325.913579;97.387667;43.610294;1.431547;11.769142[0m
[1;31mE (70200) CSV: 228.525913;325.913579;97.387667;43.610294;1.431547;11.769142[0m
[1;31mE (70230) CSV: 228.525913;325.913579;97.387667;43.610294;1.431547;11.769142[0m
[1;31mE (70270) CSV: 233.624661;325.913579;92.288918;43.610294;1.431547;11.769142[0m
[1;31mE (70290) CSV: 233.624661;326.302314;92.677653;43.610294;1.431546;11.715623[0m
[1;31mE (70320) CSV: 270.000002;326.302314;56.302312;43.610294;1.431546;11.715623[0m
[1;31mE (70350) CSV: 270.000002;326.694599;56.694597;43.610294;1.431545;11.662648[0m
[1;31mE (70380) CSV: 270.000002;326.694599;56.694597;43.610294;1.431545;11.662648[0m
[1;31mE (70400) CSV: 270.000002;326.694599;56.694597;43.610294;1.431545;11.662648[0m
[1;31mE (70430) CSV: 270.000002;326.694599;56.694597;43.610294;1.431545;11.662648[0m
[1;31mE (70450) CSV: 270.000002;327.170042;57.170040;43.610294;1.431543;11.599807[0m
[1;31mE (70470) CSV: 270.000002;327.170042;57.170040;43.610294;1.431543;11.599807[0m
[1;31mE (70490) CSV: 270.000002;327.170042;57.170040;43.610294;1.431543;11.599807[0m
[1;31mE (70510) CSV: 270.000002;327.170042;57.170040;43.610294;1.431543;11.599807[0m
[1;31mE (70540) CSV: 270.000002;327.170042;57.170040;43.610294;1.431543;11.599807[0m
[1;31mE (70570) CSV: 215.906343;328.664703;112.758360;43.610291;1.431542;11.908252[0m
[1;31mE (70590) CSV: 215.906343;328.664703;112.758360;43.610291;1.431542;11.908252[0m
[1;31mE (70610) CSV: 215.906343;328.664703;112.758360;43.610291;1.431542;11.908252[0m
[1;31mE (70630) CSV: 215.906343;328.664703;112.758360;43.610291;1.431542;11.908252[0m
[1;31mE (70660) CSV: 215.906343;328.664703;112.758360;43.610291;1.431542;11.908252[0m
[1;31mE (70690) CSV: 216.747759;329.100571;112.352812;43.610291;1.431541;11.853692[0m
[1;31mE (70710) CSV: 216.747759;329.100571;112.352812;43.610291;1.431541;11.853692[0m
[1;31mE (70730) CSV: 216.747759;329.100571;112.352812;43.610291;1.431541;11.853692[0m
[1;31mE (70770) CSV: 213.271624;329.420082;116.148458;43.610291;1.431540;11.814447[0m
[1;31mE (70800) CSV: 213.271624;329.420082;116.148458;43.610291;1.431540;11.814447[0m
[1;31mE (70820) CSV: 213.271624;329.420082;116.148458;43.610291;1.431540;11.814447[0m
[1;31mE (70850) CSV: 220.689174;329.420082;108.730908;43.610291;1.431540;11.814447[0m
[1;31mE (70880) CSV: 220.689174;329.782066;109.092892;43.610291;1.431539;11.770737[0m
[1;31mE (70900) CSV: 220.689174;329.782066;109.092892;43.610291;1.431539;11.770737[0m
[1;31mE (70930) CSV: 226.145837;329.782066;103.636229;43.610291;1.431539;11.770737[0m
[1;31mE (70950) CSV: 226.145837;330.106082;103.960245;43.610291;1.431538;11.732282[0m
[1;31mE (70980) CSV: 226.145837;330.106082;103.960245;43.610291;1.431538;11.732282[0m
[1;31mE (71000) CSV: 226.145837;330.106082;103.960245;43.610291;1.431538;11.732282[0m
[1;31mE (71020) CSV: 226.145837;330.106082;103.960245;43.610291;1.431538;11.732282[0m
[1;31mE (71050) CSV: 231.719017;330.514084;98.795067;43.610291;1.431536;11.684744[0m
[1;31mE (71070) CSV: 231.719017;330.514084;98.795067;43.610291;1.431536;11.684744[0m
[1;31mE (71090) CSV: 231.719017;330.514084;98.795067;43.610291;1.431536;11.684744[0m
[1;31mE (71120) CSV: 231.719017;330.514084;98.795067;43.610291;1.431536;11.684744[0m
[1;31mE (71140) CSV: 231.719017;330.514084;98.795067;43.610291;1.431536;11.684744[0m
[1;31mE (71170) CSV: 270.000002;330.514084;60.514082;43.610291;1.431536;11.684744[0m
[1;31mE (71190) CSV: 270.000002;330.966712;60.966710;43.610291;1.431535;11.633143[0m
[1;31mE (71220) CSV: 270.000002;330.966712;60.966710;43.610291;1.431535;11.633143[0m
[1;31mE (71240) CSV: 270.000002;331.548576;61.548573;43.610291;1.431533;11.568529[0m
[1;31mE (71280) CSV: 270.000002;331.548576;61.548573;43.610291;1.431533;11.568529[0m
[1;31mE (71300) CSV: 270.000002;331.548576;61.548573;43.610291;1.431533;11.568529[0m
[1;31mE (71320) CSV: 270.000002;331.548576;61.548573;43.610291;1.431533;11.568529[0m
[1;31mE (71350) CSV: 270.000002;331.548576;61.548573;43.610291;1.431533;11.568529[0m
[1;31mE (71380) CSV: 270.000002;331.883977;61.883974;43.610291;1.431533;11.532147[0m
[1;31mE (71400) CSV: 270.000002;331.883977;61.883974;43.610291;1.431533;11.532147[0m
[1;31mE (71440) CSV: 270.000002;331.883977;61.883975;43.610291;1.431533;11.532147[0m
[1;31mE (71460) CSV: 270.000002;332.136914;62.136911;43.610291;1.431532;11.505122[0m
[1;31mE (71480) CSV: 270.000002;332.136914;62.136911;43.610291;1.431532;11.505122[0m
[1;31mE (71500) CSV: 270.000002;332.136914;62.136911;43.610291;1.431532;11.505122[0m
[1;31mE (71520) CSV: 270.000002;332.136914;62.136911;43.610291;1.431532;11.505122[0m
[1;31mE (71550) CSV: 270.000002;332.561110;62.561107;43.610291;1.431531;11.460580[0m
[1;31mE (71580) CSV: 270.000002;332.561110;62.561107;43.610291;1.431531;11.460580[0m
[1;31mE (71600) CSV: 270.000002;332.561110;62.561107;43.610291;1.431531;11.460580[0m
[1;31mE (71620) CSV: 270.000002;332.561110;62.561107;43.610291;1.431531;11.460580[0m
[1;31mE (71650) CSV: 270.000002;332.561110;62.561107;43.610291;1.431531;11.460580[0m
[1;31mE (71670) CSV: 270.000002;332.988592;62.988590;43.610291;1.431529;11.416672[0m
[1;31mE (71690) CSV: 270.000002;332.988592;62.988590;43.610291;1.431529;11.416672[0m
[1;31mE (71710) CSV: 270.000002;332.988592;62.988590;43.610291;1.431529;11.416672[0m
[1;31mE (71750) CSV: 270.000002;333.462607;63.462605;43.610291;1.431528;11.369113[0m
[1;31mE (71780) CSV: 270.000002;333.462607;63.462605;43.610291;1.431528;11.369113[0m
[1;31mE (71800) CSV: 270.000002;333.462607;63.462605;43.610291;1.431528;11.369113[0m
[1;31mE (71830) CSV: 270.000002;333.896958;63.896955;43.610291;1.431527;11.326558[0m
[1;31mE (71860) CSV: 270.000002;333.896958;63.896955;43.610291;1.431527;11.326558[0m
[1;31mE (71890) CSV: 270.000002;333.896958;63.896955;43.610291;1.431527;11.326558[0m
[1;31mE (71910) CSV: 270.000002;333.896958;63.896955;43.610291;1.431527;11.326558[0m
[1;31mE (71930) CSV: 270.000002;333.896958;63.896955;43.610291;1.431527;11.326558[0m
[1;31mE (71960) CSV: 270.000002;334.290653;64.290650;43.610291;1.431526;11.288820[0m
[1;31mE (71980) CSV: 270.000002;334.290653;64.290650;43.610291;1.431526;11.288820[0m
[1;31mE (72000) CSV: 270.000002;334.290653;64.290650;43.610291;1.431526;11.288820[0m
[1;31mE (72020) CSV: 270.000002;334.290653;64.290650;43.610291;1.431526;11.288820[0m
[1;31mE (72060) CSV: 220.689176;335.536982;114.847806;43.610287;1.431525;11.640450[0m
[1;31mE (72080) CSV: 220.689176;335.536982;114.847806;43.610287;1.431525;11.640450[0m
[1;31mE (72100) CSV: 220.689176;335.536982;114.847806;43.610287;1.431525;11.640450[0m
[1;31mE (72120) CSV: 220.689176;335.536982;114.847806;43.610287;1.431525;11.640450[0m
[1;31mE (72150) CSV: 220.689176;335.536982;114.847806;43.610287;1.431525;11.640450[0m
[1;31mE (72170) CSV: 219.164678;335.925166;116.760488;43.610287;1.431524;11.604946[0m
[1;31mE (72200) CSV: 219.164678;335.925166;116.760488;43.610287;1.431524;11.604946[0m
[1;31mE (72220) CSV: 219.164678;335.925166;116.760488;43.610287;1.431524;11.604946[0m
[1;31mE (72250) CSV: 219.164678;336.359254;117.194576;43.610287;1.431523;11.566127[0m
[1;31mE (72280) CSV: 219.164678;336.359254;117.194576;43.610287;1.431523;11.566127[0m
[1;31mE (72310) CSV: 219.164678;336.359254;117.194576;43.610287;1.431523;11.566127[0m
[1;31mE (72340) CSV: 219.935415;336.796240;116.860825;43.610287;1.431521;11.527976[0m
[1;31mE (72360) CSV: 219.935415;336.796240;116.860825;43.610287;1.431521;11.527976[0m
[1;31mE (72390) CSV: 219.935415;336.796240;116.860825;43.610287;1.431521;11.527976[0m
[1;31mE (72410) CSV: 219.935415;336.796240;116.860825;43.610287;1.431521;11.527976[0m
[1;31mE (72440) CSV: 226.761142;336.796240;110.035099;43.610287;1.431521;11.527976[0m
[1;31mE (72470) CSV: 226.761142;337.236103;110.474961;43.610287;1.431520;11.490500[0m
[1;31mE (72490) CSV: 226.761142;337.236103;110.474961;43.610287;1.431520;11.490500[0m
[1;31mE (72510) CSV: 226.761142;337.236103;110.474961;43.610287;1.431520;11.490500[0m
[1;31mE (72530) CSV: 226.761142;337.236103;110.474961;43.610287;1.431520;11.490500[0m
[1;31mE (72560) CSV: 231.719019;337.634418;105.915399;43.610287;1.431519;11.457354[0m
[1;31mE (72580) CSV: 231.719019;337.634418;105.915399;43.610287;1.431519;11.457354[0m
[1;31mE (72610) CSV: 231.719019;337.634418;105.915399;43.610287;1.431519;11.457354[0m
[1;31mE (72640) CSV: 270.000002;338.035026;68.035023;43.610287;1.431518;11.424765[0m
[1;31mE (72660) CSV: 270.000002;338.035026;68.035023;43.610287;1.431518;11.424765[0m
[1;31mE (72680) CSV: 270.000002;338.035026;68.035023;43.610287;1.431518;11.424765[0m
[1;31mE (72700) CSV: 270.000002;338.035026;68.035023;43.610287;1.431518;11.424765[0m
[1;31mE (72720) CSV: 270.000002;338.035026;68.035023;43.610287;1.431518;11.424765[0m
[1;31mE (72750) CSV: 270.000002;338.393029;68.393027;43.610287;1.431517;11.396268[0m
[1;31mE (72790) CSV: 270.000002;338.393029;68.393027;43.610287;1.431517;11.396268[0m
[1;31mE (72810) CSV: 270.000002;338.393029;68.393027;43.610287;1.431517;11.396268[0m
[1;31mE (72840) CSV: 270.000002;338.393029;68.393027;43.610287;1.431517;11.396268[0m
[1;31mE (72860) CSV: 270.000002;338.843036;68.843034;43.610287;1.431516;11.361277[0m
[1;31mE (72890) CSV: 270.000002;338.843036;68.843034;43.610287;1.431516;11.361277[0m
[1;31mE (72910) CSV: 270.000002;338.843036;68.843034;43.610287;1.431516;11.361277[0m
[1;31mE (72940) CSV: 270.000002;338.843036;68.843034;43.610287;1.431516;11.361277[0m
[1;31mE (72970) CSV: 270.000002;338.843036;68.843034;43.610287;1.431516;11.361277[0m
[1;31mE (72990) CSV: 270.000002;339.295796;69.295793;43.610287;1.431515;11.326990[0m
[1;31mE (73010) CSV: 270.000002;339.295796;69.295793;43.610287;1.431515;11.326990[0m
[1;31mE (73030) CSV: 270.000002;339.295796;69.295793;43.610287;1.431515;11.326990[0m
[1;31mE (73050) CSV: 270.000002;339.295796;69.295793;43.610287;1.431515;11.326990[0m
[1;31mE (73090) CSV: 270.000002;339.751276;69.751273;43.610287;1.431514;11.293415[0m
[1;31mE (73110) CSV: 270.000002;339.751276;69.751273;43.610287;1.431514;11.293415[0m
[1;31mE (73140) CSV: 270.000002;340.163506;70.163504;43.610287;1.431512;11.263812[0m
[1;31mE (73160) CSV: 270.000002;340.163506;70.163504;43.610287;1.431512;11.263812[0m
[1;31mE (73180) CSV: 270.000002;340.163506;70.163504;43.610287;1.431512;11.263812[0m
[1;31mE (73200) CSV: 270.000002;340.163506;70.163504;43.610287;1.431512;11.263812[0m
[1;31mE (73220) CSV: 270.000002;340.163506;70.163504;43.610287;1.431512;11.263812[0m
[1;31mE (73260) CSV: 270.000002;340.163506;70.163504;43.610287;1.431512;11.263812[0m
[1;31mE (73280) CSV: 270.000002;340.439523;70.439521;43.610287;1.431512;11.244401[0m
[1;31mE (73310) CSV: 270.000002;340.439523;70.439521;43.610287;1.431512;11.244401[0m
[1;31mE (73330) CSV: 270.000002;340.439523;70.439521;43.610287;1.431512;11.244401[0m
[1;31mE (73360) CSV: 270.000002;340.439523;70.439521;43.610287;1.431512;11.244401[0m
[1;31mE (73390) CSV: 270.000002;340.809019;70.809017;43.610287;1.431511;11.218928[0m
[1;31mE (73420) CSV: 270.000002;340.809019;70.809017;43.610287;1.431511;11.218928[0m
[1;31mE (73450) CSV: 214.168468;341.811239;127.642770;43.610283;1.431510;11.599221[0m
[1;31mE (73470) CSV: 214.168468;341.811239;127.642770;43.610283;1.431510;11.599221[0m
[1;31mE (73490) CSV: 214.168468;341.811239;127.642770;43.610283;1.431510;11.599221[0m
[1;31mE (73510) CSV: 214.168468;341.811239;127.642770;43.610283;1.431510;11.599221[0m
[1;31mE (73540) CSV: 214.168468;341.811239;127.642770;43.610283;1.431510;11.599221[0m
[1;31mE (73570) CSV: 219.164680;342.081893;122.917214;43.610283;1.431509;11.581375[0m
[1;31mE (73590) CSV: 219.164680;342.081893;122.917214;43.610283;1.431509;11.581375[0m
[1;31mE (73610) CSV: 219.164680;342.081893;122.917214;43.610283;1.431509;11.581375[0m
[1;31mE (73640) CSV: 215.906346;342.081893;126.175547;43.610283;1.431509;11.581375[0m
[1;31mE (73660) CSV: 215.906346;342.580242;126.673896;43.610283;1.431508;11.549331[0m
[1;31mE (73690) CSV: 215.906346;342.580242;126.673896;43.610283;1.431508;11.549331[0m
[1;31mE (73710) CSV: 215.906346;342.580242;126.673896;43.610283;1.431508;11.549331[0m
[1;31mE (73740) CSV: 215.906346;342.580242;126.673896;43.610283;1.431508;11.549331[0m
[1;31mE (73760) CSV: 216.747763;342.990018;126.242256;43.610283;1.431507;11.523767[0m
[1;31mE (73780) CSV: 216.747763;342.990018;126.242256;43.610283;1.431507;11.523767[0m
[1;31mE (73820) CSV: 216.747763;342.990018;126.242256;43.610283;1.431507;11.523767[0m
[1;31mE (73850) CSV: 216.747763;342.990018;126.242256;43.610283;1.431507;11.523767[0m
[1;31mE (73870) CSV: 223.540628;343.401596;119.860967;43.610283;1.431506;11.498795[0m
[1;31mE (73890) CSV: 223.540628;343.401596;119.860967;43.610283;1.431506;11.498795[0m
[1;31mE (73920) CSV: 223.540628;343.401596;119.860967;43.610283;1.431506;11.498795[0m
[1;31mE (73950) CSV: 229.088210;343.401596;114.313386;43.610283;1.431506;11.498795[0m
[1;31mE (73980) CSV: 229.088210;343.814943;114.726733;43.610283;1.431505;11.474418[0m
[1;31mE (74000) CSV: 229.088210;343.814943;114.726733;43.610283;1.431505;11.474418[0m
[1;31mE (74020) CSV: 229.088210;343.814943;114.726733;43.610283;1.431505;11.474418[0m
[1;31mE (74050) CSV: 270.000002;344.322503;74.322501;43.610283;1.431503;11.445440[0m
[1;31mE (74070) CSV: 270.000002;344.322503;74.322501;43.610283;1.431503;11.445440[0m
[1;31mE (74090) CSV: 270.000002;344.322503;74.322501;43.610283;1.431503;11.445440[0m
[1;31mE (74110) CSV: 270.000002;344.322503;74.322501;43.610283;1.431503;11.445440[0m
[1;31mE (74140) CSV: 270.000002;344.322503;74.322501;43.610283;1.431503;11.445440[0m
[1;31mE (74170) CSV: 270.000002;344.739668;74.739666;43.610283;1.431502;11.422401[0m
[1;31mE (74190) CSV: 270.000002;344.739668;74.739666;43.610283;1.431502;11.422401[0m
[1;31mE (74210) CSV: 270.000002;344.739668;74.739666;43.610283;1.431502;11.422401[0m
[1;31mE (74240) CSV: 270.000002;344.739668;74.739666;43.610283;1.431502;11.422401[0m
[1;31mE (74260) CSV: 270.000002;345.298471;75.298469;43.610283;1.431501;11.392629[0m
[1;31mE (74290) CSV: 270.000002;345.298471;75.298469;43.610283;1.431501;11.392629[0m
[1;31mE (74320) CSV: 270.000002;345.298471;75.298469;43.610283;1.431501;11.392629[0m
[1;31mE (74340) CSV: 270.000002;345.298471;75.298469;43.610283;1.431501;11.392629[0m
[1;31mE (74370) CSV: 270.000002;345.719465;75.719462;43.610283;1.431500;11.371015[0m
[1;31mE (74390) CSV: 270.000002;345.719465;75.719462;43.610283;1.431500;11.371015[0m
[1;31mE (74430) CSV: 270.000002;345.719465;75.719462;43.610283;1.431500;11.371015[0m
[1;31mE (74460) CSV: 270.000002;345.719465;75.719462;43.610283;1.431500;11.371015[0m
[1;31mE (74480) CSV: 270.000002;346.142039;76.142036;43.610283;1.431499;11.350017[0m
[1;31mE (74500) CSV: 270.000002;346.142039;76.142036;43.610283;1.431499;11.350017[0m
[1;31mE (74520) CSV: 270.000002;346.142039;76.142036;43.610283;1.431499;11.350017[0m
[1;31mE (74550) CSV: 220.689180;347.001365;126.312185;43.610279;1.431498;11.744776[0m
[1;31mE (74570) CSV: 220.689180;347.001365;126.312185;43.610279;1.431498;11.744776[0m
[1;31mE (74600) CSV: 220.689180;347.001365;126.312185;43.610279;1.431498;11.744776[0m
[1;31mE (74630) CSV: 220.689180;347.001365;126.312185;43.610279;1.431498;11.744776[0m
[1;31mE (74650) CSV: 218.376677;347.412628;129.035951;43.610279;1.431497;11.725649[0m
[1;31mE (74670) CSV: 218.376677;347.412628;129.035951;43.610279;1.431497;11.725649[0m
[1;31mE (74690) CSV: 218.376677;347.412628;129.035951;43.610279;1.431497;11.725649[0m
[1;31mE (74710) CSV: 218.376677;347.412628;129.035951;43.610279;1.431497;11.725649[0m
[1;31mE (74750) CSV: 218.376677;347.412628;129.035951;43.610279;1.431497;11.725649[0m
[1;31mE (74770) CSV: 219.164682;347.871137;128.706455;43.610279;1.431496;11.705108[0m
[1;31mE (74790) CSV: 219.164682;347.871137;128.706455;43.610279;1.431496;11.705108[0m
[1;31mE (74820) CSV: 219.164682;347.871137;128.706455;43.610279;1.431496;11.705108[0m
[1;31mE (74850) CSV: 219.164682;347.871137;128.706455;43.610279;1.431496;11.705108[0m
[1;31mE (74880) CSV: 219.935419;348.331228;128.395810;43.610279;1.431494;11.685319[0m
[1;31mE (74900) CSV: 219.935419;348.331228;128.395810;43.610279;1.431494;11.685319[0m
[1;31mE (74940) CSV: 219.935419;348.331228;128.395810;43.610279;1.431494;11.685319[0m
[1;31mE (74960) CSV: 226.145842;348.746621;122.600778;43.610279;1.431493;11.668155[0m
[1;31mE (74980) CSV: 226.145842;348.746621;122.600778;43.610279;1.431493;11.668155[0m
[1;31mE (75000) CSV: 226.145842;348.746621;122.600778;43.610279;1.431493;11.668155[0m
[1;31mE (75030) CSV: 226.145842;348.746621;122.600778;43.610279;1.431493;11.668155[0m
[1;31mE (75060) CSV: 226.145842;348.746621;122.600778;43.610279;1.431493;11.668155[0m
[1;31mE (75080) CSV: 232.211159;349.255952;117.044793;43.610279;1.431492;11.648013[0m
[1;31mE (75100) CSV: 232.211159;349.255952;117.044793;43.610279;1.431492;11.648013[0m
[1;31mE (75120) CSV: 232.211159;349.255952;117.044793;43.610279;1.431492;11.648013[0m
[1;31mE (75150) CSV: 270.000002;349.767006;79.767004;43.610279;1.431491;11.628794[0m
[1;31mE (75180) CSV: 270.000002;349.767006;79.767004;43.610279;1.431491;11.628794[0m
[1;31mE (75200) CSV: 270.000002;349.767006;79.767004;43.610279;1.431491;11.628794[0m
[1;31mE (75220) CSV: 270.000002;349.767006;79.767004;43.610279;1.431491;11.628794[0m
[1;31mE (75240) CSV: 270.000002;349.767006;79.767004;43.610279;1.431491;11.628794[0m
[1;31mE (75270) CSV: 270.000002;349.767006;79.767004;43.610279;1.431491;11.628794[0m
[1;31mE (75290) CSV: 270.000002;350.139724;80.139721;43.610279;1.431490;11.615400[0m
[1;31mE (75330) CSV: 270.000002;350.139724;80.139721;43.610279;1.431490;11.615400[0m
[1;31mE (75360) CSV: 270.000002;350.560039;80.560036;43.610279;1.431489;11.600920[0m
[1;31mE (75380) CSV: 270.000002;350.560039;80.560036;43.610279;1.431489;11.600920[0m
[1;31mE (75400) CSV: 270.000002;350.560039;80.560036;43.610279;1.431489;11.600920[0m
[1;31mE (75440) CSV: 270.000002;350.560039;80.560036;43.610279;1.431489;11.600920[0m
[1;31mE (75460) CSV: 213.271631;351.434567;138.162936;43.610275;1.431487;12.001859[0m
[1;31mE (75490) CSV: 213.271631;351.434567;138.162936;43.610275;1.431487;12.001859[0m
[1;31mE (75510) CSV: 213.271631;351.434567;138.162936;43.610275;1.431487;12.001859[0m
[1;31mE (75540) CSV: 213.271631;351.434567;138.162936;43.610275;1.431487;12.001859[0m
[1;31mE (75560) CSV: 215.046652;351.888167;136.841515;43.610275;1.431486;11.987940[0m
[1;31mE (75580) CSV: 215.046652;351.888167;136.841515;43.610275;1.431486;11.987940[0m
[1;31mE (75600) CSV: 215.046652;351.888167;136.841515;43.610275;1.431486;11.987940[0m
[1;31mE (75630) CSV: 215.046652;351.888167;136.841515;43.610275;1.431486;11.987940[0m
[1;31mE (75660) CSV: 215.046652;351.888167;136.841515;43.610275;1.431486;11.987940[0m
[1;31mE (75680) CSV: 215.046652;352.297286;137.250633;43.610275;1.431485;11.976057[0m
[1;31mE (75700) CSV: 215.046652;352.297286;137.250633;43.610275;1.431485;11.976057[0m
[1;31mE (75720) CSV: 215.046652;352.297286;137.250633;43.610275;1.431485;11.976057[0m
[1;31mE (75740) CSV: 215.046652;352.297286;137.250633;43.610275;1.431485;11.976057[0m
[1;31mE (75780) CSV: 221.426268;352.661613;131.235345;43.610275;1.431484;11.966008[0m
[1;31mE (75800) CSV: 221.426268;352.661613;131.235345;43.610275;1.431484;11.966008[0m
[1;31mE (75840) CSV: 227.362710;353.072194;125.709484;43.610275;1.431483;11.955282[0m
[1;31mE (75860) CSV: 227.362710;353.072194;125.709484;43.610275;1.431483;11.955282[0m
[1;31mE (75890) CSV: 227.362710;353.072194;125.709484;43.610275;1.431483;11.955282[0m
[1;31mE (75910) CSV: 227.362710;353.072194;125.709484;43.610275;1.431483;11.955282[0m
[1;31mE (75950) CSV: 227.362710;353.072194;125.709484;43.610275;1.431483;11.955282[0m
[1;31mE (75970) CSV: 232.211160;353.483491;121.272331;43.610275;1.431482;11.945171[0m
[1;31mE (75990) CSV: 232.211160;353.483491;121.272331;43.610275;1.431482;11.945171[0m
[1;31mE (76010) CSV: 232.211160;353.483491;121.272331;43.610275;1.431482;11.945171[0m
[1;31mE (76040) CSV: 270.000002;353.895464;83.895462;43.610275;1.431481;11.935676[0m
[1;31mE (76070) CSV: 270.000002;353.895464;83.895462;43.610275;1.431481;11.935676[0m
[1;31mE (76090) CSV: 270.000002;353.895464;83.895462;43.610275;1.431481;11.935676[0m
[1;31mE (76110) CSV: 270.000002;353.895464;83.895462;43.610275;1.431481;11.935676[0m
[1;31mE (76140) CSV: 270.000002;353.895464;83.895462;43.610275;1.431481;11.935676[0m
[1;31mE (76160) CSV: 270.000002;354.399844;84.399842;43.610275;1.431479;11.924911[0m
[1;31mE (76180) CSV: 270.000002;354.399844;84.399842;43.610275;1.431479;11.924911[0m
[1;31mE (76200) CSV: 270.000002;354.399844;84.399842;43.610275;1.431479;11.924911[0m
[1;31mE (76230) CSV: 270.000002;354.399844;84.399842;43.610275;1.431479;11.924911[0m
[1;31mE (76260) CSV: 270.000002;354.399844;84.399842;43.610275;1.431479;11.924911[0m
[1;31mE (76280) CSV: 270.000002;354.813171;84.813169;43.610275;1.431478;11.916792[0m
[1;31mE (76300) CSV: 270.000002;354.813171;84.813169;43.610275;1.431478;11.916792[0m
[1;31mE (76350) CSV: 270.000002;355.227040;85.227037;43.610275;1.431477;11.909294[0m
[1;31mE (76370) CSV: 270.000002;355.227040;85.227037;43.610275;1.431477;11.909294[0m
[1;31mE (76390) CSV: 270.000002;355.227040;85.227037;43.610275;1.431477;11.909294[0m
[1;31mE (76420) CSV: 270.000002;355.227040;85.227037;43.610275;1.431477;11.909294[0m
[1;31mE (76450) CSV: 270.000002;355.595344;85.595342;43.610275;1.431476;11.903151[0m
[1;31mE (76470) CSV: 270.000002;355.595344;85.595342;43.610275;1.431476;11.903151[0m
[1;31mE (76490) CSV: 270.000002;355.595344;85.595342;43.610275;1.431476;11.903151[0m
[1;31mE (76520) CSV: 270.000002;355.595344;85.595342;43.610275;1.431476;11.903151[0m
[1;31mE (76550) CSV: 270.000002;355.595344;85.595342;43.610275;1.431476;11.903151[0m
[1;31mE (76570) CSV: 270.000002;355.964013;85.964011;43.610275;1.431475;11.897501[0m
[1;31mE (76590) CSV: 270.000002;355.964013;85.964011;43.610275;1.431475;11.897501[0m
[1;31mE (76610) CSV: 270.000002;355.964013;85.964011;43.610275;1.431475;11.897501[0m
[1;31mE (76640) CSV: 270.000002;355.964013;85.964011;43.610275;1.431475;11.897501[0m
[1;31mE (76660) CSV: 270.000002;356.333018;86.333015;43.610275;1.431474;11.892343[0m
[1;31mE (76690) CSV: 270.000002;356.333018;86.333015;43.610275;1.431474;11.892343[0m
[1;31mE (76710) CSV: 270.000002;356.333018;86.333015;43.610275;1.431474;11.892343[0m
[1;31mE (76740) CSV: 270.000002;356.333018;86.333015;43.610275;1.431474;11.892343[0m
[1;31mE (76760) CSV: 270.000003;356.794698;86.794696;43.610275;1.431473;11.886591[0m
[1;31mE (76780) CSV: 270.000003;356.794698;86.794696;43.610275;1.431473;11.886591[0m
[1;31mE (76800) CSV: 270.000003;356.794698;86.794696;43.610275;1.431473;11.886591[0m
[1;31mE (76850) CSV: 270.000002;357.164346;87.164344;43.610275;1.431472;11.882545[0m
[1;31mE (76870) CSV: 270.000002;357.164346;87.164344;43.610275;1.431472;11.882545[0m
[1;31mE (76890) CSV: 270.000002;357.164346;87.164344;43.610275;1.431472;11.882545[0m
[1;31mE (76910) CSV: 270.000002;357.164346;87.164344;43.610275;1.431472;11.882545[0m
[1;31mE (76950) CSV: 270.000002;357.534230;87.534228;43.610275;1.431471;11.878994[0m
[1;31mE (76980) CSV: 270.000002;357.534230;87.534228;43.610275;1.431471;11.878994[0m
[1;31mE (77000) CSV: 270.000002;357.534230;87.534228;43.610275;1.431471;11.878994[0m
[1;31mE (77020) CSV: 270.000002;357.534230;87.534228;43.610275;1.431471;11.878994[0m
[1;31mE (77050) CSV: 270.000002;357.534230;87.534228;43.610275;1.431471;11.878994[0m
[1;31mE (77070) CSV: 270.000002;357.904320;87.904318;43.610275;1.431470;11.875938[0m
[1;31mE (77090) CSV: 270.000002;357.904320;87.904318;43.610275;1.431470;11.875938[0m
[1;31mE (77110) CSV: 270.000002;357.904320;87.904318;43.610275;1.431470;11.875938[0m
[1;31mE (77140) CSV: 270.000002;357.904320;87.904318;43.610275;1.431470;11.875938[0m
[1;31mE (77170) CSV: 216.747768;358.378790;141.631022;43.610271;1.431469;12.297093[0m
[1;31mE (77190) CSV: 216.747768;358.378790;141.631022;43.610271;1.431469;12.297093[0m
[1;31mE (77220) CSV: 218.376680;358.825880;140.449200;43.610271;1.431468;12.294752[0m
[1;31mE (77240) CSV: 218.376680;358.825880;140.449200;43.610271;1.431468;12.294752[0m
[1;31mE (77260) CSV: 218.376680;358.825880;140.449200;43.610271;1.431468;12.294752[0m
[1;31mE (77290) CSV: 218.376680;358.825880;140.449200;43.610271;1.431468;12.294752[0m
[1;31mE (77310) CSV: 218.376680;358.825880;140.449200;43.610271;1.431468;12.294752[0m
[1;31mE (77350) CSV: 212.355984;358.825880;146.469896;43.610271;1.431468;12.294752[0m
[1;31mE (77370) CSV: 212.355984;359.228385;146.872401;43.610271;1.431467;12.293285[0m
[1;31mE (77390) CSV: 212.355984;359.228385;146.872401;43.610271;1.431467;12.293285[0m
[1;31mE (77420) CSV: 212.355984;359.228385;146.872401;43.610271;1.431467;12.293285[0m
[1;31mE (77460) CSV: 212.355984;359.228385;146.872401;43.610271;1.431467;12.293285[0m
[1;31mE (77480) CSV: 220.689183;359.675701;138.986518;43.610271;1.431466;12.292367[0m
[1;31mE (77500) CSV: 220.689183;359.675701;138.986518;43.610271;1.431466;12.292367[0m
[1;31mE (77520) CSV: 220.689183;359.675701;138.986518;43.610271;1.431466;12.292367[0m
[1;31mE (77540) CSV: 220.689183;359.675701;138.986518;43.610271;1.431466;12.292367[0m
[1;31mE (77570) CSV: 226.761149;359.675701;132.914552;43.610271;1.431466;12.292367[0m
[1;31mE (77610) CSV: 226.761149;0.078320;133.317171;43.610271;1.431465;12.292182[0m
[1;31mE (77630) CSV: 231.215939;0.436198;129.220259;43.610271;1.431464;12.292526[0m
[1;31mE (77650) CSV: 231.215939;0.436198;129.220259;43.610271;1.431464;12.292526[0m
[1;31mE (77670) CSV: 231.215939;0.436198;129.220259;43.610271;1.431464;12.292526[0m
[1;31mE (77690) CSV: 231.215939;0.436198;129.220259;43.610271;1.431464;12.292526[0m
[1;31mE (77720) CSV: 270.000002;0.436198;90.436196;43.610271;1.431464;12.292526[0m
[1;31mE (77750) CSV: 270.000002;0.794043;90.794041;43.610271;1.431463;12.293351[0m
[1;31mE (77770) CSV: 270.000002;0.794043;90.794041;43.610271;1.431463;12.293351[0m
[1;31mE (77790) CSV: 270.000002;0.794043;90.794041;43.610271;1.431463;12.293351[0m
[1;31mE (77810) CSV: 270.000002;0.794043;90.794041;43.610271;1.431463;12.293351[0m
[1;31mE (77850) CSV: 270.000003;1.151826;91.151823;43.610271;1.431462;12.294654[0m
[1;31mE (77880) CSV: 270.000003;1.151826;91.151823;43.610271;1.431462;12.294654[0m
[1;31mE (77900) CSV: 270.000003;1.151826;91.151823;43.610271;1.431462;12.294654[0m
[1;31mE (77920) CSV: 270.000003;1.151826;91.151823;43.610271;1.431462;12.294654[0m
[1;31mE (77960) CSV: 324.093651;1.563444;37.469793;43.610275;1.431461;11.872415[0m
[1;31mE (77980) CSV: 324.093651;1.563444;37.469793;43.610275;1.431461;11.872415[0m
[1;31mE (78000) CSV: 324.093651;1.563444;37.469793;43.610275;1.431461;11.872415[0m
[1;31mE (78020) CSV: 324.093651;1.563444;37.469793;43.610275;1.431461;11.872415[0m
[1;31mE (78040) CSV: 324.093651;1.563444;37.469793;43.610275;1.431461;11.872415[0m
[1;31mE (78080) CSV: 324.093651;1.933776;37.840124;43.610275;1.431460;11.874758[0m
[1;31mE (78100) CSV: 324.093651;1.933776;37.840124;43.610275;1.431460;11.874758[0m
[1;31mE (78120) CSV: 324.093651;1.933776;37.840124;43.610275;1.431460;11.874758[0m
[1;31mE (78140) CSV: 324.093651;1.933776;37.840124;43.610275;1.431460;11.874758[0m
[1;31mE (78170) CSV: 323.252235;2.350204;39.097969;43.610275;1.431459;11.877986[0m
[1;31mE (78190) CSV: 323.252235;2.350204;39.097969;43.610275;1.431459;11.877986[0m
[1;31mE (78220) CSV: 323.252235;2.350204;39.097969;43.610275;1.431459;11.877986[0m
[1;31mE (78250) CSV: 323.252235;2.720156;39.467921;43.610275;1.431458;11.881383[0m
[1;31mE (78270) CSV: 323.252235;2.720156;39.467921;43.610275;1.431458;11.881383[0m
[1;31mE (78290) CSV: 323.252235;2.720156;39.467921;43.610275;1.431458;11.881383[0m
[1;31mE (78310) CSV: 323.252235;2.720156;39.467921;43.610275;1.431458;11.881383[0m
[1;31mE (78350) CSV: 315.785804;3.182273;47.396469;43.610275;1.431457;11.886324[0m
[1;31mE (78370) CSV: 315.785804;3.182273;47.396469;43.610275;1.431457;11.886324[0m
[1;31mE (78400) CSV: 315.785804;3.182273;47.396469;43.610275;1.431457;11.886324[0m
[1;31mE (78420) CSV: 315.785804;3.182273;47.396469;43.610275;1.431457;11.886324[0m
[1;31mE (78460) CSV: 313.854158;3.320830;49.466672;43.610275;1.431456;11.887957[0m
[1;31mE (78480) CSV: 313.854158;3.320830;49.466672;43.610275;1.431456;11.887957[0m
[1;31mE (78500) CSV: 313.854158;3.320830;49.466672;43.610275;1.431456;11.887957[0m
[1;31mE (78520) CSV: 313.854158;3.320830;49.466672;43.610275;1.431456;11.887957[0m
[1;31mE (78550) CSV: 313.854158;3.320830;49.466672;43.610275;1.431456;11.887957[0m
[1;31mE (78570) CSV: 309.298391;3.690121;54.391729;43.610275;1.431455;11.892652[0m
[1;31mE (78600) CSV: 309.298391;3.690121;54.391729;43.610275;1.431455;11.892652[0m
[1;31mE (78620) CSV: 309.298391;3.690121;54.391729;43.610275;1.431455;11.892652[0m
[1;31mE (78650) CSV: 270.000002;4.013000;94.012998;43.610275;1.431455;11.897165[0m
[1;31mE (78670) CSV: 270.000002;4.013000;94.012998;43.610275;1.431455;11.897165[0m
[1;31mE (78690) CSV: 270.000002;4.013000;94.012998;43.610275;1.431455;11.897165[0m
[1;31mE (78710) CSV: 270.000002;4.013000;94.012998;43.610275;1.431455;11.897165[0m
[1;31mE (78740) CSV: 270.000002;4.013000;94.012998;43.610275;1.431455;11.897165[0m
[1;31mE (78770) CSV: 270.000002;4.427752;94.427750;43.610275;1.431454;11.903522[0m
[1;31mE (78790) CSV: 270.000002;4.427752;94.427750;43.610275;1.431454;11.903522[0m
[1;31mE (78810) CSV: 270.000002;4.427752;94.427750;43.610275;1.431454;11.903522[0m
[1;31mE (78830) CSV: 270.000002;4.427752;94.427750;43.610275;1.431454;11.903522[0m
[1;31mE (78870) CSV: 270.000002;4.842041;94.842038;43.610275;1.431453;11.910502[0m
[1;31mE (78890) CSV: 270.000002;4.842041;94.842038;43.610275;1.431453;11.910502[0m
[1;31mE (78920) CSV: 270.000002;4.842041;94.842038;43.610275;1.431453;11.910502[0m
[1;31mE (78950) CSV: 270.000002;4.842041;94.842038;43.610275;1.431453;11.910502[0m
[1;31mE (78980) CSV: 270.000002;5.163917;95.163914;43.610275;1.431452;11.916360[0m
[1;31mE (79000) CSV: 270.000002;5.163917;95.163914;43.610275;1.431452;11.916360[0m
[1;31mE (79020) CSV: 270.000002;5.163917;95.163914;43.610275;1.431452;11.916360[0m
[1;31mE (79050) CSV: 270.000002;5.393629;95.393627;43.610275;1.431451;11.920775[0m
[1;31mE (79070) CSV: 270.000002;5.393629;95.393627;43.610275;1.431451;11.920775[0m
[1;31mE (79090) CSV: 270.000002;5.393629;95.393627;43.610275;1.431451;11.920775[0m
[1;31mE (79120) CSV: 270.000002;5.393629;95.393627;43.610275;1.431451;11.920775[0m
[1;31mE (79150) CSV: 322.428876;5.782625;43.353749;43.610279;1.431451;11.502352[0m
[1;31mE (79170) CSV: 322.428876;5.782625;43.353749;43.610279;1.431451;11.502352[0m
[1;31mE (79190) CSV: 322.428876;5.782625;43.353749;43.610279;1.431451;11.502352[0m
[1;31mE (79220) CSV: 322.428876;5.782625;43.353749;43.610279;1.431451;11.502352[0m
[1;31mE (79240) CSV: 327.644020;5.925282;38.281262;43.610279;1.431450;11.505289[0m
[1;31mE (79260) CSV: 327.644020;5.925282;38.281262;43.610279;1.431450;11.505289[0m
[1;31mE (79290) CSV: 327.644020;5.925282;38.281262;43.610279;1.431450;11.505289[0m
[1;31mE (79310) CSV: 327.644020;5.925282;38.281262;43.610279;1.431450;11.505289[0m
[1;31mE (79330) CSV: 327.644020;5.925282;38.281262;43.610279;1.431450;11.505289[0m
[1;31mE (79360) CSV: 324.953350;6.067865;41.114515;43.610279;1.431450;11.508297[0m
[1;31mE (79390) CSV: 324.953350;6.067865;41.114515;43.610279;1.431450;11.508297[0m
[1;31mE (79420) CSV: 324.953350;6.067865;41.114515;43.610279;1.431450;11.508297[0m
[1;31mE (79450) CSV: 324.953350;6.067865;41.114515;43.610279;1.431450;11.508297[0m
[1;31mE (79480) CSV: 323.252236;6.162879;42.910642;43.610279;1.431450;11.510342[0m
[1;31mE (79510) CSV: 323.252236;6.162879;42.910642;43.610279;1.431450;11.510342[0m
[1;31mE (79530) CSV: 350.999940;6.496718;15.496778;43.610283;1.431449;11.090867[0m
[1;31mE (79550) CSV: 350.999940;6.496718;15.496778;43.610283;1.431449;11.090867[0m
[1;31mE (79570) CSV: 350.999940;6.496718;15.496778;43.610283;1.431449;11.090867[0m
[1;31mE (79590) CSV: 350.999940;6.496718;15.496778;43.610283;1.431449;11.090867[0m
[1;31mE (79620) CSV: 350.368730;6.496718;16.127988;43.610283;1.431449;11.090867[0m
[1;31mE (79650) CSV: 350.368730;6.545976;16.177246;43.610283;1.431449;11.091957[0m
[1;31mE (79670) CSV: 350.368730;6.545976;16.177246;43.610283;1.431449;11.091957[0m
[1;31mE (79690) CSV: 350.368730;6.545976;16.177246;43.610283;1.431449;11.091957[0m
[1;31mE (79710) CSV: 350.368730;6.545976;16.177246;43.610283;1.431449;11.091957[0m
[1;31mE (79740) CSV: 350.368730;6.545976;16.177246;43.610283;1.431449;11.091957[0m
[1;31mE (79760) CSV: 350.368730;6.545976;16.177246;43.610283;1.431449;11.091957[0m
[1;31mE (79780) CSV: 350.368730;6.545976;16.177246;43.610283;1.431449;11.091957[0m
[1;31mE (79800) CSV: 350.368730;6.545976;16.177246;43.610283;1.431449;11.091957[0m
[1;31mE (79830) CSV: 350.368730;6.545976;16.177246;43.610283;1.431449;11.091957[0m
[1;31mE (79860) CSV: 350.368730;6.545976;16.177246;43.610283;1.431449;11.091957[0m
[1;31mE (79880) CSV: 349.739871;6.595225;16.855353;43.610283;1.431449;11.093055[0m
[1;31mE (79920) CSV: 349.739871;6.595225;16.855353;43.610283;1.431449;11.093055[0m
[1;31mE (79950) CSV: 349.739871;6.595225;16.855353;43.610283;1.431449;11.093055[0m
[1;31mE (79970) CSV: 349.739871;6.595225;16.855353;43.610283;1.431449;11.093055[0m
[1;31mE (80000) CSV: 349.739871;6.595225;16.855353;43.610283;1.431449;11.093055[0m
[1;31mE (80030) CSV: 356.116748;6.959087;10.842339;43.610287;1.431449;10.674107[0m
[1;31mE (80050) CSV: 356.116748;6.959087;10.842339;43.610287;1.431449;10.674107[0m
[1;31mE (80070) CSV: 356.116748;6.959087;10.842339;43.610287;1.431449;10.674107[0m
[1;31mE (80090) CSV: 356.116748;6.959087;10.842339;43.610287;1.431449;10.674107[0m
[1;31mE (80120) CSV: 356.116748;6.959087;10.842339;43.610287;1.431449;10.674107[0m
[1;31mE (80140) CSV: 354.186222;7.112450;12.926228;43.610287;1.431449;10.677634[0m
[1;31mE (80170) CSV: 354.186222;7.112450;12.926228;43.610287;1.431449;10.677634[0m
[1;31mE (80190) CSV: 354.186222;7.112450;12.926228;43.610287;1.431449;10.677634[0m
[1;31mE (80210) CSV: 354.186222;7.112450;12.926228;43.610287;1.431449;10.677634[0m
[1;31mE (80240) CSV: 351.633360;7.112450;15.479089;43.610287;1.431449;10.677634[0m
[1;31mE (80260) CSV: 351.633360;7.316774;15.683413;43.610287;1.431448;10.682456[0m
[1;31mE (80280) CSV: 351.633360;7.316774;15.683413;43.610287;1.431448;10.682456[0m
[1;31mE (80300) CSV: 351.633360;7.316774;15.683413;43.610287;1.431448;10.682456[0m
[1;31mE (80320) CSV: 351.633360;7.316774;15.683413;43.610287;1.431448;10.682456[0m
[1;31mE (80360) CSV: 351.633360;7.316774;15.683413;43.610287;1.431448;10.682456[0m
[1;31mE (80380) CSV: 349.113502;7.520911;18.407408;43.610287;1.431448;10.687413[0m
[1;31mE (80400) CSV: 349.113502;7.520911;18.407408;43.610287;1.431448;10.687413[0m
[1;31mE (80430) CSV: 349.113502;7.520911;18.407408;43.610287;1.431448;10.687413[0m
[1;31mE (80470) CSV: 349.113502;7.520911;18.407408;43.610287;1.431448;10.687413[0m
[1;31mE (80490) CSV: 351.633361;7.830741;16.197380;43.610291;1.431448;10.267037[0m
[1;31mE (80530) CSV: 351.633361;7.830741;16.197380;43.610291;1.431448;10.267037[0m
[1;31mE (80550) CSV: 350.999941;7.883795;16.883854;43.610291;1.431448;10.268349[0m
[1;31mE (80570) CSV: 350.999941;7.883795;16.883854;43.610291;1.431448;10.268349[0m
[1;31mE (80590) CSV: 350.999941;7.883795;16.883854;43.610291;1.431448;10.268349[0m
[1;31mE (80610) CSV: 350.999941;7.883795;16.883854;43.610291;1.431448;10.268349[0m
[1;31mE (80640) CSV: 350.368731;7.936835;17.568104;43.610291;1.431447;10.269670[0m
[1;31mE (80660) CSV: 350.368731;7.936835;17.568104;43.610291;1.431447;10.269670[0m
[1;31mE (80690) CSV: 350.368731;7.936835;17.568104;43.610291;1.431447;10.269670[0m
[1;31mE (80710) CSV: 350.368731;7.936835;17.568104;43.610291;1.431447;10.269670[0m
[1;31mE (80740) CSV: 350.368731;7.936835;17.568104;43.610291;1.431447;10.269670[0m
[1;31mE (80760) CSV: 348.489756;8.095873;19.606117;43.610291;1.431447;10.273685[0m
[1;31mE (80780) CSV: 348.489756;8.095873;19.606117;43.610291;1.431447;10.273685[0m
[1;31mE (80800) CSV: 348.489756;8.095873;19.606117;43.610291;1.431447;10.273685[0m
[1;31mE (80820) CSV: 348.489756;8.095873;19.606117;43.610291;1.431447;10.273685[0m
[1;31mE (80850) CSV: 348.489756;8.095873;19.606117;43.610291;1.431447;10.273685[0m
[1;31mE (80880) CSV: 344.809391;8.413569;23.604178;43.610291;1.431446;10.281953[0m
[1;31mE (80900) CSV: 344.809391;8.413569;23.604178;43.610291;1.431446;10.281953[0m
[1;31mE (80930) CSV: 350.999941;8.939367;17.939426;43.610294;1.431446;9.866971[0m
[1;31mE (80970) CSV: 350.999941;8.939367;17.939426;43.610294;1.431446;9.866971[0m
[1;31mE (80990) CSV: 350.999941;8.939367;17.939426;43.610294;1.431446;9.866971[0m
[1;31mE (81020) CSV: 350.999941;8.939367;17.939426;43.610294;1.431446;9.866971[0m
[1;31mE (81050) CSV: 350.368732;8.994413;18.625681;43.610294;1.431446;9.868467[0m
[1;31mE (81070) CSV: 350.368732;8.994413;18.625681;43.610294;1.431446;9.868467[0m
[1;31mE (81090) CSV: 350.368732;8.994413;18.625681;43.610294;1.431446;9.868467[0m
[1;31mE (81110) CSV: 350.368732;8.994413;18.625681;43.610294;1.431446;9.868467[0m
[1;31mE (81140) CSV: 348.489757;9.159451;20.669694;43.610294;1.431445;9.873010[0m
[1;31mE (81160) CSV: 348.489757;9.159451;20.669694;43.610294;1.431445;9.873010[0m
[1;31mE (81180) CSV: 348.489757;9.159451;20.669694;43.610294;1.431445;9.873010[0m
[1;31mE (81200) CSV: 348.489757;9.159451;20.669694;43.610294;1.431445;9.873010[0m
[1;31mE (81230) CSV: 348.489757;9.159451;20.669694;43.610294;1.431445;9.873010[0m
[1;31mE (81260) CSV: 346.635539;9.324336;22.688797;43.610294;1.431445;9.877634[0m
[1;31mE (81280) CSV: 346.635539;9.324336;22.688797;43.610294;1.431445;9.877634[0m
[1;31mE (81300) CSV: 346.635539;9.324336;22.688797;43.610294;1.431445;9.877634[0m
[1;31mE (81320) CSV: 346.635539;9.324336;22.688797;43.610294;1.431445;9.877634[0m
[1;31mE (81350) CSV: 346.635539;9.324336;22.688797;43.610294;1.431445;9.877634[0m
[1;31mE (81370) CSV: 349.739874;10.084032;20.344158;43.610298;1.431444;9.469226[0m
[1;31mE (81390) CSV: 349.739874;10.084032;20.344158;43.610298;1.431444;9.469226[0m
[1;31mE (81420) CSV: 349.739874;10.084032;20.344158;43.610298;1.431444;9.469226[0m
[1;31mE (81450) CSV: 348.489757;10.198342;21.708584;43.610298;1.431444;9.472606[0m
[1;31mE (81490) CSV: 348.489757;10.198342;21.708584;43.610298;1.431444;9.472606[0m
[1;31mE (81510) CSV: 348.489757;10.198342;21.708584;43.610298;1.431444;9.472606[0m
[1;31mE (81530) CSV: 348.489757;10.198342;21.708584;43.610298;1.431444;9.472606[0m
[1;31mE (81570) CSV: 346.023550;10.426715;24.403164;43.610298;1.431444;9.479478[0m
[1;31mE (81590) CSV: 346.023550;10.426715;24.403164;43.610298;1.431444;9.479478[0m
[1;31mE (81610) CSV: 346.023550;10.426715;24.403164;43.610298;1.431444;9.479478[0m
[1;31mE (81640) CSV: 344.809393;10.426715;25.617322;43.610298;1.431444;9.479478[0m
[1;31mE (81660) CSV: 344.809393;10.540776;25.731384;43.610298;1.431443;9.482971[0m
[1;31mE (81680) CSV: 344.809393;10.540776;25.731384;43.610298;1.431443;9.482971[0m
[1;31mE (81700) CSV: 344.809393;10.540776;25.731384;43.610298;1.431443;9.482971[0m
[1;31mE (81720) CSV: 344.809393;10.540776;25.731384;43.610298;1.431443;9.482971[0m
[1;31mE (81760) CSV: 344.809393;10.540776;25.731384;43.610298;1.431443;9.482971[0m
[1;31mE (81780) CSV: 350.368733;11.090686;20.721953;43.610302;1.431443;9.068127[0m
[1;31mE (81800) CSV: 350.368733;11.090686;20.721953;43.610302;1.431443;9.068127[0m
[1;31mE (81820) CSV: 350.368733;11.090686;20.721953;43.610302;1.431443;9.068127[0m
[1;31mE (81850) CSV: 350.368733;11.090686;20.721953;43.610302;1.431443;9.068127[0m
[1;31mE (81870) CSV: 349.739875;11.150182;21.410308;43.610302;1.431443;9.069979[0m
[1;31mE (81900) CSV: 349.739875;11.150182;21.410308;43.610302;1.431443;9.069979[0m
[1;31mE (81930) CSV: 349.113505;11.209655;22.096149;43.610302;1.431443;9.071839[0m
[1;31mE (81950) CSV: 349.113505;11.209655;22.096149;43.610302;1.431443;9.071839[0m
[1;31mE (81970) CSV: 349.113505;11.209655;22.096149;43.610302;1.431443;9.071839[0m
[1;31mE (82010) CSV: 349.113505;11.209655;22.096149;43.610302;1.431443;9.071839[0m
[1;31mE (82040) CSV: 346.635540;11.447297;24.811757;43.610302;1.431443;9.079381[0m
[1;31mE (82060) CSV: 346.635540;11.447297;24.811757;43.610302;1.431443;9.079381[0m
[1;31mE (82090) CSV: 346.635540;11.447297;24.811757;43.610302;1.431443;9.079381[0m
[1;31mE (82110) CSV: 346.635540;11.447297;24.811757;43.610302;1.431443;9.079381[0m
[1;31mE (82140) CSV: 346.635540;11.447297;24.811757;43.610302;1.431443;9.079381[0m
[1;31mE (82160) CSV: 354.186224;12.128127;17.941903;43.610306;1.431442;8.668065[0m
[1;31mE (82180) CSV: 354.186224;12.128127;17.941903;43.610306;1.431442;8.668065[0m
[1;31mE (82200) CSV: 354.186224;12.128127;17.941903;43.610306;1.431442;8.668065[0m
[1;31mE (82220) CSV: 354.186224;12.128127;17.941903;43.610306;1.431442;8.668065[0m
[1;31mE (82250) CSV: 354.186224;12.128127;17.941903;43.610306;1.431442;8.668065[0m
[1;31mE (82280) CSV: 354.828479;12.066089;17.237609;43.610306;1.431442;8.666054[0m
[1;31mE (82300) CSV: 354.828479;12.066089;17.237609;43.610306;1.431442;8.666054[0m
[1;31mE (82320) CSV: 354.828479;12.066089;17.237609;43.610306;1.431442;8.666054[0m
[1;31mE (82350) CSV: 353.545431;12.190137;18.644706;43.610306;1.431442;8.670086[0m
[1;31mE (82370) CSV: 353.545431;12.190137;18.644706;43.610306;1.431442;8.670086[0m
[1;31mE (82390) CSV: 353.545431;12.190137;18.644706;43.610306;1.431442;8.670086[0m
[1;31mE (82410) CSV: 353.545431;12.190137;18.644706;43.610306;1.431442;8.670086[0m
[1;31mE (82450) CSV: 352.906255;12.190137;19.283881;43.610306;1.431442;8.670086[0m
[1;31mE (82470) CSV: 352.906255;12.252117;19.345862;43.610306;1.431442;8.672118[0m
[1;31mE (82490) CSV: 352.906255;12.252117;19.345862;43.610306;1.431442;8.672118[0m
[1;31mE (82540) CSV: 352.906255;12.252117;19.345862;43.610306;1.431442;8.672118[0m
[1;31mE (82560) CSV: 350.999943;12.437883;21.437940;43.610306;1.431442;8.678274[0m
[1;31mE (82590) CSV: 350.999943;12.437883;21.437940;43.610306;1.431442;8.678274[0m
[1;31mE (82610) CSV: 350.999943;12.437883;21.437940;43.610306;1.431442;8.678274[0m
[1;31mE (82630) CSV: 350.999943;12.437883;21.437940;43.610306;1.431442;8.678274[0m
[1;31mE (82660) CSV: 350.999943;12.437883;21.437940;43.610306;1.431442;8.678274[0m
[1;31mE (82680) CSV: 352.906256;13.330242;20.423987;43.610310;1.431441;8.273326[0m
[1;31mE (82710) CSV: 352.906256;13.330242;20.423987;43.610310;1.431441;8.273326[0m
[1;31mE (82730) CSV: 349.739876;13.653187;23.913311;43.610310;1.431441;8.284522[0m
[1;31mE (82750) CSV: 349.739876;13.653187;23.913311;43.610310;1.431441;8.284522[0m
[1;31mE (82780) CSV: 349.739876;13.653187;23.913311;43.610310;1.431441;8.284522[0m
[1;31mE (82800) CSV: 349.739876;13.653187;23.913311;43.610310;1.431441;8.284522[0m
[1;31mE (82820) CSV: 349.739876;13.653187;23.913311;43.610310;1.431441;8.284522[0m
[1;31mE (82850) CSV: 347.868766;13.846531;25.977765;43.610310;1.431440;8.291366[0m
[1;31mE (82870) CSV: 347.868766;13.846531;25.977765;43.610310;1.431440;8.291366[0m
[1;31mE (82890) CSV: 347.868766;13.846531;25.977765;43.610310;1.431440;8.291366[0m
[1;31mE (82910) CSV: 347.868766;13.846531;25.977765;43.610310;1.431440;8.291366[0m
[1;31mE (82950) CSV: 347.868766;13.846531;25.977765;43.610310;1.431440;8.291366[0m
[1;31mE (82970) CSV: 346.635542;13.975249;27.339707;43.610310;1.431440;8.295981[0m
[1;31mE (82990) CSV: 346.635542;13.975249;27.339707;43.610310;1.431440;8.295981[0m
[1;31mE (83040) CSV: 349.113507;13.975249;24.861742;43.610310;1.431440;8.295981[0m
[1;31mE (83060) CSV: 349.113507;14.921801;25.808294;43.610313;1.431440;7.892392[0m
[1;31mE (83080) CSV: 349.113507;14.921801;25.808294;43.610313;1.431440;7.892392[0m
[1;31mE (83110) CSV: 349.113507;14.921801;25.808294;43.610313;1.431440;7.892392[0m
[1;31mE (83130) CSV: 349.113507;14.921801;25.808294;43.610313;1.431440;7.892392[0m
[1;31mE (83160) CSV: 349.113507;14.921801;25.808294;43.610313;1.431440;7.892392[0m
[1;31mE (83180) CSV: 347.250653;15.123586;27.872933;43.610313;1.431439;7.899855[0m
[1;31mE (83210) CSV: 347.250653;15.123586;27.872933;43.610313;1.431439;7.899855[0m
[1;31mE (83230) CSV: 344.809396;15.392036;30.582640;43.610313;1.431439;7.909958[0m
[1;31mE (83250) CSV: 344.809396;15.392036;30.582640;43.610313;1.431439;7.909958[0m
[1;31mE (83280) CSV: 344.809396;15.392036;30.582640;43.610313;1.431439;7.909958[0m
[1;31mE (83300) CSV: 344.809396;15.392036;30.582640;43.610313;1.431439;7.909958[0m
[1;31mE (83320) CSV: 344.809396;15.392036;30.582640;43.610313;1.431439;7.909958[0m
[1;31mE (83350) CSV: 345.414801;15.324988;29.910187;43.610313;1.431439;7.907416[0m
[1;31mE (83370) CSV: 345.414801;15.324988;29.910187;43.610313;1.431439;7.907416[0m
[1;31mE (83390) CSV: 345.414801;15.324988;29.910187;43.610313;1.431439;7.907416[0m
[1;31mE (83410) CSV: 345.414801;15.324988;29.910187;43.610313;1.431439;7.907416[0m
[1;31mE (83440) CSV: 345.414801;15.324988;29.910187;43.610313;1.431439;7.907416[0m
[1;31mE (83470) CSV: 356.116750;15.970053;19.853303;43.610317;1.431439;7.491188[0m
[1;31mE (83490) CSV: 356.116750;15.970053;19.853303;43.610317;1.431439;7.491188[0m
[1;31mE (83510) CSV: 356.116750;15.970053;19.853303;43.610317;1.431439;7.491188[0m
[1;31mE (83560) CSV: 357.408963;15.828807;18.419844;43.610317;1.431440;7.485930[0m
[1;31mE (83580) CSV: 357.408963;15.828807;18.419844;43.610317;1.431440;7.485930[0m
[1;31mE (83600) CSV: 357.408963;15.828807;18.419844;43.610317;1.431440;7.485930[0m
[1;31mE (83630) CSV: 357.408963;15.828807;18.419844;43.610317;1.431440;7.485930[0m
[1;31mE (83650) CSV: 357.408963;15.828807;18.419844;43.610317;1.431440;7.485930[0m
[1;31mE (83680) CSV: 356.116750;15.970053;19.853303;43.610317;1.431439;7.491188[0m
[1;31mE (83700) CSV: 356.116750;15.970053;19.853303;43.610317;1.431439;7.491188[0m
[1;31mE (83730) CSV: 353.545432;16.251946;22.706514;43.610317;1.431439;7.501842[0m
[1;31mE (83750) CSV: 353.545432;16.251946;22.706514;43.610317;1.431439;7.501842[0m
[1;31mE (83770) CSV: 353.545432;16.251946;22.706514;43.610317;1.431439;7.501842[0m
[1;31mE (83800) CSV: 353.545432;16.251946;22.706514;43.610317;1.431439;7.501842[0m
[1;31mE (83820) CSV: 353.545432;16.251946;22.706514;43.610317;1.431439;7.501842[0m
[1;31mE (83850) CSV: 353.545432;16.251946;22.706514;43.610317;1.431439;7.501842[0m
[1;31mE (83870) CSV: 358.703819;17.284555;18.580736;43.610321;1.431439;7.098455[0m
[1;31mE (83890) CSV: 358.703819;17.284555;18.580736;43.610321;1.431439;7.098455[0m
[1;31mE (83910) CSV: 358.703819;17.284555;18.580736;43.610321;1.431439;7.098455[0m
[1;31mE (83940) CSV: 358.056143;17.358494;19.302351;43.610321;1.431439;7.101313[0m
[1;31mE (83960) CSV: 358.056143;17.358494;19.302351;43.610321;1.431439;7.101313[0m
[1;31mE (83990) CSV: 358.056143;17.358494;19.302351;43.610321;1.431439;7.101313[0m
[1;31mE (84010) CSV: 358.056143;17.358494;19.302351;43.610321;1.431439;7.101313[0m
[1;31mE (84040) CSV: 358.056143;17.358494;19.302351;43.610321;1.431439;7.101313[0m
[1;31mE (84080) CSV: 358.703819;17.284555;18.580736;43.610321;1.431439;7.098455[0m
[1;31mE (84100) CSV: 358.703819;17.284555;18.580736;43.610321;1.431439;7.098455[0m
[1;31mE (84120) CSV: 358.703819;17.284555;18.580736;43.610321;1.431439;7.098455[0m
[1;31mE (84160) CSV: 358.056143;17.358494;19.302351;43.610321;1.431439;7.101313[0m
[1;31mE (84180) CSV: 358.056143;17.358494;19.302351;43.610321;1.431439;7.101313[0m
[1;31mE (84200) CSV: 358.056143;17.358494;19.302351;43.610321;1.431439;7.101313[0m
[1;31mE (84220) CSV: 358.056143;17.358494;19.302351;43.610321;1.431439;7.101313[0m
[1;31mE (84250) CSV: 358.056143;17.358494;19.302351;43.610321;1.431439;7.101313[0m
[1;31mE (84270) CSV: 357.408963;18.596798;21.187834;43.610325;1.431438;6.703749[0m
[1;31mE (84290) CSV: 357.408963;18.596798;21.187834;43.610325;1.431438;6.703749[0m
[1;31mE (84320) CSV: 357.408963;18.596798;21.187834;43.610325;1.431438;6.703749[0m
[1;31mE (84350) CSV: 357.408963;18.596798;21.187834;43.610325;1.431438;6.703749[0m
[1;31mE (84370) CSV: 357.408963;18.596798;21.187834;43.610325;1.431438;6.703749[0m
[1;31mE (84390) CSV: 357.408963;18.596798;21.187834;43.610325;1.431438;6.703749[0m
[1;31mE (84410) CSV: 357.408963;18.596798;21.187834;43.610325;1.431438;6.703749[0m
[1;31mE (84430) CSV: 357.408963;18.596798;21.187834;43.610325;1.431438;6.703749[0m
[1;31mE (84460) CSV: 356.116750;18.596798;22.480048;43.610325;1.431438;6.703749[0m
[1;31mE (84480) CSV: 356.116750;18.752147;22.635397;43.610325;1.431438;6.709895[0m
[1;31mE (84510) CSV: 356.116750;18.752147;22.635397;43.610325;1.431438;6.709895[0m
[1;31mE (84530) CSV: 356.116750;18.752147;22.635397;43.610325;1.431438;6.709895[0m
[1;31mE (84560) CSV: 356.116750;18.752147;22.635397;43.610325;1.431438;6.709895[0m
[1;31mE (84610) CSV: 357.408963;19.990485;22.581522;43.610329;1.431438;6.309710[0m
[1;31mE (84630) CSV: 354.828481;20.317404;25.488923;43.610329;1.431438;6.322937[0m
[1;31mE (84650) CSV: 354.828481;20.317404;25.488923;43.610329;1.431438;6.322937[0m
[1;31mE (84680) CSV: 354.828481;20.317404;25.488923;43.610329;1.431438;6.322937[0m
[1;31mE (84700) CSV: 354.828481;20.317404;25.488923;43.610329;1.431438;6.322937[0m
[1;31mE (84730) CSV: 353.545433;20.317404;26.771971;43.610329;1.431438;6.322937[0m
[1;31mE (84750) CSV: 353.545433;20.480349;26.934915;43.610329;1.431437;6.329627[0m
[1;31mE (84770) CSV: 353.545433;20.480349;26.934915;43.610329;1.431437;6.329627[0m
[1;31mE (84790) CSV: 353.545433;20.480349;26.934915;43.610329;1.431437;6.329627[0m
[1;31mE (84810) CSV: 353.545433;20.480349;26.934915;43.610329;1.431437;6.329627[0m
[1;31mE (84830) CSV: 353.545433;20.480349;26.934915;43.610329;1.431437;6.329627[0m
[1;31mE (84870) CSV: 350.999947;20.805200;29.805253;43.610329;1.431437;6.343162[0m
[1;31mE (84890) CSV: 350.999947;20.805200;29.805253;43.610329;1.431437;6.343162[0m
[1;31mE (84910) CSV: 350.999947;20.805200;29.805253;43.610329;1.431437;6.343162[0m
[1;31mE (84930) CSV: 350.999947;20.805200;29.805253;43.610329;1.431437;6.343162[0m
[1;31mE (84960) CSV: 350.999947;22.597911;31.597964;43.610332;1.431437;5.963200[0m
[1;31mE (84980) CSV: 350.999947;22.597911;31.597964;43.610332;1.431437;5.963200[0m
[1;31mE (85000) CSV: 350.999947;22.597911;31.597964;43.610332;1.431437;5.963200[0m
[1;31mE (85030) CSV: 350.999947;22.597911;31.597964;43.610332;1.431437;5.963200[0m
[1;31mE (85050) CSV: 350.999947;22.597911;31.597964;43.610332;1.431437;5.963200[0m
[1;31mE (85100) CSV: 349.113510;22.852844;33.739334;43.610332;1.431436;5.974323[0m
[1;31mE (85130) CSV: 349.113510;22.852844;33.739334;43.610332;1.431436;5.974323[0m
[1;31mE (85150) CSV: 346.635547;23.191272;36.555725;43.610332;1.431436;5.989337[0m
[1;31mE (85180) CSV: 346.635547;23.191272;36.555725;43.610332;1.431436;5.989337[0m
[1;31mE (85200) CSV: 346.635547;23.191272;36.555725;43.610332;1.431436;5.989337[0m
[1;31mE (85220) CSV: 346.635547;23.191272;36.555725;43.610332;1.431436;5.989337[0m
[1;31mE (85250) CSV: 345.414806;23.191272;37.776466;43.610332;1.431436;5.989337[0m
[1;31mE (85270) CSV: 345.414806;23.359847;37.945041;43.610332;1.431435;5.996922[0m
[1;31mE (85290) CSV: 345.414806;23.359847;37.945041;43.610332;1.431435;5.996922[0m
[1;31mE (85310) CSV: 345.414806;23.359847;37.945041;43.610332;1.431435;5.996922[0m
[1;31mE (85340) CSV: 352.268853;24.988971;32.720118;43.610336;1.431436;5.605976[0m
[1;31mE (85370) CSV: 352.268853;24.988971;32.720118;43.610336;1.431436;5.605976[0m
[1;31mE (85390) CSV: 352.268853;24.988971;32.720118;43.610336;1.431436;5.605976[0m
[1;31mE (85410) CSV: 352.268853;24.988971;32.720118;43.610336;1.431436;5.605976[0m
[1;31mE (85430) CSV: 352.268853;24.988971;32.720118;43.610336;1.431436;5.605976[0m
[1;31mE (85450) CSV: 352.268853;24.988971;32.720118;43.610336;1.431436;5.605976[0m
[1;31mE (85480) CSV: 351.633367;25.077816;33.444449;43.610336;1.431435;5.610037[0m
[1;31mE (85500) CSV: 351.633367;25.077816;33.444449;43.610336;1.431435;5.610037[0m
[1;31mE (85520) CSV: 351.633367;25.077816;33.444449;43.610336;1.431435;5.610037[0m
[1;31mE (85550) CSV: 351.633367;25.077816;33.444449;43.610336;1.431435;5.610037[0m
[1;31mE (85600) CSV: 351.633367;25.077816;33.444449;43.610336;1.431435;5.610037[0m
[1;31mE (85630) CSV: 352.268853;24.988971;32.720118;43.610336;1.431436;5.605976[0m
[1;31mE (85650) CSV: 352.268853;24.988971;32.720118;43.610336;1.431436;5.605976[0m
[1;31mE (85670) CSV: 352.268853;24.988971;32.720118;43.610336;1.431436;5.605976[0m
[1;31mE (85690) CSV: 352.268853;24.988971;32.720118;43.610336;1.431436;5.605976[0m
[1;31mE (85730) CSV: 352.268853;24.988971;32.720118;43.610336;1.431436;5.605976[0m
[1;31mE (85750) CSV: 3.237555;26.577935;23.340380;43.610340;1.431436;5.207293[0m
[1;31mE (85770) CSV: 3.237555;26.577935;23.340380;43.610340;1.431436;5.207293[0m
[1;31mE (85790) CSV: 3.237555;26.577935;23.340380;43.610340;1.431436;5.207293[0m
[1;31mE (85810) CSV: 3.237555;26.577935;23.340380;43.610340;1.431436;5.207293[0m
[1;31mE (85840) CSV: 3.883249;26.577935;22.694686;43.610340;1.431436;5.207293[0m
[1;31mE (85860) CSV: 3.883249;26.483414;22.600165;43.610340;1.431436;5.203006[0m
[1;31mE (85880) CSV: 3.883249;26.483414;22.600165;43.610340;1.431436;5.203006[0m
[1;31mE (85900) CSV: 3.883249;26.483414;22.600165;43.610340;1.431436;5.203006[0m
[1;31mE (85920) CSV: 3.883249;26.483414;22.600165;43.610340;1.431436;5.203006[0m
[1;31mE (85960) CSV: 3.883249;26.483414;22.600165;43.610340;1.431436;5.203006[0m
[1;31mE (85980) CSV: 358.703819;27.235211;28.531391;43.610340;1.431435;5.237697[0m
[1;31mE (86000) CSV: 358.703819;27.235211;28.531391;43.610340;1.431435;5.237697[0m
[1;31mE (86020) CSV: 358.703819;27.235211;28.531391;43.610340;1.431435;5.237697[0m
[1;31mE (86050) CSV: 358.703819;27.235211;28.531391;43.610340;1.431435;5.237697[0m
[1;31mE (86090) CSV: 358.703819;27.235211;28.531391;43.610340;1.431435;5.237697[0m
[1;31mE (86120) CSV: 358.703819;27.235211;28.531391;43.610340;1.431435;5.237697[0m
[1;31mE (86150) CSV: 357.408964;29.620555;32.211591;43.610344;1.431435;4.869159[0m
[1;31mE (86170) CSV: 357.408964;29.620555;32.211591;43.610344;1.431435;4.869159[0m
[1;31mE (86190) CSV: 357.408964;29.620555;32.211591;43.610344;1.431435;4.869159[0m
[1;31mE (86210) CSV: 357.408964;29.620555;32.211591;43.610344;1.431435;4.869159[0m
[1;31mE (86240) CSV: 356.762446;29.718637;32.956191;43.610344;1.431435;4.873910[0m
[1;31mE (86260) CSV: 356.762446;29.718637;32.956191;43.610344;1.431435;4.873910[0m
[1;31mE (86280) CSV: 356.762446;29.718637;32.956191;43.610344;1.431435;4.873910[0m
[1;31mE (86310) CSV: 356.762446;29.718637;32.956191;43.610344;1.431435;4.873910[0m
[1;31mE (86330) CSV: 356.762446;29.718637;32.956191;43.610344;1.431435;4.873910[0m
[1;31mE (86350) CSV: 356.762446;29.718637;32.956191;43.610344;1.431435;4.873910[0m
[1;31mE (86380) CSV: 356.762446;29.718637;32.956191;43.610344;1.431435;4.873910[0m
[1;31mE (86400) CSV: 356.762446;29.718637;32.956191;43.610344;1.431435;4.873910[0m
[1;31mE (86420) CSV: 356.762446;29.718637;32.956191;43.610344;1.431435;4.873910[0m
[1;31mE (86450) CSV: 356.762446;29.718637;32.956191;43.610344;1.431435;4.873910[0m
[1;31mE (86470) CSV: 356.116752;29.816526;33.699775;43.610344;1.431435;4.878675[0m
[1;31mE (86500) CSV: 356.116752;29.816526;33.699775;43.610344;1.431435;4.878675[0m
[1;31mE (86520) CSV: 356.116752;29.816526;33.699775;43.610344;1.431435;4.878675[0m
[1;31mE (86550) CSV: 358.056144;32.493626;34.437482;43.610348;1.431435;4.515579[0m
[1;31mE (86590) CSV: 358.056144;32.493626;34.437482;43.610348;1.431435;4.515579[0m
[1;31mE (86610) CSV: 358.056144;32.493626;34.437482;43.610348;1.431435;4.515579[0m
[1;31mE (86630) CSV: 358.056144;32.493626;34.437482;43.610348;1.431435;4.515579[0m
[1;31mE (86670) CSV: 357.408964;32.596223;35.187259;43.610348;1.431435;4.520743[0m
[1;31mE (86690) CSV: 357.408964;32.596223;35.187259;43.610348;1.431435;4.520743[0m
[1;31mE (86710) CSV: 357.408964;32.596223;35.187259;43.610348;1.431435;4.520743[0m
[1;31mE (86740) CSV: 356.762446;32.596223;35.833777;43.610348;1.431435;4.520743[0m
[1;31mE (86760) CSV: 356.762446;32.698585;35.936140;43.610348;1.431435;4.525920[0m
[1;31mE (86780) CSV: 356.762446;32.698585;35.936140;43.610348;1.431435;4.525920[0m
[1;31mE (86800) CSV: 356.762446;32.698585;35.936140;43.610348;1.431435;4.525920[0m
[1;31mE (86820) CSV: 356.762446;32.698585;35.936140;43.610348;1.431435;4.525920[0m
[1;31mE (86850) CSV: 356.762446;32.698585;35.936140;43.610348;1.431435;4.525920[0m
[1;31mE (86880) CSV: 357.408964;32.596223;35.187259;43.610348;1.431435;4.520743[0m
[1;31mE (86900) CSV: 357.408964;32.596223;35.187259;43.610348;1.431435;4.520743[0m
[1;31mE (86930) CSV: 357.408964;32.596223;35.187259;43.610348;1.431435;4.520743[0m
[1;31mE (86950) CSV: 0.648173;35.523110;34.874937;43.610352;1.431435;4.158464[0m
[1;31mE (86970) CSV: 0.648173;35.523110;34.874937;43.610352;1.431435;4.158464[0m
[1;31mE (86990) CSV: 0.648173;35.523110;34.874937;43.610352;1.431435;4.158464[0m
[1;31mE (87010) CSV: 0.648173;35.523110;34.874937;43.610352;1.431435;4.158464[0m
[1;31mE (87050) CSV: 358.056144;35.523110;37.466966;43.610352;1.431435;4.158464[0m
[1;31mE (87070) CSV: 358.056144;35.951304;37.895161;43.610352;1.431435;4.180887[0m
[1;31mE (87110) CSV: 358.056144;35.951304;37.895161;43.610352;1.431435;4.180887[0m
[1;31mE (87130) CSV: 358.056144;35.951304;37.895161;43.610352;1.431435;4.180887[0m
[1;31mE (87160) CSV: 357.408964;36.057634;38.648670;43.610352;1.431434;4.186529[0m
[1;31mE (87190) CSV: 357.408964;36.057634;38.648670;43.610352;1.431434;4.186529[0m
[1;31mE (87210) CSV: 357.408964;36.057634;38.648670;43.610352;1.431434;4.186529[0m
[1;31mE (87240) CSV: 357.408964;36.057634;38.648670;43.610352;1.431434;4.186529[0m
[1;31mE (87260) CSV: 355.472044;36.374907;40.902863;43.610352;1.431434;4.203541[0m
[1;31mE (87280) CSV: 355.472044;36.374907;40.902863;43.610352;1.431434;4.203541[0m
[1;31mE (87300) CSV: 355.472044;36.374907;40.902863;43.610352;1.431434;4.203541[0m
[1;31mE (87320) CSV: 355.472044;36.374907;40.902863;43.610352;1.431434;4.203541[0m
[1;31mE (87350) CSV: 354.186229;40.426261;46.240032;43.610355;1.431434;3.888808[0m
[1;31mE (87380) CSV: 354.186229;40.426261;46.240032;43.610355;1.431434;3.888808[0m
[1;31mE (87400) CSV: 354.186229;40.426261;46.240032;43.610355;1.431434;3.888808[0m
[1;31mE (87420) CSV: 354.186229;40.426261;46.240032;43.610355;1.431434;3.888808[0m
[1;31mE (87450) CSV: 354.186229;40.426261;46.240032;43.610355;1.431434;3.888808[0m
[1;31mE (87470) CSV: 352.268856;40.747646;48.478790;43.610355;1.431433;3.907541[0m
[1;31mE (87490) CSV: 352.268856;40.747646;48.478790;43.610355;1.431433;3.907541[0m
[1;31mE (87510) CSV: 352.268856;40.747646;48.478790;43.610355;1.431433;3.907541[0m
[1;31mE (87530) CSV: 352.268856;40.747646;48.478790;43.610355;1.431433;3.907541[0m
[1;31mE (87570) CSV: 351.633370;40.854090;49.220720;43.610355;1.431433;3.913812[0m
[1;31mE (87610) CSV: 351.633370;40.854090;49.220720;43.610355;1.431433;3.913812[0m
[1;31mE (87630) CSV: 351.633370;40.854090;49.220720;43.610355;1.431433;3.913812[0m
[1;31mE (87660) CSV: 351.633370;40.854090;49.220720;43.610355;1.431433;3.913812[0m
[1;31mE (87680) CSV: 350.368741;41.065955;50.697214;43.610355;1.431433;3.926396[0m
[1;31mE (87710) CSV: 350.368741;41.065955;50.697214;43.610355;1.431433;3.926396[0m
[1;31mE (87740) CSV: 350.368741;41.065955;50.697214;43.610355;1.431433;3.926396[0m
[1;31mE (87760) CSV: 352.906262;45.696323;52.790062;43.610359;1.431433;3.631048[0m
[1;31mE (87780) CSV: 352.906262;45.696323;52.790062;43.610359;1.431433;3.631048[0m
[1;31mE (87800) CSV: 352.906262;45.696323;52.790062;43.610359;1.431433;3.631048[0m
[1;31mE (87820) CSV: 352.906262;45.696323;52.790062;43.610359;1.431433;3.631048[0m
[1;31mE (87840) CSV: 352.906262;45.696323;52.790062;43.610359;1.431433;3.631048[0m
[1;31mE (87870) CSV: 351.633370;45.696323;54.062953;43.610359;1.431433;3.631048[0m
[1;31mE (87900) CSV: 351.633370;45.907080;54.273710;43.610359;1.431432;3.644810[0m
[1;31mE (87920) CSV: 351.633370;45.907080;54.273710;43.610359;1.431432;3.644810[0m
[1;31mE (87950) CSV: 350.368742;45.907080;55.538338;43.610359;1.431432;3.644810[0m
[1;31mE (87970) CSV: 350.368742;46.116249;55.747507;43.610359;1.431432;3.658620[0m
[1;31mE (87990) CSV: 350.368742;46.116249;55.747507;43.610359;1.431432;3.658620[0m
[1;31mE (88010) CSV: 350.368742;46.116249;55.747507;43.610359;1.431432;3.658620[0m
[1;31mE (88040) CSV: 349.739884;46.220242;56.480358;43.610359;1.431432;3.665544[0m
[1;31mE (88070) CSV: 349.739884;46.220242;56.480358;43.610359;1.431432;3.665544[0m
[1;31mE (88110) CSV: 349.739884;46.220242;56.480358;43.610359;1.431432;3.665544[0m
[1;31mE (88130) CSV: 349.739884;46.220242;56.480358;43.610359;1.431432;3.665544[0m
[1;31mE (88160) CSV: 354.828484;51.510781;56.682296;43.610363;1.431432;3.393448[0m
[1;31mE (88180) CSV: 354.828484;51.510781;56.682296;43.610363;1.431432;3.393448[0m
[1;31mE (88200) CSV: 354.828484;51.510781;56.682296;43.610363;1.431432;3.393448[0m
[1;31mE (88230) CSV: 354.828484;51.510781;56.682296;43.610363;1.431432;3.393448[0m
[1;31mE (88250) CSV: 354.828484;51.510781;56.682296;43.610363;1.431432;3.393448[0m
[1;31mE (88280) CSV: 351.633371;52.009514;60.376143;43.610363;1.431431;3.431139[0m
[1;31mE (88300) CSV: 351.633371;52.009514;60.376143;43.610363;1.431431;3.431139[0m
[1;31mE (88330) CSV: 351.633371;52.009514;60.376143;43.610363;1.431431;3.431139[0m
[1;31mE (88350) CSV: 348.489770;52.497373;64.007603;43.610363;1.431431;3.469085[0m
[1;31mE (88370) CSV: 348.489770;52.497373;64.007603;43.610363;1.431431;3.469085[0m
[1;31mE (88390) CSV: 348.489770;52.497373;64.007603;43.610363;1.431431;3.469085[0m
[1;31mE (88420) CSV: 348.489770;52.497373;64.007603;43.610363;1.431431;3.469085[0m
[1;31mE (88450) CSV: 347.250664;52.497373;65.246709;43.610363;1.431431;3.469085[0m
[1;31mE (88470) CSV: 347.250664;52.689535;65.438871;43.610363;1.431431;3.484332[0m
[1;31mE (88490) CSV: 347.250664;52.689535;65.438871;43.610363;1.431431;3.484332[0m
[1;31mE (88510) CSV: 347.250664;52.689535;65.438871;43.610363;1.431431;3.484332[0m
[1;31mE (88540) CSV: 347.250664;52.689535;65.438871;43.610363;1.431431;3.484332[0m
[1;31mE (88560) CSV: 344.207457;53.162644;68.955187;43.610363;1.431430;3.522620[0m
[1;31mE (88610) CSV: 344.207457;53.162644;68.955187;43.610363;1.431430;3.522620[0m
[1;31mE (88630) CSV: 344.207457;53.162644;68.955187;43.610363;1.431430;3.522620[0m
[1;31mE (88660) CSV: 344.207457;53.162644;68.955187;43.610363;1.431430;3.522620[0m
[1;31mE (88680) CSV: 346.023566;59.433208;73.409643;43.610367;1.431430;3.318890[0m
[1;31mE (88700) CSV: 346.023566;59.433208;73.409643;43.610367;1.431430;3.318890[0m
[1;31mE (88720) CSV: 346.023566;59.433208;73.409643;43.610367;1.431430;3.318890[0m
[1;31mE (88760) CSV: 343.609064;59.766919;76.157855;43.610367;1.431429;3.352002[0m
[1;31mE (88780) CSV: 343.609064;59.766919;76.157855;43.610367;1.431429;3.352002[0m
[1;31mE (88800) CSV: 343.609064;59.766919;76.157855;43.610367;1.431429;3.352002[0m
[1;31mE (88830) CSV: 342.423330;59.931311;77.507981;43.610367;1.431429;3.368600[0m
[1;31mE (88850) CSV: 342.423330;59.931311;77.507981;43.610367;1.431429;3.368600[0m
[1;31mE (88870) CSV: 342.423330;59.931311;77.507981;43.610367;1.431429;3.368600[0m
[1;31mE (88890) CSV: 342.423330;59.931311;77.507981;43.610367;1.431429;3.368600[0m
[1;31mE (88920) CSV: 342.423330;59.931311;77.507981;43.610367;1.431429;3.368600[0m
[1;31mE (88950) CSV: 342.423330;59.931311;77.507981;43.610367;1.431429;3.368600[0m
[1;31mE (88970) CSV: 325.831570;60.174880;94.343310;43.610367;1.431428;3.393549[0m
[1;31mE (88990) CSV: 325.831570;60.174880;94.343310;43.610367;1.431428;3.393549[0m
[1;31mE (89010) CSV: 325.831570;60.174880;94.343310;43.610367;1.431428;3.393549[0m
[1;31mE (89040) CSV: 350.999953;60.174880;69.174928;43.610367;1.431428;3.393549[0m
[1;31mE (89060) CSV: 350.999953;66.838030;75.838077;43.610371;1.431428;3.212610[0m
[1;31mE (89110) CSV: 350.999953;66.838030;75.838077;43.610371;1.431428;3.212610[0m
[1;31mE (89140) CSV: 350.368744;66.905172;76.536428;43.610371;1.431428;3.221436[0m
[1;31mE (89160) CSV: 350.368744;66.905172;76.536428;43.610371;1.431428;3.221436[0m
[1;31mE (89180) CSV: 350.368744;66.905172;76.536428;43.610371;1.431428;3.221436[0m
[1;31mE (89200) CSV: 350.368744;66.905172;76.536428;43.610371;1.431428;3.221436[0m
[1;31mE (89220) CSV: 350.368744;66.905172;76.536428;43.610371;1.431428;3.221436[0m
[1;31mE (89250) CSV: 349.113517;66.905172;77.791655;43.610371;1.431428;3.221436[0m
[1;31mE (89280) CSV: 349.113517;67.038357;77.924840;43.610371;1.431428;3.239101[0m
[1;31mE (89300) CSV: 349.113517;67.038357;77.924840;43.610371;1.431428;3.239101[0m
[1;31mE (89330) CSV: 349.113517;67.038357;77.924840;43.610371;1.431428;3.239101[0m
[1;31mE (89350) CSV: 349.113517;67.038357;77.924840;43.610371;1.431428;3.239101[0m
[1;31mE (89370) CSV: 349.113517;67.038357;77.924840;43.610371;1.431428;3.239101[0m
[1;31mE (89390) CSV: 349.113517;67.038357;77.924840;43.610371;1.431428;3.239101[0m
[1;31mE (89410) CSV: 349.113517;67.038357;77.924840;43.610371;1.431428;3.239101[0m
[1;31mE (89450) CSV: 357.408965;74.280132;76.871166;43.610374;1.431428;3.098340[0m
[1;31mE (89470) CSV: 357.408965;74.280132;76.871166;43.610374;1.431428;3.098340[0m
[1;31mE (89490) CSV: 357.408965;74.280132;76.871166;43.610374;1.431428;3.098340[0m
[1;31mE (89510) CSV: 357.408965;74.280132;76.871166;43.610374;1.431428;3.098340[0m
[1;31mE (89540) CSV: 357.408965;74.280132;76.871166;43.610374;1.431428;3.098340[0m
[1;31mE (89560) CSV: 355.472046;74.423110;78.951064;43.610374;1.431428;3.126065[0m
[1;31mE (89620) CSV: 352.906263;74.423110;81.516847;43.610374;1.431428;3.126065[0m
[1;31mE (89640) CSV: 352.906263;74.609848;81.703585;43.610374;1.431427;3.163062[0m
[1;31mE (89660) CSV: 352.906263;74.609848;81.703585;43.610374;1.431427;3.163062[0m
[1;31mE (89680) CSV: 352.906263;74.609848;81.703585;43.610374;1.431427;3.163062[0m
[1;31mE (89700) CSV: 352.906263;74.609848;81.703585;43.610374;1.431427;3.163062[0m
[1;31mE (89730) CSV: 352.906263;74.609848;81.703585;43.610374;1.431427;3.163062[0m
[1;31mE (89750) CSV: 349.739887;74.837212;85.097326;43.610374;1.431427;3.209355[0m
[1;31mE (89770) CSV: 349.739887;74.837212;85.097326;43.610374;1.431427;3.209355[0m
[1;31mE (89800) CSV: 349.739887;74.837212;85.097326;43.610374;1.431427;3.209355[0m
[1;31mE (89820) CSV: 349.739887;74.837212;85.097326;43.610374;1.431427;3.209355[0m
[1;31mE (89850) CSV: 349.739887;74.837212;85.097325;43.610374;1.431427;3.209355[0m
[1;31mE (89870) CSV: 349.739887;82.456776;92.716889;43.610378;1.431426;3.163392[0m
[1;31mE (89890) CSV: 349.739887;82.456776;92.716889;43.610378;1.431426;3.163392[0m
[1;31mE (89910) CSV: 349.739887;82.456776;92.716889;43.610378;1.431426;3.163392[0m
[1;31mE (89930) CSV: 349.739887;82.456776;92.716889;43.610378;1.431426;3.163392[0m
[1;31mE (89970) CSV: 348.489772;82.502143;94.012370;43.610378;1.431426;3.182422[0m
[1;31mE (89990) CSV: 348.489772;82.502143;94.012370;43.610378;1.431426;3.182422[0m
[1;31mE (90010) CSV: 348.489772;82.502143;94.012370;43.610378;1.431426;3.182422[0m
[1;31mE (90030) CSV: 348.489772;82.502143;94.012370;43.610378;1.431426;3.182422[0m
[1;31mE (90060) CSV: 348.489772;82.502143;94.012370;43.610378;1.431426;3.182422[0m
[1;31mE (90080) CSV: 347.250667;82.546970;95.296303;43.610378;1.431426;3.201454[0m
[1;31mE (90130) CSV: 347.250667;82.546970;95.296303;43.610378;1.431426;3.201454[0m
[1;31mE (90150) CSV: 347.250667;82.546970;95.296303;43.610378;1.431426;3.201454[0m
[1;31mE (90180) CSV: 352.906264;90.159257;97.252993;43.610382;1.431425;3.203212[0m
[1;31mE (90200) CSV: 352.906264;90.159257;97.252993;43.610382;1.431425;3.203212[0m
[1;31mE (90220) CSV: 352.906264;90.159257;97.252993;43.610382;1.431425;3.203212[0m
[1;31mE (90250) CSV: 351.633374;90.159257;98.525884;43.610382;1.431425;3.203212[0m
[1;31mE (90270) CSV: 351.633374;90.158308;98.524935;43.610382;1.431425;3.222407[0m
[1;31mE (90290) CSV: 351.633374;90.158308;98.524935;43.610382;1.431425;3.222407[0m
[1;31mE (90320) CSV: 351.633374;90.158308;98.524935;43.610382;1.431425;3.222407[0m
[1;31mE (90350) CSV: 349.113519;90.156444;101.042925;43.610382;1.431424;3.260797[0m
[1;31mE (90370) CSV: 349.113519;90.156444;101.042925;43.610382;1.431424;3.260797[0m
[1;31mE (90390) CSV: 349.113519;90.156444;101.042925;43.610382;1.431424;3.260797[0m
[1;31mE (90410) CSV: 349.113519;90.156444;101.042925;43.610382;1.431424;3.260797[0m
[1;31mE (90430) CSV: 349.113519;90.156444;101.042925;43.610382;1.431424;3.260797[0m
[1;31mE (90460) CSV: 348.489774;97.372354;108.882581;43.610386;1.431423;3.375064[0m
[1;31mE (90490) CSV: 348.489774;97.372354;108.882581;43.610386;1.431423;3.375064[0m
[1;31mE (90510) CSV: 348.489774;97.372354;108.882581;43.610386;1.431423;3.375064[0m
[1;31mE (90530) CSV: 348.489774;97.372354;108.882581;43.610386;1.431423;3.375064[0m
[1;31mE (90560) CSV: 348.489774;97.372354;108.882581;43.610386;1.431423;3.375064[0m
[1;31mE (90580) CSV: 344.809414;97.249001;112.439587;43.610386;1.431423;3.432182[0m
[1;31mE (90640) CSV: 344.809414;97.249001;112.439587;43.610386;1.431423;3.432182[0m
[1;31mE (90660) CSV: 324.953398;97.014216;132.060818;43.610386;1.431421;3.546462[0m
[1;31mE (90680) CSV: 324.953398;97.014216;132.060818;43.610386;1.431421;3.546462[0m
[1;31mE (90700) CSV: 324.953398;97.014216;132.060818;43.610386;1.431421;3.546462[0m
[1;31mE (90720) CSV: 324.953398;97.014216;132.060818;43.610386;1.431421;3.546462[0m
[1;31mE (90750) CSV: 327.644066;97.014216;129.370150;43.610386;1.431421;3.546462[0m
[1;31mE (90770) CSV: 327.644066;96.995332;129.351266;43.610386;1.431421;3.555988[0m
[1;31mE (90800) CSV: 327.644066;96.995332;129.351266;43.610386;1.431421;3.555988[0m
[1;31mE (90820) CSV: 327.644066;96.995332;129.351266;43.610386;1.431421;3.555988[0m
[1;31mE (90840) CSV: 327.644066;96.995332;129.351266;43.610386;1.431421;3.555988[0m
[1;31mE (90870) CSV: 322.428925;96.884119;134.455194;43.610386;1.431420;3.613151[0m
[1;31mE (90890) CSV: 322.428925;96.884119;134.455194;43.610386;1.431420;3.613151[0m
[1;31mE (90910) CSV: 322.428925;96.884119;134.455194;43.610386;1.431420;3.613151[0m
[1;31mE (90940) CSV: 324.953400;96.884119;131.930719;43.610386;1.431420;3.613151[0m
[1;31mE (90970) CSV: 324.953400;103.235747;138.282347;43.610390;1.431420;3.744147[0m
[1;31mE (90990) CSV: 324.953400;103.235747;138.282347;43.610390;1.431420;3.744147[0m
[1;31mE (91020) CSV: 325.831580;103.069684;137.238104;43.610390;1.431419;3.790876[0m
[1;31mE (91040) CSV: 325.831580;103.069684;137.238104;43.610390;1.431419;3.790876[0m
[1;31mE (91060) CSV: 325.831580;103.069684;137.238104;43.610390;1.431419;3.790876[0m
[1;31mE (91080) CSV: 325.831580;103.069684;137.238104;43.610390;1.431419;3.790876[0m
[1;31mE (91140) CSV: 325.831580;103.069684;137.238104;43.610390;1.431419;3.790876[0m
[1;31mE (91160) CSV: 324.093703;103.004400;138.910697;43.610390;1.431419;3.809576[0m
[1;31mE (91180) CSV: 324.093703;103.004400;138.910697;43.610390;1.431419;3.809576[0m
[1;31mE (91200) CSV: 324.093703;103.004400;138.910697;43.610390;1.431419;3.809576[0m
[1;31mE (91220) CSV: 324.093703;103.004400;138.910697;43.610390;1.431419;3.809576[0m
[1;31mE (91260) CSV: 320.835371;102.875736;142.040364;43.610390;1.431418;3.846992[0m
[1;31mE (91280) CSV: 320.835371;102.875736;142.040364;43.610390;1.431418;3.846992[0m
[1;31mE (91300) CSV: 320.835371;102.875736;142.040364;43.610390;1.431418;3.846992[0m
[1;31mE (91320) CSV: 320.835371;102.875736;142.040364;43.610390;1.431418;3.846992[0m
[1;31mE (91350) CSV: 346.635560;102.875736;116.240176;43.610390;1.431418;3.846992[0m
[1;31mE (91370) CSV: 346.635560;108.686977;122.051417;43.610394;1.431418;3.999493[0m
[1;31mE (91390) CSV: 346.635560;108.686977;122.051417;43.610394;1.431418;3.999493[0m
[1;31mE (91410) CSV: 346.635560;108.686977;122.051417;43.610394;1.431418;3.999493[0m
[1;31mE (91450) CSV: 343.609070;108.686977;125.077906;43.610394;1.431418;3.999493[0m
[1;31mE (91470) CSV: 343.609070;108.469191;124.860121;43.610394;1.431417;4.044980[0m
[1;31mE (91490) CSV: 343.609070;108.469191;124.860121;43.610394;1.431417;4.044980[0m
[1;31mE (91510) CSV: 343.609070;108.469191;124.860121;43.610394;1.431417;4.044980[0m
[1;31mE (91530) CSV: 343.609070;108.469191;124.860121;43.610394;1.431417;4.044980[0m
[1;31mE (91560) CSV: 341.836181;108.469191;126.633011;43.610394;1.431417;4.044980[0m
[1;31mE (91590) CSV: 341.836181;108.340856;126.504676;43.610394;1.431417;4.072300[0m
[1;31mE (91640) CSV: 341.836181;108.340856;126.504676;43.610394;1.431417;4.072300[0m
[1;31mE (91660) CSV: 341.252946;108.298460;127.045514;43.610394;1.431417;4.081411[0m
[1;31mE (91680) CSV: 341.252946;108.298460;127.045514;43.610394;1.431417;4.081411[0m
[1;31mE (91700) CSV: 341.252946;108.298460;127.045514;43.610394;1.431417;4.081411[0m
[1;31mE (91730) CSV: 341.252946;108.298460;127.045514;43.610394;1.431417;4.081411[0m
[1;31mE (91760) CSV: 348.489776;108.298460;119.808684;43.610394;1.431417;4.081411[0m
[1;31mE (91780) CSV: 348.489776;113.497867;125.008091;43.610397;1.431416;4.277751[0m
[1;31mE (91800) CSV: 348.489776;113.497867;125.008091;43.610397;1.431416;4.277751[0m
[1;31mE (91830) CSV: 348.489776;113.497867;125.008091;43.610397;1.431416;4.277751[0m
[1;31mE (91850) CSV: 346.635561;113.345047;126.709486;43.610397;1.431416;4.304171[0m
[1;31mE (91880) CSV: 346.635561;113.345047;126.709486;43.610397;1.431416;4.304171[0m
[1;31mE (91900) CSV: 346.635561;113.345047;126.709486;43.610397;1.431416;4.304171[0m
[1;31mE (91920) CSV: 346.635561;113.345047;126.709486;43.610397;1.431416;4.304171[0m
[1;31mE (91940) CSV: 346.635561;113.345047;126.709486;43.610397;1.431416;4.304171[0m
[1;31mE (91970) CSV: 343.014331;113.345047;130.330716;43.610397;1.431416;4.304171[0m
[1;31mE (91990) CSV: 343.014331;113.044972;130.030641;43.610397;1.431415;4.357102[0m
[1;31mE (92020) CSV: 343.014331;113.044972;130.030641;43.610397;1.431415;4.357102[0m
[1;31mE (92050) CSV: 325.831583;112.703982;146.872399;43.610397;1.431414;4.419002[0m
[1;31mE (92070) CSV: 325.831583;112.703982;146.872399;43.610397;1.431414;4.419002[0m
[1;31mE (92090) CSV: 325.831583;112.703982;146.872399;43.610397;1.431414;4.419002[0m
[1;31mE (92140) CSV: 343.014332;117.255949;134.241617;43.610401;1.431414;4.650513[0m
[1;31mE (92160) CSV: 343.014332;117.255949;134.241617;43.610401;1.431414;4.650513[0m
[1;31mE (92190) CSV: 343.014332;117.255949;134.241617;43.610401;1.431414;4.650513[0m
[1;31mE (92210) CSV: 343.014332;117.255949;134.241617;43.610401;1.431414;4.650513[0m
[1;31mE (92240) CSV: 340.098562;117.255949;137.157387;43.610401;1.431414;4.650513[0m
[1;31mE (92260) CSV: 340.098562;116.987651;136.889088;43.610401;1.431413;4.693224[0m
[1;31mE (92280) CSV: 340.098562;116.987651;136.889088;43.610401;1.431413;4.693224[0m
[1;31mE (92300) CSV: 340.098562;116.987651;136.889088;43.610401;1.431413;4.693224[0m
[1;31mE (92320) CSV: 340.098562;116.987651;136.889088;43.610401;1.431413;4.693224[0m
[1;31mE (92360) CSV: 327.644073;116.934576;149.290504;43.610401;1.431413;4.701779[0m
[1;31mE (92380) CSV: 327.644073;116.934576;149.290504;43.610401;1.431413;4.701779[0m
[1;31mE (92400) CSV: 327.644073;116.934576;149.290504;43.610401;1.431413;4.701779[0m
[1;31mE (92420) CSV: 327.644073;116.934576;149.290504;43.610401;1.431413;4.701779[0m
[1;31mE (92440) CSV: 327.644073;116.934576;149.290504;43.610401;1.431413;4.701779[0m
[1;31mE (92470) CSV: 327.644073;116.934576;149.290504;43.610401;1.431413;4.701779[0m
[1;31mE (92500) CSV: 326.728425;116.724197;149.995772;43.610401;1.431412;4.736037[0m
[1;31mE (92520) CSV: 326.728425;116.724197;149.995772;43.610401;1.431412;4.736037[0m
[1;31mE (92550) CSV: 347.868785;120.949835;133.081050;43.610405;1.431412;4.966003[0m
[1;31mE (92570) CSV: 347.868785;120.949835;133.081050;43.610405;1.431412;4.966003[0m
[1;31mE (92590) CSV: 347.868785;120.949835;133.081050;43.610405;1.431412;4.966003[0m
[1;31mE (92650) CSV: 346.023574;120.779835;134.756261;43.610405;1.431412;4.990718[0m
[1;31mE (92670) CSV: 346.023574;120.779835;134.756261;43.610405;1.431412;4.990718[0m
[1;31mE (92690) CSV: 346.023574;120.779835;134.756261;43.610405;1.431412;4.990718[0m
[1;31mE (92710) CSV: 346.023574;120.779835;134.756261;43.610405;1.431412;4.990718[0m
[1;31mE (92730) CSV: 346.023574;120.779835;134.756261;43.610405;1.431412;4.990718[0m
[1;31mE (92760) CSV: 344.809418;120.779835;135.970416;43.610405;1.431412;4.990718[0m
[1;31mE (92780) CSV: 344.809418;120.667434;135.858016;43.610405;1.431412;5.007219[0m
[1;31mE (92810) CSV: 344.809418;120.667434;135.858016;43.610405;1.431412;5.007219[0m
[1;31mE (92830) CSV: 344.809418;120.667434;135.858016;43.610405;1.431412;5.007219[0m
[1;31mE (92860) CSV: 344.809418;120.667434;135.858016;43.610405;1.431412;5.007219[0m
[1;31mE (92880) CSV: 345.414823;120.723542;135.308719;43.610405;1.431412;4.998966[0m
[1;31mE (92910) CSV: 345.414823;120.723542;135.308719;43.610405;1.431412;4.998966[0m
[1;31mE (92930) CSV: 349.739892;124.190763;134.450871;43.610409;1.431411;5.299631[0m
[1;31mE (92960) CSV: 349.739892;124.190763;134.450871;43.610409;1.431411;5.299631[0m
[1;31mE (92980) CSV: 349.739892;124.190763;134.450871;43.610409;1.431411;5.299631[0m
[1;31mE (93000) CSV: 349.739892;124.190763;134.450871;43.610409;1.431411;5.299631[0m
[1;31mE (93030) CSV: 348.489778;124.190763;135.700985;43.610409;1.431411;5.299631[0m
[1;31mE (93050) CSV: 348.489778;124.074494;135.584716;43.610409;1.431410;5.315519[0m
[1;31mE (93070) CSV: 348.489778;124.074494;135.584716;43.610409;1.431410;5.315519[0m
[1;31mE (93090) CSV: 348.489778;124.074494;135.584716;43.610409;1.431410;5.315519[0m
[1;31mE (93150) CSV: 348.489778;124.074494;135.584716;43.610409;1.431410;5.315519[0m
[1;31mE (93170) CSV: 344.207469;123.672976;139.465507;43.610409;1.431409;5.371300[0m
[1;31mE (93190) CSV: 344.207469;123.672976;139.465507;43.610409;1.431409;5.371300[0m
[1;31mE (93210) CSV: 344.207469;123.672976;139.465507;43.610409;1.431409;5.371300[0m
[1;31mE (93230) CSV: 344.207469;123.672976;139.465507;43.610409;1.431409;5.371300[0m
[1;31mE (93270) CSV: 341.836185;123.447266;141.611081;43.610409;1.431409;5.403291[0m
[1;31mE (93290) CSV: 341.836185;123.447266;141.611081;43.610409;1.431409;5.403291[0m
[1;31mE (93310) CSV: 341.836185;123.447266;141.611081;43.610409;1.431409;5.403291[0m
[1;31mE (93330) CSV: 341.836185;123.447266;141.611081;43.610409;1.431409;5.403291[0m
[1;31mE (93360) CSV: 343.014335;123.447266;140.432931;43.610409;1.431409;5.403291[0m
[1;31mE (93380) CSV: 343.014335;126.748658;143.734323;43.610413;1.431408;5.686561[0m
[1;31mE (93400) CSV: 343.014335;126.748658;143.734323;43.610413;1.431408;5.686561[0m
[1;31mE (93430) CSV: 343.014335;126.748658;143.734323;43.610413;1.431408;5.686561[0m
[1;31mE (93460) CSV: 341.252952;126.748658;145.495707;43.610413;1.431408;5.686561[0m
[1;31mE (93480) CSV: 341.252952;126.575788;145.322836;43.610413;1.431408;5.709658[0m
[1;31mE (93500) CSV: 341.252952;126.575788;145.322836;43.610413;1.431408;5.709658[0m
[1;31mE (93520) CSV: 341.252952;126.575788;145.322836;43.610413;1.431408;5.709658[0m
[1;31mE (93550) CSV: 339.527562;126.575788;147.048226;43.610413;1.431408;5.709658[0m
[1;31mE (93580) CSV: 339.527562;126.404313;146.876751;43.610413;1.431408;5.732806[0m
[1;31mE (93600) CSV: 339.527562;126.404313;146.876751;43.610413;1.431408;5.732806[0m
[1;31mE (93650) CSV: 327.644077;126.177824;158.533747;43.610413;1.431407;5.763749[0m
[1;31mE (93670) CSV: 327.644077;126.177824;158.533747;43.610413;1.431407;5.763749[0m
[1;31mE (93690) CSV: 327.644077;126.177824;158.533747;43.610413;1.431407;5.763749[0m
[1;31mE (93720) CSV: 327.644077;126.177824;158.533747;43.610413;1.431407;5.763749[0m
[1;31mE (93750) CSV: 348.489780;126.177824;137.688044;43.610413;1.431407;5.763749[0m
[1;31mE (93770) CSV: 348.489780;129.262877;140.773098;43.610416;1.431407;6.046140[0m
[1;31mE (93790) CSV: 348.489780;129.262877;140.773098;43.610416;1.431407;6.046140[0m
[1;31mE (93810) CSV: 348.489780;129.262877;140.773098;43.610416;1.431407;6.046140[0m
[1;31mE (93830) CSV: 348.489780;129.262877;140.773098;43.610416;1.431407;6.046140[0m
[1;31mE (93860) CSV: 346.635565;129.090829;142.455265;43.610416;1.431406;6.068461[0m
[1;31mE (93890) CSV: 346.635565;129.090829;142.455265;43.610416;1.431406;6.068461[0m
[1;31mE (93910) CSV: 346.635565;129.090829;142.455265;43.610416;1.431406;6.068461[0m
[1;31mE (93930) CSV: 346.635565;129.090829;142.455265;43.610416;1.431406;6.068461[0m
[1;31mE (93960) CSV: 346.635565;129.090829;142.455265;43.610416;1.431406;6.068461[0m
[1;31mE (93980) CSV: 346.635565;129.090829;142.455265;43.610416;1.431406;6.068461[0m
[1;31mE (94000) CSV: 346.635565;129.090829;142.455265;43.610416;1.431406;6.068461[0m
[1;31mE (94030) CSV: 344.809421;129.090829;144.281408;43.610416;1.431406;6.068461[0m
[1;31mE (94060) CSV: 344.809421;128.920044;144.110623;43.610416;1.431406;6.090835[0m
[1;31mE (94080) CSV: 344.809421;128.920044;144.110623;43.610416;1.431406;6.090835[0m
[1;31mE (94100) CSV: 344.809421;128.920044;144.110623;43.610416;1.431406;6.090835[0m
[1;31mE (94150) CSV: 344.809421;128.920044;144.110623;43.610416;1.431406;6.090835[0m
[1;31mE (94170) CSV: 351.633379;131.662002;140.028623;43.610420;1.431406;6.394506[0m
[1;31mE (94200) CSV: 351.633379;131.662002;140.028623;43.610420;1.431406;6.394506[0m
[1;31mE (94220) CSV: 351.633379;131.662002;140.028623;43.610420;1.431406;6.394506[0m
[1;31mE (94240) CSV: 351.633379;131.662002;140.028623;43.610420;1.431406;6.394506[0m
[1;31mE (94270) CSV: 349.739894;131.491084;141.751189;43.610420;1.431405;6.416045[0m
[1;31mE (94290) CSV: 349.739894;131.491084;141.751189;43.610420;1.431405;6.416045[0m
[1;31mE (94320) CSV: 349.739894;131.491084;141.751189;43.610420;1.431405;6.416045[0m
[1;31mE (94350) CSV: 347.868788;131.321311;143.452523;43.610420;1.431405;6.437641[0m
[1;31mE (94370) CSV: 347.868788;131.321311;143.452523;43.610420;1.431405;6.437641[0m
[1;31mE (94390) CSV: 347.868788;131.321311;143.452523;43.610420;1.431405;6.437641[0m
[1;31mE (94410) CSV: 347.868788;131.321311;143.452523;43.610420;1.431405;6.437641[0m
[1;31mE (94440) CSV: 350.368752;131.321311;140.952559;43.610420;1.431405;6.437641[0m
[1;31mE (94460) CSV: 350.368752;133.753589;143.384837;43.610424;1.431404;6.759846[0m
[1;31mE (94480) CSV: 350.368752;133.753589;143.384837;43.610424;1.431404;6.759846[0m
[1;31mE (94510) CSV: 350.368752;133.753589;143.384837;43.610424;1.431404;6.759846[0m
[1;31mE (94530) CSV: 350.368752;133.753589;143.384837;43.610424;1.431404;6.759846[0m
[1;31mE (94560) CSV: 347.868789;133.529481;145.660693;43.610424;1.431404;6.787628[0m
[1;31mE (94580) CSV: 347.868789;133.529481;145.660693;43.610424;1.431404;6.787628[0m
[1;31mE (94600) CSV: 347.868789;133.529481;145.660693;43.610424;1.431404;6.787628[0m
[1;31mE (94660) CSV: 346.023578;133.362603;147.339024;43.610424;1.431404;6.808532[0m
[1;31mE (94680) CSV: 346.023578;133.362603;147.339024;43.610424;1.431404;6.808532[0m
[1;31mE (94700) CSV: 346.023578;133.362603;147.339024;43.610424;1.431404;6.808532[0m
[1;31mE (94720) CSV: 346.023578;133.362603;147.339024;43.610424;1.431404;6.808532[0m
[1;31mE (94750) CSV: 344.207473;133.362603;149.155130;43.610424;1.431404;6.808532[0m
[1;31mE (94770) CSV: 344.207473;133.196747;148.989274;43.610424;1.431403;6.829493[0m
[1;31mE (94790) CSV: 344.207473;133.196747;148.989274;43.610424;1.431403;6.829493[0m
[1;31mE (94830) CSV: 347.868789;133.196747;145.327958;43.610424;1.431403;6.829493[0m
[1;31mE (94850) CSV: 347.868789;135.463629;147.594839;43.610428;1.431403;7.153428[0m
[1;31mE (94870) CSV: 347.868789;135.463629;147.594839;43.610428;1.431403;7.153428[0m
[1;31mE (94890) CSV: 347.868789;135.463629;147.594839;43.610428;1.431403;7.153428[0m
[1;31mE (94920) CSV: 347.868789;135.463629;147.594839;43.610428;1.431403;7.153428[0m
[1;31mE (94940) CSV: 345.414828;135.245271;149.830443;43.610428;1.431402;7.180406[0m
[1;31mE (94970) CSV: 345.414828;135.245271;149.830443;43.610428;1.431402;7.180406[0m
[1;31mE (94990) CSV: 345.414828;135.245271;149.830443;43.610428;1.431402;7.180406[0m
[1;31mE (95010) CSV: 345.414828;135.245271;149.830443;43.610428;1.431402;7.180406[0m
[1;31mE (95030) CSV: 345.414828;135.245271;149.830443;43.610428;1.431402;7.180406[0m
[1;31mE (95060) CSV: 343.014339;135.028552;152.014213;43.610428;1.431402;7.207487[0m
[1;31mE (95080) CSV: 343.014339;135.028552;152.014213;43.610428;1.431402;7.207487[0m
[1;31mE (95100) CSV: 343.014339;135.028552;152.014213;43.610428;1.431402;7.207487[0m
[1;31mE (95150) CSV: 343.014339;135.028552;152.014213;43.610428;1.431402;7.207487[0m
[1;31mE (95180) CSV: 349.739896;137.100778;147.360882;43.610432;1.431401;7.539637[0m
[1;31mE (95200) CSV: 349.739896;137.100778;147.360882;43.610432;1.431401;7.539637[0m
[1;31mE (95220) CSV: 349.739896;137.100778;147.360882;43.610432;1.431401;7.539637[0m
[1;31mE (95250) CSV: 347.250678;137.100778;149.850100;43.610432;1.431401;7.539637[0m
[1;31mE (95280) CSV: 347.250678;136.887803;149.637126;43.610432;1.431401;7.565822[0m
[1;31mE (95300) CSV: 347.250678;136.887803;149.637126;43.610432;1.431401;7.565822[0m
[1;31mE (95320) CSV: 347.250678;136.887803;149.637126;43.610432;1.431401;7.565822[0m
[1;31mE (95350) CSV: 344.207475;136.623654;152.416179;43.610432;1.431400;7.598699[0m
[1;31mE (95370) CSV: 344.207475;136.623654;152.416179;43.610432;1.431400;7.598699[0m
[1;31mE (95390) CSV: 344.207475;136.623654;152.416179;43.610432;1.431400;7.598699[0m
[1;31mE (95410) CSV: 344.207475;136.623654;152.416179;43.610432;1.431400;7.598699[0m
[1;31mE (95440) CSV: 344.207475;136.623654;152.416179;43.610432;1.431400;7.598699[0m
[1;31mE (95470) CSV: 341.252957;136.361786;155.108828;43.610432;1.431400;7.631736[0m
[1;31mE (95490) CSV: 341.252957;136.361786;155.108828;43.610432;1.431400;7.631736[0m
[1;31mE (95510) CSV: 341.252957;136.361786;155.108828;43.610432;1.431400;7.631736[0m
[1;31mE (95530) CSV: 341.252957;136.361786;155.108828;43.610432;1.431400;7.631736[0m
[1;31mE (95560) CSV: 324.953418;136.102180;171.148762;43.610432;1.431399;7.664931[0m
[1;31mE (95590) CSV: 324.953418;136.102180;171.148762;43.610432;1.431399;7.664931[0m
[1;31mE (95610) CSV: 324.953418;136.102180;171.148762;43.610432;1.431399;7.664931[0m
[1;31mE (95660) CSV: 346.023581;138.266869;152.243288;43.610435;1.431399;7.969615[0m
[1;31mE (95680) CSV: 346.023581;138.266869;152.243288;43.610435;1.431399;7.969615[0m
[1;31mE (95710) CSV: 346.023581;138.266869;152.243288;43.610435;1.431399;7.969615[0m
[1;31mE (95740) CSV: 344.809426;138.164051;153.354625;43.610435;1.431399;7.982405[0m
[1;31mE (95760) CSV: 344.809426;138.164051;153.354625;43.610435;1.431399;7.982405[0m
[1;31mE (95780) CSV: 344.809426;138.164051;153.354625;43.610435;1.431399;7.982405[0m
[1;31mE (95800) CSV: 344.809426;138.164051;153.354625;43.610435;1.431399;7.982405[0m
[1;31mE (95830) CSV: 342.423348;138.164051;155.740703;43.610435;1.431399;7.982405[0m
[1;31mE (95850) CSV: 342.423348;137.959403;155.536054;43.610435;1.431398;8.008062[0m
[1;31mE (95870) CSV: 342.423348;137.959403;155.536054;43.610435;1.431398;8.008062[0m
[1;31mE (95900) CSV: 342.423348;137.959403;155.536054;43.610435;1.431398;8.008062[0m
[1;31mE (95920) CSV: 342.423348;137.959403;155.536054;43.610435;1.431398;8.008062[0m
[1;31mE (95940) CSV: 342.423348;137.959403;155.536054;43.610435;1.431398;8.008062[0m
[1;31mE (95970) CSV: 340.673726;137.806776;157.133050;43.610435;1.431398;8.027372[0m
[1;31mE (95990) CSV: 340.673726;137.806776;157.133050;43.610435;1.431398;8.027372[0m
[1;31mE (96010) CSV: 340.673726;137.806776;157.133050;43.610435;1.431398;8.027372[0m
[1;31mE (96030) CSV: 340.673726;137.806776;157.133050;43.610435;1.431398;8.027372[0m
[1;31mE (96070) CSV: 353.545445;139.662386;146.116941;43.610439;1.431398;8.358912[0m
[1;31mE (96090) CSV: 353.545445;139.662386;146.116941;43.610439;1.431398;8.358912[0m
[1;31mE (96110) CSV: 353.545445;139.662386;146.116941;43.610439;1.431398;8.358912[0m
[1;31mE (96160) CSV: 352.268866;139.562244;147.293378;43.610439;1.431398;8.371350[0m
[1;31mE (96190) CSV: 352.268866;139.562244;147.293378;43.610439;1.431398;8.371350[0m
[1;31mE (96210) CSV: 352.268866;139.562244;147.293378;43.610439;1.431398;8.371350[0m
[1;31mE (96240) CSV: 352.268866;139.562244;147.293378;43.610439;1.431398;8.371350[0m
[1;31mE (96260) CSV: 352.268866;139.562244;147.293378;43.610439;1.431398;8.371350[0m
[1;31mE (96280) CSV: 352.268866;139.562244;147.293378;43.610439;1.431398;8.371350[0m
[1;31mE (96300) CSV: 352.268866;139.562244;147.293378;43.610439;1.431398;8.371350[0m
[1;31mE (96320) CSV: 352.268866;139.562244;147.293378;43.610439;1.431398;8.371350[0m
[1;31mE (96360) CSV: 354.186237;141.128679;146.942442;43.610443;1.431397;8.728582[0m
[1;31mE (96380) CSV: 354.186237;141.128679;146.942442;43.610443;1.431397;8.728582[0m
[1;31mE (96400) CSV: 354.186237;141.128679;146.942442;43.610443;1.431397;8.728582[0m
[1;31mE (96420) CSV: 354.186237;141.128679;146.942442;43.610443;1.431397;8.728582[0m
[1;31mE (96440) CSV: 354.186237;141.128679;146.942442;43.610443;1.431397;8.728582[0m
[1;31mE (96470) CSV: 352.268867;140.981836;148.712969;43.610443;1.431397;8.746680[0m
[1;31mE (96490) CSV: 352.268867;140.981836;148.712969;43.610443;1.431397;8.746680[0m
[1;31mE (96510) CSV: 352.268867;140.981836;148.712969;43.610443;1.431397;8.746680[0m
[1;31mE (96550) CSV: 352.268867;140.981836;148.712969;43.610443;1.431397;8.746680[0m
[1;31mE (96570) CSV: 349.739898;140.786990;151.047092;43.610443;1.431396;8.770900[0m
[1;31mE (96590) CSV: 349.739898;140.786990;151.047092;43.610443;1.431396;8.770900[0m
[1;31mE (96610) CSV: 349.739898;140.786990;151.047092;43.610443;1.431396;8.770900[0m
[1;31mE (96670) CSV: 344.809428;140.400519;155.591091;43.610443;1.431395;8.819642[0m
[1;31mE (96690) CSV: 344.809428;140.400519;155.591091;43.610443;1.431395;8.819642[0m
[1;31mE (96710) CSV: 344.809428;140.400519;155.591091;43.610443;1.431395;8.819642[0m
[1;31mE (96730) CSV: 344.809428;140.400519;155.591091;43.610443;1.431395;8.819642[0m
[1;31mE (96760) CSV: 343.014344;141.763310;158.748966;43.610447;1.431394;9.191900[0m
[1;31mE (96780) CSV: 343.014344;141.763310;158.748966;43.610447;1.431394;9.191900[0m
[1;31mE (96800) CSV: 343.014344;141.763310;158.748966;43.610447;1.431394;9.191900[0m
[1;31mE (96840) CSV: 340.098576;141.763310;161.664733;43.610447;1.431394;9.191900[0m
[1;31mE (96860) CSV: 340.098576;141.529119;161.430542;43.610447;1.431394;9.221677[0m
[1;31mE (96880) CSV: 340.098576;141.529119;161.430542;43.610447;1.431394;9.221677[0m
[1;31mE (96900) CSV: 340.098576;141.529119;161.430542;43.610447;1.431394;9.221677[0m
[1;31mE (96920) CSV: 340.098576;141.529119;161.430542;43.610447;1.431394;9.221677[0m
[1;31mE (96950) CSV: 340.673730;141.575836;160.902106;43.610447;1.431394;9.215710[0m
[1;31mE (96980) CSV: 340.673730;141.575836;160.902106;43.610447;1.431394;9.215710[0m
[1;31mE (97000) CSV: 340.673730;141.575836;160.902106;43.610447;1.431394;9.215710[0m
[1;31mE (97020) CSV: 340.673730;141.575836;160.902106;43.610447;1.431394;9.215710[0m
[1;31mE (97040) CSV: 340.673730;141.575836;160.902106;43.610447;1.431394;9.215710[0m
[1;31mE (97070) CSV: 340.673730;141.575836;160.902106;43.610447;1.431394;9.215710[0m
[1;31mE (97090) CSV: 327.644092;141.342854;173.698762;43.610447;1.431393;9.245610[0m
[1;31mE (97120) CSV: 327.644092;141.342854;173.698762;43.610447;1.431393;9.245610[0m
[1;31mE (97170) CSV: 346.635572;142.699373;156.063801;43.610451;1.431393;9.609516[0m
[1;31mE (97190) CSV: 346.635572;142.699373;156.063801;43.610451;1.431393;9.609516[0m
[1;31mE (97210) CSV: 346.635572;142.699373;156.063801;43.610451;1.431393;9.609516[0m
[1;31mE (97240) CSV: 346.635572;142.699373;156.063801;43.610451;1.431393;9.609516[0m
[1;31mE (97260) CSV: 341.836197;142.336970;160.500773;43.610451;1.431392;9.656238[0m
[1;31mE (97290) CSV: 341.836197;142.336970;160.500773;43.610451;1.431392;9.656238[0m
[1;31mE (97310) CSV: 341.836197;142.336970;160.500773;43.610451;1.431392;9.656238[0m
[1;31mE (97330) CSV: 341.836197;142.336970;160.500773;43.610451;1.431392;9.656238[0m
[1;31mE (97360) CSV: 341.836197;142.336970;160.500773;43.610451;1.431392;9.656238[0m
[1;31mE (97380) CSV: 339.527574;142.157084;162.629510;43.610451;1.431391;9.679743[0m
[1;31mE (97400) CSV: 339.527574;142.157084;162.629510;43.610451;1.431391;9.679743[0m
[1;31mE (97420) CSV: 339.527574;142.157084;162.629510;43.610451;1.431391;9.679743[0m
[1;31mE (97450) CSV: 339.527574;142.157084;162.629510;43.610451;1.431391;9.679743[0m
[1;31mE (97480) CSV: 325.831607;141.978071;176.146464;43.610451;1.431391;9.703343[0m
[1;31mE (97500) CSV: 325.831607;141.978071;176.146464;43.610451;1.431391;9.703343[0m
[1;31mE (97520) CSV: 325.831607;141.978071;176.146464;43.610451;1.431391;9.703343[0m
[1;31mE (97550) CSV: 324.953427;141.978071;177.024644;43.610451;1.431391;9.703343[0m
[1;31mE (97570) CSV: 324.953427;141.755529;176.802102;43.610451;1.431390;9.732975[0m
[1;31mE (97590) CSV: 324.953427;141.755529;176.802102;43.610451;1.431390;9.732975[0m
[1;31mE (97620) CSV: 324.953427;141.755529;176.802102;43.610451;1.431390;9.732975[0m
[1;31mE (97670) CSV: 340.673732;143.031576;162.357844;43.610455;1.431390;10.098321[0m
[1;31mE (97690) CSV: 340.673732;143.031576;162.357844;43.610455;1.431390;10.098321[0m
[1;31mE (97720) CSV: 340.673732;143.031576;162.357844;43.610455;1.431390;10.098321[0m
[1;31mE (97750) CSV: 322.428956;142.685105;-179.743852;43.610455;1.431389;10.144681[0m
[1;31mE (97770) CSV: 322.428956;142.685105;-179.743852;43.610455;1.431389;10.144681[0m
[1;31mE (97790) CSV: 322.428956;142.685105;-179.743852;43.610455;1.431389;10.144681[0m
[1;31mE (97810) CSV: 322.428956;142.685105;-179.743852;43.610455;1.431389;10.144681[0m
[1;31mE (97830) CSV: 322.428956;142.685105;-179.743852;43.610455;1.431389;10.144681[0m
[1;31mE (97860) CSV: 325.831609;142.685105;176.853496;43.610455;1.431389;10.144681[0m
[1;31mE (97890) CSV: 325.831609;142.513057;176.681448;43.610455;1.431388;10.167999[0m
[1;31mE (97910) CSV: 325.831609;142.513057;176.681448;43.610455;1.431388;10.167999[0m
[1;31mE (97930) CSV: 325.831609;142.513057;176.681448;43.610455;1.431388;10.167999[0m
[1;31mE (97960) CSV: 345.414835;142.513057;157.098222;43.610455;1.431388;10.167999[0m
[1;31mE (97980) CSV: 345.414835;143.667832;158.252997;43.610458;1.431387;10.541765[0m
[1;31mE (98000) CSV: 345.414835;143.667832;158.252997;43.610458;1.431387;10.541765[0m
[1;31mE (98030) CSV: 345.414835;143.667832;158.252997;43.610458;1.431387;10.541765[0m
[1;31mE (98060) CSV: 344.809431;143.625832;158.816400;43.610458;1.431387;10.547454[0m
[1;31mE (98080) CSV: 344.809431;143.625832;158.816400;43.610458;1.431387;10.547454[0m
[1;31mE (98100) CSV: 344.809431;143.625832;158.816400;43.610458;1.431387;10.547454[0m
[1;31mE (98130) CSV: 343.014347;143.625832;160.611485;43.610458;1.431387;10.547454[0m
[1;31mE (98180) CSV: 343.014347;143.500102;160.485755;43.610458;1.431387;10.564555[0m
[1;31mE (98200) CSV: 343.014347;143.500102;160.485755;43.610458;1.431387;10.564555[0m
[1;31mE (98230) CSV: 343.014347;143.500102;160.485755;43.610458;1.431387;10.564555[0m
[1;31mE (98250) CSV: 341.252965;143.374779;162.121814;43.610458;1.431387;10.581707[0m
[1;31mE (98270) CSV: 341.252965;143.374779;162.121814;43.610458;1.431387;10.581707[0m
[1;31mE (98290) CSV: 341.252965;143.374779;162.121814;43.610458;1.431387;10.581707[0m
[1;31mE (98320) CSV: 341.252965;143.374779;162.121814;43.610458;1.431387;10.581707[0m
[1;31mE (98350) CSV: 349.113533;143.374779;154.261246;43.610458;1.431387;10.581707[0m
[1;31mE (98370) CSV: 349.113533;144.538033;155.424499;43.610462;1.431386;10.947289[0m
[1;31mE (98390) CSV: 349.113533;144.538033;155.424499;43.610462;1.431386;10.947289[0m
[1;31mE (98410) CSV: 349.113533;144.538033;155.424499;43.610462;1.431386;10.947289[0m
[1;31mE (98430) CSV: 349.113533;144.538033;155.424499;43.610462;1.431386;10.947289[0m
[1;31mE (98470) CSV: 348.489788;144.497140;156.007352;43.610462;1.431386;10.952860[0m
[1;31mE (98490) CSV: 348.489788;144.497140;156.007352;43.610462;1.431386;10.952860[0m
[1;31mE (98520) CSV: 348.489788;144.497140;156.007352;43.610462;1.431386;10.952860[0m
[1;31mE (98540) CSV: 346.635575;144.374710;157.739136;43.610462;1.431386;10.969606[0m
[1;31mE (98560) CSV: 346.635575;144.374710;157.739136;43.610462;1.431386;10.969606[0m
[1;31mE (98580) CSV: 346.635575;144.374710;157.739136;43.610462;1.431386;10.969606[0m
[1;31mE (98600) CSV: 346.635575;144.374710;157.739136;43.610462;1.431386;10.969606[0m
[1;31mE (98640) CSV: 344.207482;144.212052;160.004570;43.610462;1.431385;10.992012[0m
[1;31mE (98680) CSV: 344.207482;144.212052;160.004570;43.610462;1.431385;10.992012[0m
[1;31mE (98700) CSV: 344.207482;144.212052;160.004570;43.610462;1.431385;10.992012[0m
[1;31mE (98730) CSV: 344.207482;144.212052;160.004570;43.610462;1.431385;10.992012[0m
[1;31mE (98760) CSV: 341.836200;144.050058;162.213857;43.610462;1.431385;11.014506[0m
[1;31mE (98780) CSV: 341.836200;144.050058;162.213857;43.610462;1.431385;11.014506[0m
[1;31mE (98800) CSV: 341.836200;144.050058;162.213857;43.610462;1.431385;11.014506[0m
[1;31mE (98820) CSV: 341.836200;144.050058;162.213857;43.610462;1.431385;11.014506[0m
[1;31mE (98840) CSV: 341.836200;144.050058;162.213857;43.610462;1.431385;11.014506[0m
[1;31mE (98870) CSV: 347.250685;145.147191;157.896506;43.610466;1.431384;11.382514[0m
[1;31mE (98890) CSV: 347.250685;145.147191;157.896506;43.610466;1.431384;11.382514[0m
[1;31mE (98930) CSV: 347.250685;145.147191;157.896506;43.610466;1.431384;11.382514[0m
[1;31mE (98950) CSV: 343.014349;144.870610;161.856261;43.610466;1.431383;11.421040[0m
[1;31mE (98970) CSV: 343.014349;144.870610;161.856261;43.610466;1.431383;11.421040[0m
[1;31mE (98990) CSV: 343.014349;144.870610;161.856261;43.610466;1.431383;11.421040[0m
[1;31mE (99010) CSV: 343.014349;144.870610;161.856261;43.610466;1.431383;11.421040[0m
[1;31mE (99040) CSV: 343.014349;144.870610;161.856261;43.610466;1.431383;11.421040[0m
[1;31mE (99070) CSV: 341.252967;144.752647;163.499679;43.610466;1.431383;11.437632[0m
[1;31mE (99090) CSV: 341.252967;144.752647;163.499679;43.610466;1.431383;11.437632[0m
[1;31mE (99110) CSV: 341.252967;144.752647;163.499679;43.610466;1.431383;11.437632[0m
[1;31mE (99140) CSV: 341.252967;144.752647;163.499679;43.610466;1.431383;11.437632[0m
[1;31mE (99190) CSV: 327.644100;144.674195;177.030094;43.610466;1.431383;11.448721[0m
[1;31mE (99210) CSV: 327.644100;144.674195;177.030094;43.610466;1.431383;11.448721[0m
[1;31mE (99240) CSV: 327.644100;144.674195;177.030094;43.610466;1.431383;11.448721[0m
[1;31mE (99260) CSV: 347.868797;145.749881;157.881084;43.610470;1.431382;11.813526[0m
[1;31mE (99280) CSV: 347.868797;145.749881;157.881084;43.610470;1.431382;11.813526[0m
[1;31mE (99300) CSV: 347.868797;145.749881;157.881084;43.610470;1.431382;11.813526[0m
[1;31mE (99320) CSV: 347.868797;145.749881;157.881084;43.610470;1.431382;11.813526[0m
[1;31mE (99360) CSV: 346.635576;145.749881;159.114305;43.610470;1.431382;11.813526[0m
[1;31mE (99380) CSV: 346.635576;145.672999;159.037422;43.610470;1.431382;11.824340[0m
[1;31mE (99400) CSV: 346.635576;145.672999;159.037422;43.610470;1.431382;11.824340[0m
[1;31mE (99420) CSV: 346.635576;145.672999;159.037422;43.610470;1.431382;11.824340[0m
[1;31mE (99450) CSV: 345.414838;145.596257;160.181419;43.610470;1.431382;11.835175[0m
[1;31mE (99470) CSV: 345.414838;145.596257;160.181419;43.610470;1.431382;11.835175[0m
[1;31mE (99500) CSV: 345.414838;145.596257;160.181419;43.610470;1.431382;11.835175[0m
[1;31mE (99520) CSV: 345.414838;145.596257;160.181419;43.610470;1.431382;11.835175[0m
[1;31mE (99550) CSV: 345.414838;145.596257;160.181419;43.610470;1.431382;11.835175[0m
[1;31mE (99570) CSV: 354.186240;146.647675;152.461435;43.610474;1.431382;12.198051[0m
[1;31mE (99590) CSV: 354.186240;146.647675;152.461435;43.610474;1.431382;12.198051[0m
[1;31mE (99610) CSV: 354.186240;146.647675;152.461435;43.610474;1.431382;12.198051[0m
[1;31mE (99650) CSV: 352.906275;146.572427;153.666152;43.610474;1.431381;12.208615[0m
[1;31mE (99690) CSV: 352.906275;146.572427;153.666152;43.610474;1.431381;12.208615[0m
[1;31mE (99710) CSV: 352.906275;146.572427;153.666152;43.610474;1.431381;12.208615[0m
[1;31mE (99730) CSV: 352.906275;146.572427;153.666152;43.610474;1.431381;12.208615[0m
[1;31mE (99760) CSV: 352.906275;146.572427;153.666152;43.610474;1.431381;12.208615[0m
[1;31mE (99790) CSV: 350.368760;146.422322;156.053562;43.610474;1.431381;12.229805[0m
[1;31mE (99810) CSV: 350.368760;146.422322;156.053562;43.610474;1.431381;12.229805[0m
[1;31mE (99830) CSV: 350.368760;146.422322;156.053562;43.610474;1.431381;12.229805[0m
[1;31mE (99860) CSV: 348.489790;146.310085;157.820294;43.610474;1.431381;12.245753[0m
[1;31mE (99880) CSV: 348.489790;146.310085;157.820294;43.610474;1.431381;12.245753[0m
[1;31mE (99900) CSV: 348.489790;146.310085;157.820294;43.610474;1.431381;12.245753[0m
[1;31mE (99940) CSV: 349.739904;147.196593;157.456689;43.610477;1.431380;12.626819[0m
[1;31mE (99960) CSV: 349.739904;147.196593;157.456689;43.610477;1.431380;12.626819[0m
[1;31mE (99980) CSV: 349.739904;147.196593;157.456689;43.610477;1.431380;12.626819[0m
[1;31mE (100000) CSV: 349.739904;147.196593;157.456689;43.610477;1.431380;12.626819[0m
[1;31mE (100030) CSV: 349.739904;147.196593;157.456689;43.610477;1.431380;12.626819[0m
[1;31mE (100050) CSV: 346.635578;147.013942;160.378364;43.610477;1.431379;12.652881[0m
[1;31mE (100080) CSV: 346.635578;147.013942;160.378364;43.610477;1.431379;12.652881[0m
[1;31mE (100100) CSV: 346.635578;147.013942;160.378364;43.610477;1.431379;12.652881[0m
[1;31mE (100120) CSV: 346.635578;147.013942;160.378364;43.610477;1.431379;12.652881[0m
[1;31mE (100140) CSV: 346.635578;147.013942;160.378364;43.610477;1.431379;12.652881[0m
[1;31mE (100200) CSV: 344.207486;146.868364;162.660878;43.610477;1.431379;12.673823[0m
[1;31mE (100220) CSV: 344.207486;146.868364;162.660878;43.610477;1.431379;12.673823[0m
[1;31mE (100240) CSV: 344.207486;146.868364;162.660878;43.610477;1.431379;12.673823[0m
[1;31mE (100270) CSV: 343.609092;146.868364;163.259272;43.610477;1.431379;12.673823[0m
[1;31mE (100290) CSV: 343.609092;146.832044;163.222952;43.610477;1.431379;12.679071[0m
[1;31mE (100330) CSV: 343.609092;146.832044;163.222952;43.610477;1.431379;12.679071[0m
[1;31mE (100350) CSV: 349.739905;147.816349;158.076444;43.610481;1.431379;13.041310[0m
[1;31mE (100370) CSV: 349.739905;147.816349;158.076444;43.610481;1.431379;13.041310[0m
[1;31mE (100390) CSV: 349.739905;147.816349;158.076444;43.610481;1.431379;13.041310[0m
[1;31mE (100410) CSV: 349.739905;147.816349;158.076444;43.610481;1.431379;13.041310[0m
[1;31mE (100450) CSV: 347.868800;147.709413;159.840613;43.610481;1.431378;13.056669[0m
[1;31mE (100470) CSV: 347.868800;147.709413;159.840613;43.610481;1.431378;13.056669[0m
[1;31mE (100490) CSV: 347.868800;147.709413;159.840613;43.610481;1.431378;13.056669[0m
[1;31mE (100510) CSV: 347.868800;147.709413;159.840613;43.610481;1.431378;13.056669[0m
[1;31mE (100550) CSV: 347.250688;147.673824;160.423136;43.610481;1.431378;13.061799[0m
[1;31mE (100570) CSV: 347.250688;147.673824;160.423136;43.610481;1.431378;13.061799[0m
[1;31mE (100590) CSV: 347.250688;147.673824;160.423136;43.610481;1.431378;13.061799[0m
[1;31mE (100610) CSV: 347.250688;147.673824;160.423136;43.610481;1.431378;13.061799[0m
[1;31mE (100630) CSV: 347.250688;147.673824;160.423136;43.610481;1.431378;13.061799[0m
[1;31mE (100660) CSV: 344.809437;147.531747;162.722310;43.610481;1.431378;13.082368[0m
[1;31mE (100710) CSV: 344.809437;147.531747;162.722310;43.610481;1.431378;13.082368[0m
[1;31mE (100730) CSV: 344.809437;147.531747;162.722310;43.610481;1.431378;13.082368[0m
[1;31mE (100760) CSV: 351.633388;148.363069;156.729681;43.610485;1.431377;13.462266[0m
[1;31mE (100790) CSV: 351.633388;148.363069;156.729681;43.610485;1.431377;13.462266[0m
[1;31mE (100820) CSV: 351.633388;148.363069;156.729681;43.610485;1.431377;13.462266[0m
[1;31mE (100840) CSV: 350.368762;148.293566;157.924805;43.610485;1.431377;13.472344[0m
[1;31mE (100860) CSV: 350.368762;148.293566;157.924805;43.610485;1.431377;13.472344[0m
[1;31mE (100880) CSV: 350.368762;148.293566;157.924805;43.610485;1.431377;13.472344[0m
[1;31mE (100900) CSV: 350.368762;148.293566;157.924805;43.610485;1.431377;13.472344[0m
[1;31mE (100940) CSV: 350.368762;148.293566;157.924805;43.610485;1.431377;13.472344[0m
[1;31mE (100960) CSV: 347.250689;148.120265;160.869577;43.610485;1.431376;13.497627[0m
[1;31mE (100980) CSV: 347.250689;148.120265;160.869577;43.610485;1.431376;13.497627[0m
[1;31mE (101000) CSV: 347.250689;148.120265;160.869577;43.610485;1.431376;13.497627[0m
[1;31mE (101020) CSV: 347.250689;148.120265;160.869577;43.610485;1.431376;13.497627[0m
[1;31mE (101060) CSV: 344.809438;147.982092;163.172655;43.610485;1.431376;13.517941[0m
[1;31mE (101080) CSV: 344.809438;147.982092;163.172655;43.610485;1.431376;13.517941[0m
[1;31mE (101100) CSV: 344.809438;147.982092;163.172655;43.610485;1.431376;13.517941[0m
[1;31mE (101120) CSV: 344.809438;147.982092;163.172655;43.610485;1.431376;13.517941[0m
[1;31mE (101150) CSV: 344.809438;147.982092;163.172655;43.610485;1.431376;13.517941[0m
[1;31mE (101180) CSV: 347.250689;148.741166;161.490477;43.610489;1.431375;13.904254[0m
[1;31mE (101220) CSV: 347.250689;148.741166;161.490477;43.610489;1.431375;13.904254[0m
[1;31mE (101250) CSV: 347.250689;148.741166;161.490477;43.610489;1.431375;13.904254[0m
[1;31mE (101280) CSV: 344.207489;148.572429;164.364940;43.610489;1.431375;13.929216[0m
[1;31mE (101300) CSV: 344.207489;148.572429;164.364940;43.610489;1.431375;13.929216[0m
[1;31mE (101330) CSV: 342.423363;148.572429;166.149066;43.610489;1.431375;13.929216[0m
[1;31mE (101350) CSV: 342.423363;148.471478;166.048115;43.610489;1.431374;13.944251[0m
[1;31mE (101370) CSV: 342.423363;148.471478;166.048115;43.610489;1.431374;13.944251[0m
[1;31mE (101400) CSV: 342.423363;148.471478;166.048115;43.610489;1.431374;13.944251[0m
[1;31mE (101420) CSV: 342.423363;148.471478;166.048115;43.610489;1.431374;13.944251[0m
[1;31mE (101450) CSV: 342.423363;148.471478;166.048115;43.610489;1.431374;13.944251[0m
[1;31mE (101470) CSV: 340.673742;148.370744;167.697002;43.610489;1.431374;13.959329[0m
[1;31mE (101490) CSV: 340.673742;148.370744;167.697002;43.610489;1.431374;13.959329[0m
[1;31mE (101510) CSV: 340.673742;148.370744;167.697002;43.610489;1.431374;13.959329[0m
[1;31mE (101540) CSV: 340.673742;148.370744;167.697002;43.610489;1.431374;13.959329[0m
[1;31mE (101570) CSV: 349.739906;149.260671;159.520765;43.610493;1.431374;14.322224[0m
[1;31mE (101590) CSV: 349.739906;149.260671;159.520765;43.610493;1.431374;14.322224[0m
[1;31mE (101610) CSV: 349.739906;149.260671;159.520765;43.610493;1.431374;14.322224[0m
[1;31mE (101630) CSV: 349.739906;149.260671;159.520765;43.610493;1.431374;14.322224[0m
[1;31mE (101670) CSV: 349.739906;149.260671;159.520765;43.610493;1.431374;14.322224[0m
[1;31mE (101690) CSV: 347.868802;149.161772;161.292970;43.610493;1.431374;14.336962[0m
[1;31mE (101740) CSV: 346.023594;149.161772;163.138178;43.610493;1.431374;14.336962[0m
[1;31mE (101770) CSV: 346.023594;149.063075;163.039481;43.610493;1.431373;14.351743[0m
[1;31mE (101790) CSV: 346.023594;149.063075;163.039481;43.610493;1.431373;14.351743[0m
[1;31mE (101810) CSV: 346.023594;149.063075;163.039481;43.610493;1.431373;14.351743[0m
[1;31mE (101830) CSV: 346.023594;149.063075;163.039481;43.610493;1.431373;14.351743[0m
[1;31mE (101860) CSV: 344.809439;148.997390;164.187951;43.610493;1.431373;14.361621[0m
[1;31mE (101890) CSV: 344.809439;148.997390;164.187951;43.610493;1.431373;14.361621[0m
[1;31mE (101910) CSV: 344.809439;148.997390;164.187951;43.610493;1.431373;14.361621[0m
[1;31mE (101930) CSV: 344.809439;148.997390;164.187951;43.610493;1.431373;14.361621[0m
[1;31mE (101960) CSV: 344.809439;148.997390;164.187951;43.610493;1.431373;14.361621[0m
[1;31mE (101980) CSV: 354.186242;149.815168;155.628926;43.610497;1.431373;14.731644[0m
[1;31mE (102010) CSV: 354.186242;149.815168;155.628926;43.610497;1.431373;14.731644[0m
[1;31mE (102040) CSV: 354.186242;149.815168;155.628926;43.610497;1.431373;14.731644[0m
[1;31mE (102060) CSV: 351.633389;149.686271;158.052882;43.610497;1.431373;14.750983[0m
[1;31mE (102080) CSV: 351.633389;149.686271;158.052882;43.610497;1.431373;14.750983[0m
[1;31mE (102100) CSV: 351.633389;149.686271;158.052882;43.610497;1.431373;14.750983[0m
[1;31mE (102120) CSV: 351.633389;149.686271;158.052882;43.610497;1.431373;14.750983[0m
[1;31mE (102160) CSV: 349.739907;149.589820;159.849913;43.610497;1.431372;14.765537[0m
[1;31mE (102180) CSV: 349.739907;149.589820;159.849913;43.610497;1.431372;14.765537[0m
[1;31mE (102230) CSV: 347.250691;149.461515;162.210824;43.610497;1.431372;14.785007[0m
[1;31mE (102260) CSV: 347.250691;149.461515;162.210824;43.610497;1.431372;14.785007[0m
[1;31mE (102280) CSV: 347.250691;149.461515;162.210824;43.610497;1.431372;14.785007[0m
[1;31mE (102300) CSV: 347.250691;149.461515;162.210824;43.610497;1.431372;14.785007[0m
[1;31mE (102320) CSV: 347.250691;149.461515;162.210824;43.610497;1.431372;14.785007[0m
[1;31mE (102350) CSV: 347.250691;149.461515;162.210824;43.610497;1.431372;14.785007[0m
[1;31mE (102380) CSV: 349.739908;150.150645;160.410737;43.610500;1.431371;15.170947[0m
[1;31mE (102400) CSV: 349.739908;150.150645;160.410737;43.610500;1.431371;15.170947[0m
[1;31mE (102420) CSV: 349.739908;150.150645;160.410737;43.610500;1.431371;15.170947[0m
[1;31mE (102440) CSV: 349.739908;150.150645;160.410737;43.610500;1.431371;15.170947[0m
[1;31mE (102470) CSV: 348.489795;150.087807;161.598012;43.610500;1.431371;15.180510[0m
[1;31mE (102500) CSV: 348.489795;150.087807;161.598012;43.610500;1.431371;15.180510[0m
[1;31mE (102520) CSV: 348.489795;150.087807;161.598012;43.610500;1.431371;15.180510[0m
[1;31mE (102540) CSV: 348.489795;150.087807;161.598012;43.610500;1.431371;15.180510[0m
[1;31mE (102570) CSV: 347.250692;150.087807;162.837116;43.610500;1.431371;15.180510[0m
[1;31mE (102590) CSV: 347.250692;150.025050;162.774358;43.610500;1.431371;15.190092[0m
[1;31mE (102620) CSV: 347.250692;150.025050;162.774358;43.610500;1.431371;15.190092[0m
[1;31mE (102650) CSV: 346.635583;150.025050;163.389467;43.610500;1.431371;15.190092[0m
[1;31mE (102670) CSV: 346.635583;149.993700;163.358117;43.610500;1.431371;15.194889[0m
[1;31mE (102690) CSV: 346.635583;149.993700;163.358117;43.610500;1.431371;15.194889[0m
[1;31mE (102750) CSV: 346.635583;149.993700;163.358117;43.610500;1.431371;15.194889[0m
[1;31mE (102770) CSV: 353.545452;150.743823;157.198371;43.610504;1.431370;15.568346[0m
[1;31mE (102790) CSV: 353.545452;150.743823;157.198371;43.610504;1.431370;15.568346[0m
[1;31mE (102810) CSV: 353.545452;150.743823;157.198371;43.610504;1.431370;15.568346[0m
[1;31mE (102830) CSV: 353.545452;150.743823;157.198371;43.610504;1.431370;15.568346[0m
[1;31mE (102870) CSV: 351.633390;150.651458;159.018067;43.610504;1.431370;15.582438[0m
[1;31mE (102890) CSV: 351.633390;150.651458;159.018067;43.610504;1.431370;15.582438[0m
[1;31mE (102910) CSV: 351.633390;150.651458;159.018067;43.610504;1.431370;15.582438[0m
[1;31mE (102940) CSV: 351.633390;150.651458;159.018067;43.610504;1.431370;15.582438[0m
[1;31mE (102960) CSV: 350.368765;150.589974;160.221209;43.610504;1.431370;15.591854[0m
[1;31mE (102990) CSV: 350.368765;150.589974;160.221209;43.610504;1.431370;15.591854[0m
[1;31mE (103010) CSV: 350.368765;150.589974;160.221209;43.610504;1.431370;15.591854[0m
[1;31mE (103030) CSV: 350.368765;150.589974;160.221209;43.610504;1.431370;15.591854[0m
[1;31mE (103060) CSV: 350.368765;150.589974;160.221209;43.610504;1.431370;15.591854[0m
[1;31mE (103080) CSV: 348.489796;150.497887;162.008091;43.610504;1.431370;15.606013[0m
[1;31mE (103110) CSV: 348.489796;150.497887;162.008091;43.610504;1.431370;15.606013[0m
[1;31mE (103140) CSV: 354.186243;151.247029;157.060786;43.610508;1.431370;15.976554[0m
[1;31mE (103160) CSV: 354.186243;151.247029;157.060786;43.610508;1.431370;15.976554[0m
[1;31mE (103180) CSV: 354.186243;151.247029;157.060786;43.610508;1.431370;15.976554[0m
[1;31mE (103200) CSV: 354.186243;151.247029;157.060786;43.610508;1.431370;15.976554[0m
[1;31mE (103260) CSV: 350.999973;151.096370;160.096397;43.610508;1.431369;15.999694[0m
[1;31mE (103280) CSV: 350.999973;151.096370;160.096397;43.610508;1.431369;15.999694[0m
[1;31mE (103300) CSV: 350.999973;151.096370;160.096397;43.610508;1.431369;15.999694[0m
[1;31mE (103320) CSV: 350.999973;151.096370;160.096397;43.610508;1.431369;15.999694[0m
[1;31mE (103360) CSV: 347.868805;150.946147;163.077342;43.610508;1.431368;16.022943[0m
[1;31mE (103380) CSV: 347.868805;150.946147;163.077342;43.610508;1.431368;16.022943[0m
[1;31mE (103400) CSV: 347.868805;150.946147;163.077342;43.610508;1.431368;16.022943[0m
[1;31mE (103420) CSV: 347.868805;150.946147;163.077342;43.610508;1.431368;16.022943[0m
[1;31mE (103450) CSV: 345.414847;150.826283;165.411436;43.610508;1.431368;16.041622[0m
[1;31mE (103480) CSV: 345.414847;150.826283;165.411436;43.610508;1.431368;16.041622[0m
[1;31mE (103500) CSV: 345.414847;150.826283;165.411436;43.610508;1.431368;16.041622[0m
[1;31mE (103520) CSV: 345.414847;150.826283;165.411436;43.610508;1.431368;16.041622[0m
[1;31mE (103550) CSV: 345.414847;150.826283;165.411436;43.610508;1.431368;16.041622[0m
[1;31mE (103570) CSV: 348.489797;151.430395;162.940598;43.610512;1.431367;16.431615[0m
[1;31mE (103600) CSV: 348.489797;151.430395;162.940598;43.610512;1.431367;16.431615[0m
[1;31mE (103630) CSV: 347.868806;151.430395;163.561590;43.610512;1.431367;16.431615[0m
[1;31mE (103650) CSV: 347.868806;151.401012;163.532207;43.610512;1.431367;16.436207[0m
[1;31mE (103670) CSV: 347.868806;151.401012;163.532207;43.610512;1.431367;16.436207[0m
[1;31mE (103690) CSV: 347.868806;151.401012;163.532207;43.610512;1.431367;16.436207[0m
[1;31mE (103720) CSV: 347.868806;151.401012;163.532207;43.610512;1.431367;16.436207[0m
[1;31mE (103770) CSV: 346.023598;151.312962;165.289364;43.610512;1.431367;16.450009[0m
[1;31mE (103790) CSV: 346.023598;151.312962;165.289364;43.610512;1.431367;16.450009[0m
[1;31mE (103810) CSV: 346.023598;151.312962;165.289364;43.610512;1.431367;16.450009[0m
[1;31mE (103850) CSV: 344.809444;151.254344;166.444900;43.610512;1.431367;16.459232[0m
[1;31mE (103870) CSV: 344.809444;151.254344;166.444900;43.610512;1.431367;16.459232[0m
[1;31mE (103890) CSV: 344.809444;151.254344;166.444900;43.610512;1.431367;16.459232[0m
[1;31mE (103910) CSV: 344.809444;151.254344;166.444900;43.610512;1.431367;16.459232[0m
[1;31mE (103940) CSV: 352.906280;151.254344;158.348064;43.610512;1.431367;16.459232[0m
[1;31mE (103970) CSV: 352.906280;151.919918;159.013638;43.610516;1.431367;16.836884[0m
[1;31mE (103990) CSV: 352.906280;151.919918;159.013638;43.610516;1.431367;16.836884[0m
[1;31mE (104020) CSV: 352.268876;151.919918;159.651042;43.610516;1.431367;16.836884[0m
[1;31mE (104040) CSV: 352.268876;151.891109;159.622233;43.610516;1.431366;16.841404[0m
[1;31mE (104060) CSV: 352.268876;151.891109;159.622233;43.610516;1.431366;16.841404[0m
[1;31mE (104090) CSV: 352.268876;151.891109;159.622233;43.610516;1.431366;16.841404[0m
[1;31mE (104110) CSV: 352.268876;151.891109;159.622233;43.610516;1.431366;16.841404[0m
[1;31mE (104140) CSV: 352.268876;151.891109;159.622233;43.610516;1.431366;16.841404[0m
[1;31mE (104160) CSV: 352.268876;151.891109;159.622233;43.610516;1.431366;16.841404[0m
[1;31mE (104180) CSV: 352.268876;151.891109;159.622233;43.610516;1.431366;16.841404[0m
[1;31mE (104200) CSV: 352.268876;151.891109;159.622233;43.610516;1.431366;16.841404[0m
[1;31mE (104240) CSV: 356.116763;151.891109;155.774347;43.610516;1.431366;16.841404[0m
[1;31mE (104280) CSV: 356.116763;152.442941;156.326178;43.610519;1.431366;17.234436[0m
[1;31mE (104300) CSV: 356.116763;152.442941;156.326178;43.610519;1.431366;17.234436[0m
[1;31mE (104330) CSV: 356.116763;152.442941;156.326178;43.610519;1.431366;17.234436[0m
[1;31mE (104350) CSV: 356.116763;152.442941;156.326178;43.610519;1.431366;17.234436[0m
[1;31mE (104380) CSV: 354.828498;152.386396;157.557898;43.610519;1.431366;17.243325[0m
[1;31mE (104410) CSV: 354.828498;152.386396;157.557898;43.610519;1.431366;17.243325[0m
[1;31mE (104430) CSV: 353.545454;152.329909;158.784455;43.610519;1.431365;17.252230[0m
[1;31mE (104460) CSV: 353.545454;152.329909;158.784455;43.610519;1.431365;17.252230[0m
[1;31mE (104480) CSV: 353.545454;152.329909;158.784455;43.610519;1.431365;17.252230[0m
[1;31mE (104500) CSV: 353.545454;152.329909;158.784455;43.610519;1.431365;17.252230[0m
[1;31mE (104530) CSV: 353.545454;152.329909;158.784455;43.610519;1.431365;17.252230[0m
[1;31mE (104550) CSV: 350.999975;152.217110;161.217135;43.610519;1.431365;17.270091[0m
[1;31mE (104580) CSV: 350.999975;152.217110;161.217135;43.610519;1.431365;17.270091[0m
[1;31mE (104600) CSV: 350.999975;152.217110;161.217135;43.610519;1.431365;17.270091[0m
[1;31mE (104620) CSV: 350.999975;152.217110;161.217135;43.610519;1.431365;17.270091[0m
[1;31mE (104650) CSV: 349.739912;152.748273;163.008361;43.610523;1.431365;17.664021[0m
[1;31mE (104670) CSV: 349.739912;152.748273;163.008361;43.610523;1.431365;17.664021[0m
[1;31mE (104700) CSV: 349.739912;152.748273;163.008361;43.610523;1.431365;17.664021[0m
[1;31mE (104720) CSV: 349.739912;152.748273;163.008361;43.610523;1.431365;17.664021[0m
[1;31mE (104750) CSV: 347.868808;152.665308;164.796500;43.610523;1.431364;17.677224[0m
[1;31mE (104790) CSV: 347.868808;152.665308;164.796500;43.610523;1.431364;17.677224[0m
[1;31mE (104820) CSV: 347.868808;152.665308;164.796500;43.610523;1.431364;17.677224[0m
[1;31mE (104850) CSV: 347.868808;152.665308;164.796500;43.610523;1.431364;17.677224[0m
[1;31mE (104870) CSV: 347.868808;152.665308;164.796500;43.610523;1.431364;17.677224[0m
[1;31mE (104890) CSV: 347.868808;152.665308;164.796500;43.610523;1.431364;17.677224[0m
[1;31mE (104910) CSV: 347.868808;152.665308;164.796500;43.610523;1.431364;17.677224[0m
[1;31mE (104930) CSV: 347.868808;152.665308;164.796500;43.610523;1.431364;17.677224[0m
[1;31mE (104970) CSV: 353.545454;153.201861;159.656407;43.610527;1.431364;18.068049[0m
[1;31mE (104990) CSV: 353.545454;153.201861;159.656407;43.610527;1.431364;18.068049[0m
[1;31mE (105010) CSV: 353.545454;153.201861;159.656407;43.610527;1.431364;18.068049[0m
[1;31mE (105040) CSV: 352.268878;153.201861;160.932984;43.610527;1.431364;18.068049[0m
[1;31mE (105070) CSV: 352.268878;153.147555;160.878677;43.610527;1.431364;18.076711[0m
[1;31mE (105090) CSV: 352.268878;153.147555;160.878677;43.610527;1.431364;18.076711[0m
[1;31mE (105110) CSV: 352.268878;153.147555;160.878677;43.610527;1.431364;18.076711[0m
[1;31mE (105140) CSV: 352.268878;153.147555;160.878677;43.610527;1.431364;18.076711[0m
[1;31mE (105160) CSV: 350.999976;153.093300;162.093325;43.610527;1.431363;18.085389[0m
[1;31mE (105190) CSV: 350.999976;153.093300;162.093325;43.610527;1.431363;18.085389[0m
[1;31mE (105210) CSV: 350.999976;153.093300;162.093325;43.610527;1.431363;18.085389[0m
[1;31mE (105230) CSV: 350.999976;153.093300;162.093325;43.610527;1.431363;18.085389[0m
[1;31mE (105260) CSV: 350.999976;153.093300;162.093325;43.610527;1.431363;18.085389[0m
[1;31mE (105300) CSV: 350.999976;153.093300;162.093325;43.610527;1.431363;18.085389[0m
[1;31mE (105340) CSV: 350.999976;153.093300;162.093325;43.610527;1.431363;18.085389[0m
[1;31mE (105360) CSV: 357.408972;153.769093;156.360121;43.610531;1.431364;18.451899[0m
[1;31mE (105380) CSV: 357.408972;153.769093;156.360121;43.610531;1.431364;18.451899[0m
[1;31mE (105400) CSV: 357.408972;153.769093;156.360121;43.610531;1.431364;18.451899[0m
[1;31mE (105430) CSV: 357.408972;153.769093;156.360121;43.610531;1.431364;18.451899[0m
[1;31mE (105460) CSV: 356.116764;153.715652;157.598888;43.610531;1.431363;18.460391[0m
[1;31mE (105480) CSV: 356.116764;153.715652;157.598888;43.610531;1.431363;18.460391[0m
[1;31mE (105500) CSV: 356.116764;153.715652;157.598888;43.610531;1.431363;18.460391[0m
[1;31mE (105520) CSV: 356.116764;153.715652;157.598888;43.610531;1.431363;18.460391[0m
[1;31mE (105550) CSV: 350.999976;153.715652;162.715675;43.610531;1.431363;18.460391[0m
[1;31mE (105580) CSV: 350.999976;153.502379;162.502403;43.610531;1.431363;18.494519[0m
[1;31mE (105600) CSV: 350.999976;153.502379;162.502403;43.610531;1.431363;18.494519[0m
[1;31mE (105620) CSV: 350.999976;153.502379;162.502403;43.610531;1.431363;18.494519[0m
[1;31mE (105650) CSV: 349.739913;153.502379;163.762466;43.610531;1.431363;18.494519[0m
[1;31mE (105670) CSV: 349.739913;153.449184;163.709271;43.610531;1.431362;18.503091[0m
[1;31mE (105700) CSV: 349.739913;153.449184;163.709271;43.610531;1.431362;18.503091[0m
[1;31mE (105720) CSV: 349.739913;153.449184;163.709271;43.610531;1.431362;18.503091[0m
[1;31mE (105750) CSV: 350.999977;153.893732;162.893755;43.610535;1.431362;18.904551[0m
[1;31mE (105770) CSV: 350.999977;153.893732;162.893755;43.610535;1.431362;18.904551[0m
[1;31mE (105820) CSV: 350.999977;153.893732;162.893755;43.610535;1.431362;18.904551[0m
[1;31mE (105850) CSV: 350.999977;153.893732;162.893755;43.610535;1.431362;18.904551[0m
[1;31mE (105870) CSV: 349.113546;153.815422;164.701876;43.610535;1.431361;18.917239[0m
[1;31mE (105890) CSV: 349.113546;153.815422;164.701876;43.610535;1.431361;18.917239[0m
[1;31mE (105920) CSV: 347.868810;153.815422;165.946612;43.610535;1.431361;18.917239[0m
[1;31mE (105950) CSV: 347.868810;153.763274;165.894464;43.610535;1.431361;18.925717[0m
[1;31mE (105970) CSV: 347.868810;153.763274;165.894464;43.610535;1.431361;18.925717[0m
[1;31mE (105990) CSV: 347.868810;153.763274;165.894464;43.610535;1.431361;18.925717[0m
[1;31mE (106010) CSV: 347.868810;153.763274;165.894464;43.610535;1.431361;18.925717[0m
[1;31mE (106040) CSV: 347.868810;153.763274;165.894464;43.610535;1.431361;18.925717[0m
[1;31mE (106070) CSV: 354.186246;154.345441;160.159195;43.610538;1.431361;19.302945[0m
[1;31mE (106090) CSV: 354.186246;154.345441;160.159195;43.610538;1.431361;19.302945[0m
[1;31mE (106110) CSV: 354.186246;154.345441;160.159195;43.610538;1.431361;19.302945[0m
[1;31mE (106130) CSV: 354.186246;154.345441;160.159195;43.610538;1.431361;19.302945[0m
[1;31mE (106160) CSV: 350.999977;154.217181;163.217203;43.610538;1.431361;19.323769[0m
[1;31mE (106190) CSV: 350.999977;154.217181;163.217203;43.610538;1.431361;19.323769[0m
[1;31mE (106210) CSV: 350.999977;154.217181;163.217203;43.610538;1.431361;19.323769[0m
[1;31mE (106230) CSV: 350.999977;154.217181;163.217203;43.610538;1.431361;19.323769[0m
[1;31mE (106260) CSV: 350.999977;154.217181;163.217203;43.610538;1.431361;19.323769[0m
[1;31mE (106280) CSV: 350.999977;154.217181;163.217203;43.610538;1.431361;19.323769[0m
[1;31mE (106340) CSV: 350.368770;154.191562;163.822792;43.610538;1.431360;19.327946[0m
[1;31mE (106360) CSV: 350.368770;154.191562;163.822792;43.610538;1.431360;19.327946[0m
[1;31mE (106380) CSV: 350.368770;154.191562;163.822792;43.610538;1.431360;19.327946[0m
[1;31mE (106400) CSV: 350.368770;154.191562;163.822792;43.610538;1.431360;19.327946[0m
[1;31mE (106440) CSV: 350.368770;154.191562;163.822792;43.610538;1.431360;19.327946[0m
[1;31mE (106460) CSV: 355.472059;154.677941;159.205882;43.610542;1.431360;19.718879[0m
[1;31mE (106480) CSV: 355.472059;154.677941;159.205882;43.610542;1.431360;19.718879[0m
[1;31mE (106500) CSV: 355.472059;154.677941;159.205882;43.610542;1.431360;19.718879[0m
[1;31mE (106520) CSV: 355.472059;154.677941;159.205882;43.610542;1.431360;19.718879[0m
[1;31mE (106560) CSV: 354.186246;154.627547;160.441300;43.610542;1.431360;19.727096[0m
[1;31mE (106580) CSV: 354.186246;154.627547;160.441300;43.610542;1.431360;19.727096[0m
[1;31mE (106600) CSV: 354.186246;154.627547;160.441300;43.610542;1.431360;19.727096[0m
[1;31mE (106620) CSV: 354.186246;154.627547;160.441300;43.610542;1.431360;19.727096[0m
[1;31mE (106650) CSV: 352.268879;154.552034;162.283155;43.610542;1.431360;19.739451[0m
[1;31mE (106680) CSV: 352.268879;154.552034;162.283155;43.610542;1.431360;19.739451[0m
[1;31mE (106700) CSV: 352.268879;154.552034;162.283155;43.610542;1.431360;19.739451[0m
[1;31mE (106720) CSV: 352.268879;154.552034;162.283155;43.610542;1.431360;19.739451[0m
[1;31mE (106750) CSV: 348.489803;154.401293;165.911490;43.610542;1.431359;19.764263[0m
[1;31mE (106770) CSV: 348.489803;154.401293;165.911490;43.610542;1.431359;19.764263[0m
[1;31mE (106800) CSV: 348.489803;154.401293;165.911490;43.610542;1.431359;19.764263[0m
[1;31mE (106850) CSV: 350.368771;154.873065;164.504294;43.610546;1.431359;20.155779[0m
[1;31mE (106870) CSV: 350.368771;154.873065;164.504294;43.610546;1.431359;20.155779[0m
[1;31mE (106890) CSV: 350.368771;154.873065;164.504294;43.610546;1.431359;20.155779[0m
[1;31mE (106920) CSV: 350.368771;154.873065;164.504294;43.610546;1.431359;20.155779[0m
[1;31mE (106950) CSV: 350.368771;154.873065;164.504294;43.610546;1.431359;20.155779[0m
[1;31mE (106970) CSV: 347.868812;154.774342;166.905529;43.610546;1.431358;20.172110[0m
[1;31mE (106990) CSV: 347.868812;154.774342;166.905529;43.610546;1.431358;20.172110[0m
[1;31mE (107010) CSV: 347.868812;154.774342;166.905529;43.610546;1.431358;20.172110[0m
[1;31mE (107050) CSV: 347.868812;154.774342;166.905529;43.610546;1.431358;20.172110[0m
[1;31mE (107070) CSV: 346.635593;154.725040;168.089448;43.610546;1.431358;20.180298[0m
[1;31mE (107090) CSV: 346.635593;154.725040;168.089448;43.610546;1.431358;20.180298[0m
[1;31mE (107110) CSV: 346.635593;154.725040;168.089448;43.610546;1.431358;20.180298[0m
[1;31mE (107140) CSV: 346.635593;154.725040;168.089448;43.610546;1.431358;20.180298[0m
[1;31mE (107170) CSV: 347.250701;154.749686;167.498985;43.610546;1.431358;20.176202[0m
[1;31mE (107190) CSV: 347.250701;154.749686;167.498985;43.610546;1.431358;20.176202[0m
[1;31mE (107210) CSV: 347.250701;154.749686;167.498985;43.610546;1.431358;20.176202[0m
[1;31mE (107230) CSV: 347.250701;154.749686;167.498985;43.610546;1.431358;20.176202[0m
[1;31mE (107260) CSV: 354.186247;155.205359;161.019111;43.610550;1.431358;20.568687[0m
[1;31mE (107290) CSV: 354.186247;155.205359;161.019111;43.610550;1.431358;20.568687[0m
[1;31mE (107320) CSV: 354.186247;155.205359;161.019111;43.610550;1.431358;20.568687[0m
[1;31mE (107360) CSV: 352.268880;155.132590;162.863710;43.610550;1.431358;20.580779[0m
[1;31mE (107380) CSV: 352.268880;155.132590;162.863710;43.610550;1.431358;20.580779[0m
[1;31mE (107410) CSV: 352.268880;155.132590;162.863710;43.610550;1.431358;20.580779[0m
[1;31mE (107430) CSV: 352.268880;155.132590;162.863710;43.610550;1.431358;20.580779[0m
[1;31mE (107460) CSV: 352.268880;155.132590;162.863710;43.610550;1.431358;20.580779[0m
[1;31mE (107480) CSV: 352.268880;155.132590;162.863710;43.610550;1.431358;20.580779[0m
[1;31mE (107500) CSV: 352.268880;155.132590;162.863710;43.610550;1.431358;20.580779[0m
[1;31mE (107530) CSV: 352.268880;155.132590;162.863710;43.610550;1.431358;20.580779[0m
[1;31mE (107560) CSV: 351.633397;155.132590;163.499194;43.610550;1.431358;20.580779[0m
[1;31mE (107580) CSV: 351.633397;155.108353;163.474957;43.610550;1.431357;20.584816[0m
[1;31mE (107600) CSV: 351.633397;155.108353;163.474957;43.610550;1.431357;20.584816[0m
[1;31mE (107620) CSV: 351.633397;155.108353;163.474957;43.610550;1.431357;20.584816[0m
[1;31mE (107660) CSV: 350.368772;155.059908;164.691136;43.610550;1.431357;20.592903[0m
[1;31mE (107680) CSV: 350.368772;155.059908;164.691136;43.610550;1.431357;20.592903[0m
[1;31mE (107700) CSV: 350.368772;155.059908;164.691136;43.610550;1.431357;20.592903[0m
[1;31mE (107730) CSV: 350.368772;155.059908;164.691136;43.610550;1.431357;20.592903[0m
[1;31mE (107750) CSV: 353.545457;155.500715;161.955258;43.610554;1.431357;20.986239[0m
[1;31mE (107780) CSV: 353.545457;155.500715;161.955258;43.610554;1.431357;20.986239[0m
[1;31mE (107800) CSV: 353.545457;155.500715;161.955258;43.610554;1.431357;20.986239[0m
[1;31mE (107830) CSV: 352.268881;155.453045;163.184164;43.610554;1.431357;20.994206[0m
[1;31mE (107870) CSV: 352.268881;155.453045;163.184164;43.610554;1.431357;20.994206[0m
[1;31mE (107900) CSV: 352.268881;155.453045;163.184164;43.610554;1.431357;20.994206[0m
[1;31mE (107930) CSV: 352.268881;155.453045;163.184164;43.610554;1.431357;20.994206[0m
[1;31mE (107950) CSV: 350.368773;155.381609;165.012836;43.610554;1.431356;21.006184[0m
[1;31mE (107970) CSV: 350.368773;155.381609;165.012836;43.610554;1.431356;21.006184[0m
[1;31mE (107990) CSV: 350.368773;155.381609;165.012836;43.610554;1.431356;21.006184[0m
[1;31mE (108020) CSV: 350.368773;155.381609;165.012836;43.610554;1.431356;21.006184[0m
[1;31mE (108040) CSV: 350.368773;155.381609;165.012836;43.610554;1.431356;21.006184[0m
[1;31mE (108070) CSV: 347.250703;155.262730;168.012027;43.610554;1.431356;21.026219[0m
[1;31mE (108090) CSV: 347.250703;155.262730;168.012027;43.610554;1.431356;21.026219[0m
[1;31mE (108110) CSV: 347.250703;155.262730;168.012027;43.610554;1.431356;21.026219[0m
[1;31mE (108140) CSV: 347.250703;155.262730;168.012027;43.610554;1.431356;21.026219[0m
[1;31mE (108170) CSV: 349.113550;155.620737;166.507187;43.610558;1.431355;21.431970[0m
[1;31mE (108190) CSV: 349.113550;155.620737;166.507187;43.610558;1.431355;21.431970[0m
[1;31mE (108220) CSV: 349.113550;155.620737;166.507187;43.610558;1.431355;21.431970[0m
[1;31mE (108240) CSV: 348.489806;155.597372;167.107566;43.610558;1.431355;21.435933[0m
[1;31mE (108270) CSV: 348.489806;155.597372;167.107566;43.610558;1.431355;21.435933[0m
[1;31mE (108290) CSV: 348.489806;155.597372;167.107566;43.610558;1.431355;21.435933[0m
[1;31mE (108310) CSV: 348.489806;155.597372;167.107566;43.610558;1.431355;21.435933[0m
[1;31mE (108340) CSV: 347.250703;155.550666;168.299962;43.610558;1.431355;21.443870[0m
[1;31mE (108390) CSV: 347.250703;155.550666;168.299962;43.610558;1.431355;21.443870[0m
[1;31mE (108410) CSV: 347.250703;155.550666;168.299962;43.610558;1.431355;21.443870[0m
[1;31mE (108440) CSV: 346.023608;155.550666;169.527058;43.610558;1.431355;21.443870[0m
[1;31mE (108460) CSV: 346.023608;155.503995;169.480387;43.610558;1.431355;21.451822[0m
[1;31mE (108480) CSV: 346.023608;155.503995;169.480387;43.610558;1.431355;21.451822[0m
[1;31mE (108510) CSV: 346.023608;155.503995;169.480387;43.610558;1.431355;21.451822[0m
[1;31mE (108540) CSV: 346.023608;155.503995;169.480387;43.610558;1.431355;21.451822[0m
[1;31mE (108560) CSV: 352.268882;155.919451;163.650569;43.610561;1.431354;21.846350[0m
[1;31mE (108580) CSV: 352.268882;155.919451;163.650569;43.610561;1.431354;21.846350[0m
[1;31mE (108600) CSV: 352.268882;155.919451;163.650569;43.610561;1.431354;21.846350[0m
[1;31mE (108630) CSV: 352.268882;155.919451;163.650569;43.610561;1.431354;21.846350[0m
[1;31mE (108660) CSV: 350.999981;155.919451;164.919470;43.610561;1.431354;21.846350[0m
[1;31mE (108680) CSV: 350.999981;155.873506;164.873525;43.610561;1.431354;21.854189[0m
[1;31mE (108700) CSV: 350.999981;155.873506;164.873525;43.610561;1.431354;21.854189[0m
[1;31mE (108730) CSV: 350.999981;155.873506;164.873525;43.610561;1.431354;21.854189[0m
[1;31mE (108760) CSV: 350.368774;155.850546;165.481772;43.610561;1.431354;21.858114[0m
[1;31mE (108780) CSV: 350.368774;155.850546;165.481772;43.610561;1.431354;21.858114[0m
[1;31mE (108800) CSV: 350.368774;155.850546;165.481772;43.610561;1.431354;21.858114[0m
[1;31mE (108820) CSV: 350.368774;155.850546;165.481772;43.610561;1.431354;21.858114[0m
[1;31mE (108850) CSV: 348.489807;155.781715;167.291908;43.610561;1.431354;21.869910[0m
[1;31mE (108900) CSV: 348.489807;155.781715;167.291908;43.610561;1.431354;21.869910[0m
[1;31mE (108920) CSV: 348.489807;155.781715;167.291908;43.610561;1.431354;21.869910[0m
[1;31mE (108950) CSV: 352.268882;156.139263;163.870381;43.610565;1.431353;22.272935[0m
[1;31mE (108970) CSV: 352.268882;156.139263;163.870381;43.610565;1.431353;22.272935[0m
[1;31mE (109000) CSV: 352.268882;156.139263;163.870381;43.610565;1.431353;22.272935[0m
[1;31mE (109020) CSV: 352.268882;156.139263;163.870381;43.610565;1.431353;22.272935[0m
[1;31mE (109050) CSV: 352.268882;156.139263;163.870381;43.610565;1.431353;22.272935[0m
[1;31mE (109070) CSV: 349.113552;156.026466;166.912915;43.610565;1.431352;22.292389[0m
[1;31mE (109090) CSV: 349.113552;156.026466;166.912915;43.610565;1.431352;22.292389[0m
[1;31mE (109130) CSV: 349.113552;156.026466;166.912915;43.610565;1.431352;22.292389[0m
[1;31mE (109150) CSV: 344.207508;155.846402;171.638894;43.610565;1.431352;22.323697[0m
[1;31mE (109170) CSV: 344.207508;155.846402;171.638894;43.610565;1.431352;22.323697[0m
[1;31mE (109190) CSV: 344.207508;155.846402;171.638894;43.610565;1.431352;22.323697[0m
[1;31mE (109210) CSV: 344.207508;155.846402;171.638894;43.610565;1.431352;22.323697[0m
[1;31mE (109250) CSV: 327.644143;155.734118;-171.910025;43.610565;1.431351;22.343375[0m
[1;31mE (109270) CSV: 327.644143;155.734118;-171.910025;43.610565;1.431351;22.343375[0m
[1;31mE (109290) CSV: 327.644143;155.734118;-171.910025;43.610565;1.431351;22.343375[0m
[1;31mE (109310) CSV: 327.644143;155.734118;-171.910025;43.610565;1.431351;22.343375[0m
[1;31mE (109340) CSV: 327.644143;155.734118;-171.910025;43.610565;1.431351;22.343375[0m
[1;31mE (109370) CSV: 342.423385;156.040883;173.617498;43.610569;1.431350;22.754066[0m
[1;31mE (109410) CSV: 342.423385;156.040883;173.617498;43.610569;1.431350;22.754066[0m
[1;31mE (109440) CSV: 342.423385;156.040883;173.617498;43.610569;1.431350;22.754066[0m
[1;31mE (109470) CSV: 341.252997;155.996729;174.743732;43.610569;1.431350;22.761867[0m
[1;31mE (109490) CSV: 341.252997;155.996729;174.743732;43.610569;1.431350;22.761867[0m
[1;31mE (109510) CSV: 341.252997;155.996729;174.743732;43.610569;1.431350;22.761867[0m
[1;31mE (109530) CSV: 341.252997;155.996729;174.743732;43.610569;1.431350;22.761867[0m
[1;31mE (109560) CSV: 327.644145;155.952605;-171.691540;43.610569;1.431350;22.769683[0m
[1;31mE (109590) CSV: 327.644145;155.952605;-171.691540;43.610569;1.431350;22.769683[0m
[1;31mE (109620) CSV: 327.644145;155.952605;-171.691540;43.610569;1.431350;22.769683[0m
[1;31mE (109640) CSV: 325.831659;155.908511;-169.923149;43.610569;1.431350;22.777511[0m
[1;31mE (109660) CSV: 325.831659;155.908511;-169.923149;43.610569;1.431350;22.777511[0m
[1;31mE (109680) CSV: 325.831659;155.908511;-169.923149;43.610569;1.431350;22.777511[0m
[1;31mE (109710) CSV: 325.831659;155.908511;-169.923149;43.610569;1.431350;22.777511[0m
[1;31mE (109740) CSV: 350.999982;156.293293;165.293311;43.610573;1.431349;23.173096[0m
[1;31mE (109760) CSV: 350.999982;156.293293;165.293311;43.610573;1.431349;23.173096[0m
[1;31mE (109780) CSV: 350.999982;156.293293;165.293311;43.610573;1.431349;23.173096[0m
[1;31mE (109800) CSV: 350.999982;156.293293;165.293311;43.610573;1.431349;23.173096[0m
[1;31mE (109820) CSV: 350.999982;156.293293;165.293311;43.610573;1.431349;23.173096[0m
[1;31mE (109860) CSV: 350.368776;156.271569;165.902794;43.610573;1.431349;23.176957[0m
[1;31mE (109880) CSV: 350.368776;156.271569;165.902794;43.610573;1.431349;23.176957[0m
[1;31mE (109930) CSV: 352.268883;156.271569;164.002686;43.610573;1.431349;23.176957[0m
[1;31mE (109960) CSV: 352.268883;156.336763;164.067880;43.610573;1.431350;23.165385[0m
[1;31mE (109990) CSV: 353.545459;156.380262;162.834803;43.610573;1.431350;23.157688[0m
[1;31mE (110010) CSV: 353.545459;156.380262;162.834803;43.610573;1.431350;23.157688[0m
[1;31mE (110030) CSV: 353.545459;156.380262;162.834803;43.610573;1.431350;23.157688[0m
[1;31mE (110050) CSV: 353.545459;156.380262;162.834803;43.610573;1.431350;23.157688[0m
[1;31mE (110080) CSV: 353.545459;156.380262;162.834803;43.610573;1.431350;23.157688[0m
[1;31mE (110100) CSV: 353.545459;156.380262;162.834803;43.610573;1.431350;23.157688[0m
[1;31mE (110130) CSV: 353.545459;156.380262;162.834803;43.610573;1.431350;23.157688[0m
[1;31mE (110150) CSV: 358.056151;156.686569;158.630418;43.610577;1.431349;23.565891[0m
[1;31mE (110170) CSV: 358.056151;156.686569;158.630418;43.610577;1.431349;23.565891[0m
[1;31mE (110200) CSV: 358.056151;156.686569;158.630418;43.610577;1.431349;23.565891[0m
[1;31mE (110220) CSV: 358.056151;156.686569;158.630418;43.610577;1.431349;23.565891[0m
[1;31mE (110250) CSV: 352.268884;156.493984;164.225100;43.610577;1.431348;23.600210[0m
[1;31mE (110270) CSV: 352.268884;156.493984;164.225100;43.610577;1.431348;23.600210[0m
[1;31mE (110300) CSV: 352.268884;156.493984;164.225100;43.610577;1.431348;23.600210[0m
[1;31mE (110330) CSV: 346.635599;156.301961;169.666362;43.610577;1.431347;23.634794[0m
[1;31mE (110350) CSV: 346.635599;156.301961;169.666362;43.610577;1.431347;23.634794[0m
[1;31mE (110370) CSV: 346.635599;156.301961;169.666362;43.610577;1.431347;23.634794[0m
[1;31mE (110390) CSV: 346.635599;156.301961;169.666362;43.610577;1.431347;23.634794[0m
[1;31mE (110450) CSV: 324.093787;156.110501;-167.983287;43.610577;1.431346;23.669643[0m
[1;31mE (110470) CSV: 324.093787;156.110501;-167.983287;43.610577;1.431346;23.669643[0m
[1;31mE (110490) CSV: 324.093787;156.110501;-167.983287;43.610577;1.431346;23.669643[0m
[1;31mE (110520) CSV: 324.093787;156.110501;-167.983287;43.610577;1.431346;23.669643[0m
[1;31mE (110550) CSV: 341.836233;156.582532;174.746298;43.610580;1.431346;24.046634[0m
[1;31mE (110570) CSV: 341.836233;156.582532;174.746298;43.610580;1.431346;24.046634[0m
[1;31mE (110590) CSV: 341.836233;156.582532;174.746298;43.610580;1.431346;24.046634[0m
[1;31mE (110610) CSV: 341.836233;156.582532;174.746298;43.610580;1.431346;24.046634[0m
[1;31mE (110640) CSV: 340.098617;156.519608;176.420991;43.610580;1.431346;24.058091[0m
[1;31mE (110660) CSV: 340.098617;156.519608;176.420991;43.610580;1.431346;24.058091[0m
[1;31mE (110690) CSV: 340.098617;156.519608;176.420991;43.610580;1.431346;24.058091[0m
[1;31mE (110710) CSV: 340.098617;156.519608;176.420991;43.610580;1.431346;24.058091[0m
[1;31mE (110740) CSV: 325.831664;156.519608;-169.312056;43.610580;1.431346;24.058091[0m
[1;31mE (110760) CSV: 325.831664;156.456744;-169.374920;43.610580;1.431346;24.069578[0m
[1;31mE (110780) CSV: 325.831664;156.456744;-169.374920;43.610580;1.431346;24.069578[0m
[1;31mE (110810) CSV: 325.831664;156.456744;-169.374920;43.610580;1.431346;24.069578[0m
[1;31mE (110830) CSV: 325.831664;156.456744;-169.374920;43.610580;1.431346;24.069578[0m
[1;31mE (110860) CSV: 323.252374;156.456744;-166.795630;43.610580;1.431346;24.069578[0m
[1;31mE (110880) CSV: 323.252374;156.393941;-166.858433;43.610580;1.431345;24.081093[0m
[1;31mE (110900) CSV: 323.252374;156.393941;-166.858433;43.610580;1.431345;24.081093[0m
[1;31mE (110960) CSV: 353.545460;156.709095;163.163634;43.610584;1.431345;24.485517[0m
[1;31mE (110980) CSV: 353.545460;156.709095;163.163634;43.610584;1.431345;24.485517[0m
[1;31mE (111000) CSV: 353.545460;156.709095;163.163634;43.610584;1.431345;24.485517[0m
[1;31mE (111040) CSV: 350.368777;156.606034;166.237257;43.610584;1.431344;24.504531[0m
[1;31mE (111060) CSV: 350.368777;156.606034;166.237257;43.610584;1.431344;24.504531[0m
[1;31mE (111080) CSV: 350.368777;156.606034;166.237257;43.610584;1.431344;24.504531[0m
[1;31mE (111100) CSV: 350.368777;156.606034;166.237257;43.610584;1.431344;24.504531[0m
[1;31mE (111130) CSV: 348.489811;156.606034;168.116223;43.610584;1.431344;24.504531[0m
[1;31mE (111160) CSV: 348.489811;156.544275;168.054464;43.610584;1.431344;24.515977[0m
[1;31mE (111180) CSV: 348.489811;156.544275;168.054464;43.610584;1.431344;24.515977[0m
[1;31mE (111200) CSV: 348.489811;156.544275;168.054464;43.610584;1.431344;24.515977[0m
[1;31mE (111220) CSV: 348.489811;156.544275;168.054464;43.610584;1.431344;24.515977[0m
[1;31mE (111250) CSV: 327.644151;156.400394;-171.243757;43.610584;1.431343;24.542796[0m
[1;31mE (111280) CSV: 327.644151;156.400394;-171.243757;43.610584;1.431343;24.542796[0m
[1;31mE (111300) CSV: 327.644151;156.400394;-171.243757;43.610584;1.431343;24.542796[0m
[1;31mE (111320) CSV: 327.644151;156.400394;-171.243757;43.610584;1.431343;24.542796[0m
[1;31mE (111350) CSV: 327.644151;156.400394;-171.243757;43.610584;1.431343;24.542796[0m
[1;31mE (111370) CSV: 327.644151;156.215867;-171.428284;43.610584;1.431342;24.577504[0m
[1;31mE (111400) CSV: 327.644151;156.215867;-171.428284;43.610584;1.431342;24.577504[0m
[1;31mE (111430) CSV: 326.728507;156.406609;-170.321898;43.610588;1.431341;25.004499[0m
[1;31mE (111470) CSV: 326.728507;156.406609;-170.321898;43.610588;1.431341;25.004499[0m
[1;31mE (111490) CSV: 326.728507;156.406609;-170.321898;43.610588;1.431341;25.004499[0m
[1;31mE (111520) CSV: 326.728507;156.406609;-170.321898;43.610588;1.431341;25.004499[0m
[1;31mE (111550) CSV: 322.429018;156.245577;-166.183440;43.610588;1.431340;25.035329[0m
[1;31mE (111570) CSV: 322.429018;156.245577;-166.183440;43.610588;1.431340;25.035329[0m
[1;31mE (111590) CSV: 322.429018;156.245577;-166.183440;43.610588;1.431340;25.035329[0m
[1;31mE (111610) CSV: 322.429018;156.245577;-166.183440;43.610588;1.431340;25.035329[0m
[1;31mE (111650) CSV: 322.429018;156.245577;-166.183440;43.610588;1.431340;25.035329[0m
[1;31mE (111670) CSV: 322.429018;156.245577;-166.183440;43.610588;1.431340;25.035329[0m
[1;31mE (111690) CSV: 322.429018;156.245577;-166.183440;43.610588;1.431340;25.035329[0m
[1;31mE (111710) CSV: 322.429018;156.245577;-166.183440;43.610588;1.431340;25.035329[0m
[1;31mE (111740) CSV: 322.429018;156.245577;-166.183440;43.610588;1.431340;25.035329[0m
[1;31mE (111770) CSV: 322.429018;156.105001;-166.324017;43.610588;1.431339;25.062467[0m
[1;31mE (111790) CSV: 322.429018;156.105001;-166.324017;43.610588;1.431339;25.062467[0m
[1;31mE (111810) CSV: 322.429018;156.105001;-166.324017;43.610588;1.431339;25.062467[0m
[1;31mE (111830) CSV: 322.429018;156.105001;-166.324017;43.610588;1.431339;25.062467[0m
[1;31mE (111870) CSV: 342.423391;156.432391;174.009000;43.610592;1.431339;25.462364[0m
[1;31mE (111890) CSV: 342.423391;156.432391;174.009000;43.610592;1.431339;25.462364[0m
[1;31mE (111920) CSV: 342.423391;156.432391;174.009000;43.610592;1.431339;25.462364[0m
[1;31mE (111940) CSV: 341.253004;156.392813;175.139809;43.610592;1.431338;25.470045[0m
[1;31mE (111990) CSV: 341.253004;156.392813;175.139809;43.610592;1.431338;25.470045[0m
[1;31mE (112010) CSV: 341.253004;156.392813;175.139809;43.610592;1.431338;25.470045[0m
[1;31mE (112040) CSV: 341.253004;156.392813;175.139809;43.610592;1.431338;25.470045[0m
[1;31mE (112060) CSV: 338.960833;156.313727;177.352894;43.610592;1.431338;25.485443[0m
[1;31mE (112080) CSV: 338.960833;156.313727;177.352894;43.610592;1.431338;25.485443[0m
[1;31mE (112110) CSV: 338.960833;156.313727;177.352894;43.610592;1.431338;25.485443[0m
[1;31mE (112140) CSV: 338.960833;156.313727;177.352894;43.610592;1.431338;25.485443[0m
[1;31mE (112160) CSV: 352.268886;156.632538;164.363652;43.610596;1.431337;25.885853[0m
[1;31mE (112180) CSV: 352.268886;156.632538;164.363652;43.610596;1.431337;25.885853[0m
[1;31mE (112200) CSV: 352.268886;156.632538;164.363652;43.610596;1.431337;25.885853[0m
[1;31mE (112220) CSV: 352.268886;156.632538;164.363652;43.610596;1.431337;25.885853[0m
[1;31mE (112260) CSV: 348.489813;156.632538;168.142725;43.610596;1.431337;25.885853[0m
[1;31mE (112280) CSV: 348.489813;156.515636;168.025823;43.610596;1.431337;25.908746[0m
[1;31mE (112300) CSV: 348.489813;156.515636;168.025823;43.610596;1.431337;25.908746[0m
[1;31mE (112330) CSV: 345.414867;156.418375;171.003508;43.610596;1.431336;25.927907[0m
[1;31mE (112360) CSV: 345.414867;156.418375;171.003508;43.610596;1.431336;25.927907[0m
[1;31mE (112380) CSV: 345.414867;156.418375;171.003508;43.610596;1.431336;25.927907[0m
[1;31mE (112400) CSV: 345.414867;156.418375;171.003508;43.610596;1.431336;25.927907[0m
[1;31mE (112430) CSV: 345.414867;156.418375;171.003508;43.610596;1.431336;25.927907[0m
[1;31mE (112450) CSV: 341.836238;156.301853;174.465615;43.610596;1.431335;25.950998[0m
[1;31mE (112500) CSV: 341.836238;156.301853;174.465615;43.610596;1.431335;25.950998[0m
[1;31mE (112520) CSV: 341.836238;156.301853;174.465615;43.610596;1.431335;25.950998[0m
[1;31mE (112550) CSV: 326.728510;156.127458;-170.601052;43.610596;1.431334;25.985835[0m
[1;31mE (112570) CSV: 326.728510;156.127458;-170.601052;43.610596;1.431334;25.985835[0m
[1;31mE (112600) CSV: 326.728510;156.127458;-170.601052;43.610596;1.431334;25.985835[0m
[1;31mE (112620) CSV: 326.728510;156.127458;-170.601052;43.610596;1.431334;25.985835[0m
[1;31mE (112650) CSV: 326.728512;156.328527;-170.399985;43.610600;1.431333;26.408841[0m
[1;31mE (112670) CSV: 326.728512;156.328527;-170.399985;43.610600;1.431333;26.408841[0m
[1;31mE (112690) CSV: 326.728512;156.328527;-170.399985;43.610600;1.431333;26.408841[0m
[1;31mE (112720) CSV: 326.728512;156.328527;-170.399985;43.610600;1.431333;26.408841[0m
[1;31mE (112750) CSV: 325.831673;156.328527;-169.503146;43.610600;1.431333;26.408841[0m
[1;31mE (112770) CSV: 325.831673;156.100080;-169.731593;43.610600;1.431332;26.455291[0m
[1;31mE (112790) CSV: 325.831673;156.100080;-169.731593;43.610600;1.431332;26.455291[0m
[1;31mE (112820) CSV: 325.831673;156.100080;-169.731593;43.610600;1.431332;26.455291[0m
[1;31mE (112850) CSV: 320.835469;155.986158;-164.849311;43.610600;1.431331;26.478674[0m
[1;31mE (112870) CSV: 320.835469;155.986158;-164.849311;43.610600;1.431331;26.478674[0m
[1;31mE (112890) CSV: 320.835469;155.986158;-164.849311;43.610600;1.431331;26.478674[0m
[1;31mE (112910) CSV: 320.835469;155.986158;-164.849311;43.610600;1.431331;26.478674[0m
[1;31mE (112950) CSV: 324.093798;156.062084;-168.031714;43.610600;1.431332;26.463074[0m
[1;31mE (112970) CSV: 324.093798;156.062084;-168.031714;43.610600;1.431332;26.463074[0m
[1;31mE (113010) CSV: 324.093798;156.062084;-168.031714;43.610600;1.431332;26.463074[0m
[1;31mE (113040) CSV: 324.093798;156.062084;-168.031714;43.610600;1.431332;26.463074[0m
[1;31mE (113070) CSV: 343.609125;156.373044;172.763919;43.610603;1.431331;26.862842[0m
[1;31mE (113090) CSV: 343.609125;156.373044;172.763919;43.610603;1.431331;26.862842[0m
[1;31mE (113110) CSV: 343.609125;156.373044;172.763919;43.610603;1.431331;26.862842[0m
[1;31mE (113130) CSV: 343.609125;156.373044;172.763919;43.610603;1.431331;26.862842[0m
[1;31mE (113160) CSV: 343.014386;156.354292;173.339906;43.610603;1.431331;26.866690[0m
[1;31mE (113190) CSV: 343.014386;156.354292;173.339906;43.610603;1.431331;26.866690[0m
[1;31mE (113210) CSV: 343.014386;156.354292;173.339906;43.610603;1.431331;26.866690[0m
[1;31mE (113230) CSV: 343.014386;156.354292;173.339906;43.610603;1.431331;26.866690[0m
[1;31mE (113260) CSV: 338.960837;156.223178;177.262341;43.610603;1.431330;26.893706[0m
[1;31mE (113280) CSV: 338.960837;156.223178;177.262341;43.610603;1.431330;26.893706[0m
[1;31mE (113310) CSV: 338.960837;156.223178;177.262341;43.610603;1.431330;26.893706[0m
[1;31mE (113340) CSV: 350.368781;156.223178;165.854397;43.610603;1.431330;26.893706[0m
[1;31mE (113360) CSV: 350.368781;156.508391;166.139610;43.610607;1.431330;27.297694[0m
[1;31mE (113380) CSV: 350.368781;156.508391;166.139610;43.610607;1.431330;27.297694[0m
[1;31mE (113400) CSV: 350.368781;156.508391;166.139610;43.610607;1.431330;27.297694[0m
[1;31mE (113440) CSV: 350.368781;156.508391;166.139610;43.610607;1.431330;27.297694[0m
[1;31mE (113460) CSV: 348.489815;156.452989;167.963174;43.610607;1.431329;27.309184[0m
[1;31mE (113480) CSV: 348.489815;156.452989;167.963174;43.610607;1.431329;27.309184[0m
[1;31mE (113530) CSV: 348.489815;156.452989;167.963174;43.610607;1.431329;27.309184[0m
[1;31mE (113560) CSV: 346.635606;156.397634;169.762029;43.610607;1.431329;27.320700[0m
[1;31mE (113580) CSV: 346.635606;156.397634;169.762029;43.610607;1.431329;27.320700[0m
[1;31mE (113600) CSV: 346.635606;156.397634;169.762029;43.610607;1.431329;27.320700[0m
[1;31mE (113620) CSV: 346.635606;156.397634;169.762029;43.610607;1.431329;27.320700[0m
[1;31mE (113650) CSV: 343.014387;156.287065;173.272678;43.610607;1.431328;27.343807[0m
[1;31mE (113680) CSV: 343.014387;156.287065;173.272678;43.610607;1.431328;27.343807[0m
[1;31mE (113700) CSV: 343.014387;156.287065;173.272678;43.610607;1.431328;27.343807[0m
[1;31mE (113730) CSV: 324.093801;156.287065;-167.806737;43.610607;1.431328;27.343807[0m
[1;31mE (113750) CSV: 324.093801;156.121561;-167.972241;43.610607;1.431327;27.378658[0m
[1;31mE (113770) CSV: 324.093801;156.121561;-167.972241;43.610607;1.431327;27.378658[0m
[1;31mE (113800) CSV: 324.093801;156.121561;-167.972241;43.610607;1.431327;27.378658[0m
[1;31mE (113830) CSV: 324.093801;156.121561;-167.972241;43.610607;1.431327;27.378658[0m
[1;31mE (113850) CSV: 340.673779;156.367008;175.693229;43.610611;1.431327;27.790092[0m
[1;31mE (113870) CSV: 340.673779;156.367008;175.693229;43.610611;1.431327;27.790092[0m
[1;31mE (113890) CSV: 340.673779;156.367008;175.693229;43.610611;1.431327;27.790092[0m
[1;31mE (113920) CSV: 340.673779;156.367008;175.693229;43.610611;1.431327;27.790092[0m
[1;31mE (113950) CSV: 325.831678;156.258329;-169.573349;43.610611;1.431326;27.813227[0m
[1;31mE (113970) CSV: 325.831678;156.258329;-169.573349;43.610611;1.431326;27.813227[0m
[1;31mE (113990) CSV: 325.831678;156.258329;-169.573349;43.610611;1.431326;27.813227[0m
[1;31mE (114050) CSV: 325.831678;156.258329;-169.573349;43.610611;1.431326;27.813227[0m
[1;31mE (114070) CSV: 327.644163;156.131767;-171.512396;43.610611;1.431325;27.840343[0m
[1;31mE (114090) CSV: 327.644163;156.131767;-171.512396;43.610611;1.431325;27.840343[0m
[1;31mE (114110) CSV: 327.644163;156.131767;-171.512396;43.610611;1.431325;27.840343[0m
[1;31mE (114150) CSV: 327.644163;156.131767;-171.512396;43.610611;1.431325;27.840343[0m
[1;31mE (114170) CSV: 323.252388;156.041516;-167.210872;43.610611;1.431324;27.859795[0m
[1;31mE (114190) CSV: 323.252388;156.041516;-167.210872;43.610611;1.431324;27.859795[0m
[1;31mE (114220) CSV: 323.252388;156.041516;-167.210872;43.610611;1.431324;27.859795[0m
[1;31mE (114240) CSV: 342.423398;156.319578;173.896180;43.610615;1.431324;28.263346[0m
[1;31mE (114270) CSV: 342.423398;156.319578;173.896180;43.610615;1.431324;28.263346[0m
[1;31mE (114290) CSV: 342.423398;156.319578;173.896180;43.610615;1.431324;28.263346[0m
[1;31mE (114310) CSV: 342.423398;156.319578;173.896180;43.610615;1.431324;28.263346[0m
[1;31mE (114340) CSV: 339.527625;156.319578;176.791953;43.610615;1.431324;28.263346[0m
[1;31mE (114360) CSV: 339.527625;156.230548;176.702923;43.610615;1.431323;28.282653[0m
[1;31mE (114390) CSV: 339.527625;156.230548;176.702923;43.610615;1.431323;28.282653[0m
[1;31mE (114410) CSV: 339.527625;156.230548;176.702923;43.610615;1.431323;28.282653[0m
[1;31mE (114440) CSV: 339.527625;156.230548;176.702923;43.610615;1.431323;28.282653[0m
[1;31mE (114460) CSV: 324.093805;156.141640;-167.952165;43.610615;1.431323;28.302029[0m
[1;31mE (114480) CSV: 324.093805;156.141640;-167.952165;43.610615;1.431323;28.302029[0m
[1;31mE (114510) CSV: 324.093805;156.141640;-167.952165;43.610615;1.431323;28.302029[0m
[1;31mE (114560) CSV: 325.831680;156.070601;-169.761079;43.610615;1.431322;28.317579[0m
[1;31mE (114580) CSV: 325.831680;156.070601;-169.761079;43.610615;1.431322;28.317579[0m
[1;31mE (114600) CSV: 325.831680;156.070601;-169.761079;43.610615;1.431322;28.317579[0m
[1;31mE (114630) CSV: 325.831680;156.070601;-169.761079;43.610615;1.431322;28.317579[0m
[1;31mE (114660) CSV: 344.809470;156.308756;171.499287;43.610619;1.431322;28.728900[0m
[1;31mE (114680) CSV: 344.809470;156.308756;171.499287;43.610619;1.431322;28.728900[0m
[1;31mE (114700) CSV: 344.809470;156.308756;171.499287;43.610619;1.431322;28.728900[0m
[1;31mE (114740) CSV: 341.253012;156.203674;174.950662;43.610619;1.431321;28.752086[0m
[1;31mE (114760) CSV: 341.253012;156.203674;174.950662;43.610619;1.431321;28.752086[0m
[1;31mE (114780) CSV: 341.253012;156.203674;174.950662;43.610619;1.431321;28.752086[0m
[1;31mE (114800) CSV: 341.253012;156.203674;174.950662;43.610619;1.431321;28.752086[0m
[1;31mE (114820) CSV: 341.253012;156.203674;174.950662;43.610619;1.431321;28.752086[0m
[1;31mE (114860) CSV: 326.728520;156.063827;-170.664693;43.610619;1.431320;28.783152[0m
[1;31mE (114880) CSV: 326.728520;156.063827;-170.664693;43.610619;1.431320;28.783152[0m
[1;31mE (114900) CSV: 326.728520;156.063827;-170.664693;43.610619;1.431320;28.783152[0m
[1;31mE (114920) CSV: 326.728520;156.063827;-170.664693;43.610619;1.431320;28.783152[0m
[1;31mE (114950) CSV: 325.831681;155.959141;-169.872540;43.610619;1.431319;28.806563[0m
[1;31mE (114980) CSV: 325.831681;155.959141;-169.872540;43.610619;1.431319;28.806563[0m
[1;31mE (115000) CSV: 325.831681;155.959141;-169.872540;43.610619;1.431319;28.806563[0m
[1;31mE (115020) CSV: 325.831681;155.959141;-169.872540;43.610619;1.431319;28.806563[0m
[1;31mE (115070) CSV: 324.953502;155.872033;-169.081470;43.610619;1.431319;28.826146[0m
[1;31mE (115100) CSV: 324.953502;155.872033;-169.081470;43.610619;1.431319;28.826146[0m
[1;31mE (115130) CSV: 324.953502;155.872033;-169.081470;43.610619;1.431319;28.826146[0m
[1;31mE (115150) CSV: 325.831683;156.126038;-169.705645;43.610622;1.431318;29.233167[0m
[1;31mE (115170) CSV: 325.831683;156.126038;-169.705645;43.610622;1.431318;29.233167[0m
[1;31mE (115190) CSV: 325.831683;156.126038;-169.705645;43.610622;1.431318;29.233167[0m
[1;31mE (115230) CSV: 325.831683;156.126038;-169.705645;43.610622;1.431318;29.233167[0m
[1;31mE (115250) CSV: 327.644168;156.057269;-171.586898;43.610622;1.431318;29.248725[0m
[1;31mE (115270) CSV: 327.644168;156.057269;-171.586898;43.610622;1.431318;29.248725[0m
[1;31mE (115290) CSV: 327.644168;156.057269;-171.586898;43.610622;1.431318;29.248725[0m
[1;31mE (115310) CSV: 327.644168;156.057269;-171.586898;43.610622;1.431318;29.248725[0m
[1;31mE (115350) CSV: 327.644168;156.057269;-171.586898;43.610622;1.431318;29.248725[0m
[1;31mE (115370) CSV: 324.093808;155.988574;-168.105235;43.610622;1.431317;29.264326[0m
[1;31mE (115390) CSV: 324.093808;155.988574;-168.105235;43.610622;1.431317;29.264326[0m
[1;31mE (115410) CSV: 324.093808;155.988574;-168.105235;43.610622;1.431317;29.264326[0m
[1;31mE (115440) CSV: 327.644168;155.988574;-171.655594;43.610622;1.431317;29.264326[0m
[1;31mE (115470) CSV: 327.644168;155.919951;-171.724217;43.610622;1.431317;29.279968[0m
[1;31mE (115490) CSV: 327.644168;155.919951;-171.724217;43.610622;1.431317;29.279968[0m
[1;31mE (115510) CSV: 327.644168;155.919951;-171.724217;43.610622;1.431317;29.279968[0m
[1;31mE (115530) CSV: 327.644168;155.919951;-171.724217;43.610622;1.431317;29.279968[0m
[1;31mE (115590) CSV: 346.635610;156.186363;169.550753;43.610626;1.431316;29.683215[0m
[1;31mE (115620) CSV: 346.635610;156.186363;169.550753;43.610626;1.431316;29.683215[0m
[1;31mE (115640) CSV: 343.014392;156.084752;173.070360;43.610626;1.431315;29.706512[0m
[1;31mE (115660) CSV: 343.014392;156.084752;173.070360;43.610626;1.431315;29.706512[0m
[1;31mE (115690) CSV: 343.014392;156.084752;173.070360;43.610626;1.431315;29.706512[0m
[1;31mE (115710) CSV: 343.014392;156.084752;173.070360;43.610626;1.431315;29.706512[0m
[1;31mE (115740) CSV: 343.014392;156.084752;173.070360;43.610626;1.431315;29.706512[0m
[1;31mE (115760) CSV: 327.644169;155.983300;-171.660869;43.610626;1.431315;29.729903[0m
[1;31mE (115780) CSV: 327.644169;155.983300;-171.660869;43.610626;1.431315;29.729903[0m
[1;31mE (115810) CSV: 327.644169;155.983300;-171.660869;43.610626;1.431315;29.729903[0m
[1;31mE (115840) CSV: 327.644169;155.983300;-171.660869;43.610626;1.431315;29.729903[0m
[1;31mE (115860) CSV: 325.831685;155.882009;-169.949676;43.610626;1.431314;29.753387[0m
[1;31mE (115880) CSV: 325.831685;155.882009;-169.949676;43.610626;1.431314;29.753387[0m
[1;31mE (115910) CSV: 342.423402;155.882009;173.458607;43.610626;1.431314;29.753387[0m
[1;31mE (115940) CSV: 342.423402;156.111400;173.687998;43.610630;1.431313;30.164306[0m
[1;31mE (115960) CSV: 342.423402;156.111400;173.687998;43.610630;1.431313;30.164306[0m
[1;31mE (115980) CSV: 342.423402;156.111400;173.687998;43.610630;1.431313;30.164306[0m
[1;31mE (116010) CSV: 342.423402;156.111400;173.687998;43.610630;1.431313;30.164306[0m
[1;31mE (116030) CSV: 324.093812;155.978189;-168.115622;43.610630;1.431312;30.195481[0m
[1;31mE (116080) CSV: 324.093812;155.978189;-168.115622;43.610630;1.431312;30.195481[0m
[1;31mE (116100) CSV: 324.093812;155.978189;-168.115622;43.610630;1.431312;30.195481[0m
[1;31mE (116130) CSV: 326.728525;155.828657;-170.899868;43.610630;1.431311;30.230747[0m
[1;31mE (116160) CSV: 326.728525;155.828657;-170.899868;43.610630;1.431311;30.230747[0m
[1;31mE (116180) CSV: 326.728525;155.828657;-170.899868;43.610630;1.431311;30.230747[0m
[1;31mE (116200) CSV: 326.728525;155.828657;-170.899868;43.610630;1.431311;30.230747[0m
[1;31mE (116220) CSV: 326.728525;155.828657;-170.899868;43.610630;1.431311;30.230747[0m
[1;31mE (116250) CSV: 323.252397;155.762310;-167.490087;43.610630;1.431311;30.246486[0m
[1;31mE (116280) CSV: 323.252397;155.762310;-167.490087;43.610630;1.431311;30.246486[0m
[1;31mE (116300) CSV: 323.252397;155.762310;-167.490087;43.610630;1.431311;30.246486[0m
[1;31mE (116320) CSV: 323.252397;155.762310;-167.490087;43.610630;1.431311;30.246486[0m
[1;31mE (116350) CSV: 324.093812;155.679474;-168.414338;43.610630;1.431310;30.266218[0m
[1;31mE (116370) CSV: 324.093812;155.679474;-168.414338;43.610630;1.431310;30.266218[0m
[1;31mE (116400) CSV: 324.093812;155.679474;-168.414338;43.610630;1.431310;30.266218[0m
[1;31mE (116420) CSV: 324.093812;155.679474;-168.414338;43.610630;1.431310;30.266218[0m
[1;31mE (116450) CSV: 324.093812;155.679474;-168.414338;43.610630;1.431310;30.266218[0m
[1;31mE (116470) CSV: 325.831688;155.940480;-169.891208;43.610634;1.431310;30.668879[0m
[1;31mE (116490) CSV: 325.831688;155.940480;-169.891208;43.610634;1.431310;30.668879[0m
[1;31mE (116530) CSV: 327.644173;155.842320;-171.801852;43.610634;1.431309;30.692400[0m
[1;31mE (116550) CSV: 327.644173;155.842320;-171.801852;43.610634;1.431309;30.692400[0m
[1;31mE (116590) CSV: 327.644173;155.842320;-171.801852;43.610634;1.431309;30.692400[0m
[1;31mE (116620) CSV: 327.644173;155.842320;-171.801852;43.610634;1.431309;30.692400[0m
[1;31mE (116650) CSV: 327.644173;155.842320;-171.801852;43.610634;1.431309;30.692400[0m
[1;31mE (116670) CSV: 322.429039;155.744311;-166.684728;43.610634;1.431308;30.716012[0m
[1;31mE (116690) CSV: 322.429039;155.744311;-166.684728;43.610634;1.431308;30.716012[0m
[1;31mE (116710) CSV: 322.429039;155.744311;-166.684728;43.610634;1.431308;30.716012[0m
[1;31mE (116750) CSV: 324.953509;155.646453;-169.307056;43.610634;1.431308;30.739714[0m
[1;31mE (116770) CSV: 324.953509;155.646453;-169.307056;43.610634;1.431308;30.739714[0m
[1;31mE (116790) CSV: 324.953509;155.646453;-169.307056;43.610634;1.431308;30.739714[0m
[1;31mE (116810) CSV: 324.953509;155.646453;-169.307056;43.610634;1.431308;30.739714[0m
[1;31mE (116840) CSV: 324.953509;155.646453;-169.307056;43.610634;1.431308;30.739714[0m
[1;31mE (116870) CSV: 342.423404;155.871688;173.448284;43.610638;1.431307;31.150132[0m
[1;31mE (116890) CSV: 342.423404;155.871688;173.448284;43.610638;1.431307;31.150132[0m
[1;31mE (116910) CSV: 342.423404;155.871688;173.448284;43.610638;1.431307;31.150132[0m
[1;31mE (116930) CSV: 342.423404;155.871688;173.448284;43.610638;1.431307;31.150132[0m
[1;31mE (116960) CSV: 325.831690;155.775095;-170.056594;43.610638;1.431306;31.173716[0m
[1;31mE (116990) CSV: 325.831690;155.775095;-170.056594;43.610638;1.431306;31.173716[0m
[1;31mE (117010) CSV: 325.831690;155.775095;-170.056594;43.610638;1.431306;31.173716[0m
[1;31mE (117040) CSV: 324.093815;155.646533;-168.447282;43.610638;1.431305;31.205299[0m
[1;31mE (117060) CSV: 324.093815;155.646533;-168.447282;43.610638;1.431305;31.205299[0m
[1;31mE (117110) CSV: 324.093815;155.646533;-168.447282;43.610638;1.431305;31.205299[0m
[1;31mE (117140) CSV: 323.252400;155.534255;-167.718146;43.610638;1.431304;31.233062[0m
[1;31mE (117160) CSV: 323.252400;155.534255;-167.718146;43.610638;1.431304;31.233062[0m
[1;31mE (117180) CSV: 323.252400;155.534255;-167.718146;43.610638;1.431304;31.233062[0m
[1;31mE (117210) CSV: 323.252400;155.534255;-167.718146;43.610638;1.431304;31.233062[0m
[1;31mE (117230) CSV: 323.252400;155.534255;-167.718146;43.610638;1.431304;31.233062[0m
[1;31mE (117260) CSV: 327.644176;155.741590;-171.902586;43.610641;1.431304;31.647181[0m
[1;31mE (117280) CSV: 327.644176;155.741590;-171.902586;43.610641;1.431304;31.647181[0m
[1;31mE (117300) CSV: 327.644176;155.741590;-171.902586;43.610641;1.431304;31.647181[0m
[1;31mE (117330) CSV: 327.644176;155.741590;-171.902586;43.610641;1.431304;31.647181[0m
[1;31mE (117360) CSV: 326.728530;155.630795;-171.097735;43.610641;1.431303;31.674843[0m
[1;31mE (117380) CSV: 326.728530;155.630795;-171.097735;43.610641;1.431303;31.674843[0m
[1;31mE (117400) CSV: 326.728530;155.630795;-171.097735;43.610641;1.431303;31.674843[0m
[1;31mE (117430) CSV: 322.429042;155.630795;-166.798248;43.610641;1.431303;31.674843[0m
[1;31mE (117460) CSV: 322.429042;155.551774;-166.877269;43.610641;1.431302;31.694673[0m
[1;31mE (117480) CSV: 322.429042;155.551774;-166.877269;43.610641;1.431302;31.694673[0m
[1;31mE (117500) CSV: 322.429042;155.551774;-166.877269;43.610641;1.431302;31.694673[0m
[1;31mE (117530) CSV: 322.429042;155.551774;-166.877269;43.610641;1.431302;31.694673[0m
[1;31mE (117550) CSV: 325.831691;155.488628;-170.343063;43.610641;1.431302;31.710581[0m
[1;31mE (117580) CSV: 325.831691;155.488628;-170.343063;43.610641;1.431302;31.710581[0m
[1;31mE (117630) CSV: 325.831691;155.488628;-170.343063;43.610641;1.431302;31.710581[0m
[1;31mE (117650) CSV: 326.728530;155.394029;-171.334501;43.610641;1.431301;31.734515[0m
[1;31mE (117680) CSV: 326.728530;155.394029;-171.334501;43.610641;1.431301;31.734515[0m
[1;31mE (117700) CSV: 326.728530;155.394029;-171.334501;43.610641;1.431301;31.734515[0m
[1;31mE (117720) CSV: 326.728530;155.394029;-171.334501;43.610641;1.431301;31.734515[0m
[1;31mE (117740) CSV: 326.728530;155.394029;-171.334501;43.610641;1.431301;31.734515[0m
[1;31mE (117770) CSV: 338.960850;155.631100;176.670250;43.610645;1.431300;32.140428[0m
[1;31mE (117800) CSV: 338.960850;155.631100;176.670250;43.610645;1.431300;32.140428[0m
[1;31mE (117820) CSV: 338.960850;155.631100;176.670250;43.610645;1.431300;32.140428[0m
[1;31mE (117850) CSV: 324.093819;155.553222;-168.540596;43.610645;1.431300;32.160258[0m
[1;31mE (117870) CSV: 324.093819;155.553222;-168.540596;43.610645;1.431300;32.160258[0m
[1;31mE (117890) CSV: 324.093819;155.553222;-168.540596;43.610645;1.431300;32.160258[0m
[1;31mE (117930) CSV: 324.093819;155.553222;-168.540596;43.610645;1.431300;32.160258[0m
[1;31mE (117950) CSV: 322.429044;155.522099;-166.906946;43.610645;1.431299;32.168206[0m
[1;31mE (117970) CSV: 322.429044;155.522099;-166.906946;43.610645;1.431299;32.168206[0m
[1;31mE (117990) CSV: 322.429044;155.522099;-166.906946;43.610645;1.431299;32.168206[0m
[1;31mE (118020) CSV: 322.429044;155.522099;-166.906946;43.610645;1.431299;32.168206[0m
[1;31mE (118050) CSV: 326.728532;155.413286;-171.315246;43.610645;1.431299;32.196101[0m
[1;31mE (118070) CSV: 326.728532;155.413286;-171.315246;43.610645;1.431299;32.196101[0m
[1;31mE (118110) CSV: 326.728532;155.413286;-171.315246;43.610645;1.431299;32.196101[0m
[1;31mE (118140) CSV: 326.728532;155.413286;-171.315246;43.610645;1.431299;32.196101[0m
[1;31mE (118170) CSV: 345.414879;155.662128;170.247249;43.610649;1.431298;32.598098[0m
[1;31mE (118190) CSV: 345.414879;155.662128;170.247249;43.610649;1.431298;32.598098[0m
[1;31mE (118210) CSV: 345.414879;155.662128;170.247249;43.610649;1.431298;32.598098[0m
[1;31mE (118230) CSV: 345.414879;155.662128;170.247249;43.610649;1.431298;32.598098[0m
[1;31mE (118270) CSV: 341.253020;155.554630;174.301609;43.610649;1.431297;32.625842[0m
[1;31mE (118290) CSV: 341.253020;155.554630;174.301609;43.610649;1.431297;32.625842[0m
[1;31mE (118310) CSV: 341.253020;155.554630;174.301609;43.610649;1.431297;32.625842[0m
[1;31mE (118330) CSV: 341.253020;155.554630;174.301609;43.610649;1.431297;32.625842[0m
[1;31mE (118360) CSV: 324.093820;155.447314;-168.646506;43.610649;1.431296;32.653701[0m
[1;31mE (118390) CSV: 324.093820;155.447314;-168.646506;43.610649;1.431296;32.653701[0m
[1;31mE (118410) CSV: 324.093820;155.447314;-168.646506;43.610649;1.431296;32.653701[0m
[1;31mE (118440) CSV: 325.831695;155.370773;-170.460922;43.610649;1.431296;32.673671[0m
[1;31mE (118460) CSV: 325.831695;155.370773;-170.460922;43.610649;1.431296;32.673671[0m
[1;31mE (118480) CSV: 325.831695;155.370773;-170.460922;43.610649;1.431296;32.673671[0m
[1;31mE (118510) CSV: 325.831695;155.370773;-170.460922;43.610649;1.431296;32.673671[0m
[1;31mE (118540) CSV: 325.831695;155.370773;-170.460922;43.610649;1.431296;32.673671[0m
[1;31mE (118560) CSV: 343.014399;155.616539;172.602140;43.610653;1.431295;33.075559[0m
[1;31mE (118580) CSV: 343.014399;155.616539;172.602140;43.610653;1.431295;33.075559[0m
[1;31mE (118630) CSV: 343.014399;155.616539;172.602140;43.610653;1.431295;33.075559[0m
[1;31mE (118660) CSV: 327.644181;155.540871;-172.103310;43.610653;1.431295;33.095399[0m
[1;31mE (118680) CSV: 327.644181;155.540871;-172.103310;43.610653;1.431295;33.095399[0m
[1;31mE (118700) CSV: 327.644181;155.540871;-172.103310;43.610653;1.431295;33.095399[0m
[1;31mE (118720) CSV: 327.644181;155.540871;-172.103310;43.610653;1.431295;33.095399[0m
[1;31mE (118760) CSV: 323.252407;155.465294;-167.787113;43.610653;1.431294;33.115297[0m
[1;31mE (118780) CSV: 323.252407;155.465294;-167.787113;43.610653;1.431294;33.115297[0m
[1;31mE (118800) CSV: 323.252407;155.465294;-167.787113;43.610653;1.431294;33.115297[0m
[1;31mE (118830) CSV: 347.250724;155.676787;168.426063;43.610657;1.431293;33.525314[0m
[1;31mE (118860) CSV: 347.250724;155.676787;168.426063;43.610657;1.431293;33.525314[0m
[1;31mE (118880) CSV: 347.250724;155.676787;168.426063;43.610657;1.431293;33.525314[0m
[1;31mE (118900) CSV: 347.250724;155.676787;168.426063;43.610657;1.431293;33.525314[0m
[1;31mE (118920) CSV: 347.250724;155.676787;168.426063;43.610657;1.431293;33.525314[0m
[1;31mE (118950) CSV: 343.609138;155.676787;172.067649;43.610657;1.431293;33.525314[0m
[1;31mE (118970) CSV: 343.609138;155.587171;171.978033;43.610657;1.431293;33.549073[0m
[1;31mE (119000) CSV: 343.609138;155.587171;171.978033;43.610657;1.431293;33.549073[0m
[1;31mE (119020) CSV: 343.609138;155.587171;171.978033;43.610657;1.431293;33.549073[0m
[1;31mE (119050) CSV: 327.644183;155.587171;-172.057012;43.610657;1.431293;33.549073[0m
[1;31mE (119070) CSV: 327.644183;155.497682;-172.146501;43.610657;1.431292;33.572914[0m
[1;31mE (119090) CSV: 327.644183;155.497682;-172.146501;43.610657;1.431292;33.572914[0m
[1;31mE (119150) CSV: 327.644183;155.497682;-172.146501;43.610657;1.431292;33.572914[0m
[1;31mE (119170) CSV: 326.728537;155.408320;-171.320217;43.610657;1.431291;33.596838[0m
[1;31mE (119190) CSV: 326.728537;155.408320;-171.320217;43.610657;1.431291;33.596838[0m
[1;31mE (119220) CSV: 326.728537;155.408320;-171.320217;43.610657;1.431291;33.596838[0m
[1;31mE (119240) CSV: 326.728537;155.408320;-171.320217;43.610657;1.431291;33.596838[0m
[1;31mE (119270) CSV: 325.831698;155.319085;-170.512613;43.610657;1.431291;33.620842[0m
[1;31mE (119290) CSV: 325.831698;155.319085;-170.512613;43.610657;1.431291;33.620842[0m
[1;31mE (119320) CSV: 325.831700;155.529198;-170.302502;43.610661;1.431290;34.030542[0m
[1;31mE (119350) CSV: 325.831700;155.529198;-170.302502;43.610661;1.431290;34.030542[0m
[1;31mE (119370) CSV: 325.831700;155.529198;-170.302502;43.610661;1.431290;34.030542[0m
[1;31mE (119390) CSV: 325.831700;155.529198;-170.302502;43.610661;1.431290;34.030542[0m
[1;31mE (119410) CSV: 325.831700;155.529198;-170.302502;43.610661;1.431290;34.030542[0m
[1;31mE (119440) CSV: 324.093826;155.411648;-168.682177;43.610661;1.431289;34.062419[0m
[1;31mE (119470) CSV: 324.093826;155.411648;-168.682177;43.610661;1.431289;34.062419[0m
[1;31mE (119490) CSV: 324.093826;155.411648;-168.682177;43.610661;1.431289;34.062419[0m
[1;31mE (119510) CSV: 324.093826;155.411648;-168.682177;43.610661;1.431289;34.062419[0m
[1;31mE (119540) CSV: 324.953521;155.411648;-169.541873;43.610661;1.431289;34.062419[0m
[1;31mE (119570) CSV: 324.953521;155.338291;-169.615230;43.610661;1.431288;34.082414[0m
[1;31mE (119590) CSV: 324.953521;155.338291;-169.615230;43.610661;1.431288;34.082414[0m
[1;31mE (119620) CSV: 344.809481;155.559879;170.750398;43.610664;1.431288;34.488180[0m
[1;31mE (119660) CSV: 344.809481;155.559879;170.750398;43.610664;1.431288;34.488180[0m
[1;31mE (119690) CSV: 344.809481;155.559879;170.750398;43.610664;1.431288;34.488180[0m
[1;31mE (119710) CSV: 344.809481;155.559879;170.750398;43.610664;1.431288;34.488180[0m
[1;31mE (119740) CSV: 342.423411;155.501842;173.078431;43.610664;1.431287;34.504081[0m
[1;31mE (119760) CSV: 342.423411;155.501842;173.078431;43.610664;1.431287;34.504081[0m
[1;31mE (119780) CSV: 342.423411;155.501842;173.078431;43.610664;1.431287;34.504081[0m
[1;31mE (119810) CSV: 342.423411;155.501842;173.078431;43.610664;1.431287;34.504081[0m
[1;31mE (119840) CSV: 342.423411;155.501842;173.078431;43.610664;1.431287;34.504081[0m
[1;31mE (119860) CSV: 340.098643;155.443858;175.345216;43.610664;1.431287;34.520018[0m
[1;31mE (119880) CSV: 340.098643;155.443858;175.345216;43.610664;1.431287;34.520018[0m
[1;31mE (119900) CSV: 340.098643;155.443858;175.345216;43.610664;1.431287;34.520018[0m
[1;31mE (119920) CSV: 340.098643;155.443858;175.345216;43.610664;1.431287;34.520018[0m
[1;31mE (119960) CSV: 325.831702;155.385929;-170.445773;43.610664;1.431286;34.535990[0m
[1;31mE (119980) CSV: 325.831702;155.385929;-170.445773;43.610664;1.431286;34.535990[0m
[1;31mE (120000) CSV: 325.831702;155.385929;-170.445773;43.610664;1.431286;34.535990[0m
[1;31mE (120020) CSV: 325.831702;155.385929;-170.445773;43.610664;1.431286;34.535990[0m
[1;31mE (120060) CSV: 346.635619;155.618420;168.982802;43.610668;1.431286;34.937899[0m
[1;31mE (120080) CSV: 346.635619;155.618420;168.982802;43.610668;1.431286;34.937899[0m
[1;31mE (120100) CSV: 346.635619;155.618420;168.982802;43.610668;1.431286;34.937899[0m
[1;31mE (120120) CSV: 346.635619;155.618420;168.982802;43.610668;1.431286;34.937899[0m
[1;31mE (120180) CSV: 342.423412;155.518150;173.094738;43.610668;1.431285;34.965687[0m
[1;31mE (120200) CSV: 342.423412;155.518150;173.094738;43.610668;1.431285;34.965687[0m
[1;31mE (120230) CSV: 342.423412;155.518150;173.094738;43.610668;1.431285;34.965687[0m
[1;31mE (120250) CSV: 327.644188;155.446626;-172.197561;43.610668;1.431284;34.985600[0m
[1;31mE (120270) CSV: 327.644188;155.446626;-172.197561;43.610668;1.431284;34.985600[0m
[1;31mE (120300) CSV: 327.644188;155.446626;-172.197561;43.610668;1.431284;34.985600[0m
[1;31mE (120330) CSV: 327.644188;155.446626;-172.197561;43.610668;1.431284;34.985600[0m
[1;31mE (120350) CSV: 326.728542;155.375184;-171.353358;43.610668;1.431284;35.005568[0m
[1;31mE (120370) CSV: 326.728542;155.375184;-171.353358;43.610668;1.431284;35.005568[0m
[1;31mE (120390) CSV: 326.728542;155.375184;-171.353358;43.610668;1.431284;35.005568[0m
[1;31mE (120420) CSV: 326.728542;155.375184;-171.353358;43.610668;1.431284;35.005568[0m
[1;31mE (120450) CSV: 342.423413;155.562296;173.138883;43.610672;1.431283;35.419349[0m
[1;31mE (120470) CSV: 342.423413;155.562296;173.138883;43.610672;1.431283;35.419349[0m
[1;31mE (120490) CSV: 342.423413;155.562296;173.138883;43.610672;1.431283;35.419349[0m
[1;31mE (120510) CSV: 342.423413;155.562296;173.138883;43.610672;1.431283;35.419349[0m
[1;31mE (120550) CSV: 342.423413;155.562296;173.138883;43.610672;1.431283;35.419349[0m
[1;31mE (120570) CSV: 324.953526;155.463432;-169.490094;43.610672;1.431282;35.447196[0m
[1;31mE (120590) CSV: 324.953526;155.463432;-169.490094;43.610672;1.431282;35.447196[0m
[1;31mE (120610) CSV: 324.953526;155.463432;-169.490094;43.610672;1.431282;35.447196[0m
[1;31mE (120630) CSV: 324.953526;155.463432;-169.490094;43.610672;1.431282;35.447196[0m
[1;31mE (120690) CSV: 326.728543;155.392910;-171.335634;43.610672;1.431282;35.467151[0m
[1;31mE (120710) CSV: 326.728543;155.392910;-171.335634;43.610672;1.431282;35.467151[0m
[1;31mE (120740) CSV: 326.728543;155.322467;-171.406076;43.610672;1.431281;35.487159[0m
[1;31mE (120770) CSV: 326.728543;155.322467;-171.406076;43.610672;1.431281;35.487159[0m
[1;31mE (120790) CSV: 326.728543;155.322467;-171.406076;43.610672;1.431281;35.487159[0m
[1;31mE (120810) CSV: 326.728543;155.322467;-171.406076;43.610672;1.431281;35.487159[0m
[1;31mE (120840) CSV: 326.728543;155.322467;-171.406076;43.610672;1.431281;35.487159[0m
[1;31mE (120860) CSV: 342.423414;155.549508;173.126094;43.610676;1.431280;35.888905[0m
[1;31mE (120890) CSV: 342.423414;155.549508;173.126094;43.610676;1.431280;35.888905[0m
[1;31mE (120910) CSV: 342.423414;155.549508;173.126094;43.610676;1.431280;35.888905[0m
[1;31mE (120930) CSV: 342.423414;155.549508;173.126094;43.610676;1.431280;35.888905[0m
[1;31mE (120960) CSV: 340.098646;155.493740;175.395094;43.610676;1.431280;35.904812[0m
[1;31mE (120980) CSV: 340.098646;155.493740;175.395094;43.610676;1.431280;35.904812[0m
[1;31mE (121010) CSV: 340.098646;155.493740;175.395094;43.610676;1.431280;35.904812[0m
[1;31mE (121030) CSV: 340.098646;155.493740;175.395094;43.610676;1.431280;35.904812[0m
[1;31mE (121060) CSV: 325.831707;155.424099;-170.407607;43.610676;1.431279;35.924743[0m
[1;31mE (121080) CSV: 325.831707;155.424099;-170.407607;43.610676;1.431279;35.924743[0m
[1;31mE (121110) CSV: 325.831707;155.424099;-170.407607;43.610676;1.431279;35.924743[0m
[1;31mE (121140) CSV: 349.113572;155.647280;166.533709;43.610680;1.431279;36.326735[0m
[1;31mE (121180) CSV: 349.113572;155.647280;166.533709;43.610680;1.431279;36.326735[0m
[1;31mE (121200) CSV: 349.113572;155.647280;166.533709;43.610680;1.431279;36.326735[0m
[1;31mE (121230) CSV: 349.113572;155.647280;166.533709;43.610680;1.431279;36.326735[0m
[1;31mE (121260) CSV: 346.023636;155.578364;169.554728;43.610680;1.431278;36.346549[0m
[1;31mE (121280) CSV: 346.023636;155.578364;169.554728;43.610680;1.431278;36.346549[0m
[1;31mE (121300) CSV: 346.023636;155.578364;169.554728;43.610680;1.431278;36.346549[0m
[1;31mE (121320) CSV: 346.023636;155.578364;169.554728;43.610680;1.431278;36.346549[0m
[1;31mE (121360) CSV: 342.423415;155.495764;173.072348;43.610680;1.431278;36.370395[0m
[1;31mE (121380) CSV: 342.423415;155.495764;173.072348;43.610680;1.431278;36.370395[0m
[1;31mE (121400) CSV: 342.423415;155.495764;173.072348;43.610680;1.431278;36.370395[0m
[1;31mE (121420) CSV: 342.423415;155.495764;173.072348;43.610680;1.431278;36.370395[0m
[1;31mE (121450) CSV: 342.423415;155.495764;173.072348;43.610680;1.431278;36.370395[0m
[1;31mE (121470) CSV: 325.831708;155.413272;-170.418436;43.610680;1.431277;36.394317[0m
[1;31mE (121500) CSV: 325.831708;155.413272;-170.418436;43.610680;1.431277;36.394317[0m
[1;31mE (121520) CSV: 325.831708;155.413272;-170.418436;43.610680;1.431277;36.394317[0m
[1;31mE (121550) CSV: 343.014407;155.606502;172.592095;43.610683;1.431276;36.804202[0m
[1;31mE (121570) CSV: 343.014407;155.606502;172.592095;43.610683;1.431276;36.804202[0m
[1;31mE (121590) CSV: 343.014407;155.606502;172.592095;43.610683;1.431276;36.804202[0m
[1;31mE (121630) CSV: 343.014407;155.606502;172.592095;43.610683;1.431276;36.804202[0m
[1;31mE (121650) CSV: 325.831710;155.511322;-170.320388;43.610683;1.431275;36.831999[0m
[1;31mE (121690) CSV: 325.831710;155.511322;-170.320388;43.610683;1.431275;36.831999[0m
[1;31mE (121720) CSV: 325.831710;155.511322;-170.320388;43.610683;1.431275;36.831999[0m
[1;31mE (121750) CSV: 324.093836;155.416285;-168.677551;43.610683;1.431275;36.859898[0m
[1;31mE (121770) CSV: 324.093836;155.416285;-168.677551;43.610683;1.431275;36.859898[0m
[1;31mE (121790) CSV: 324.093836;155.416285;-168.677551;43.610683;1.431275;36.859898[0m
[1;31mE (121810) CSV: 324.093836;155.416285;-168.677551;43.610683;1.431275;36.859898[0m
[1;31mE (121850) CSV: 324.093836;155.416285;-168.677551;43.610683;1.431275;36.859898[0m
[1;31mE (121870) CSV: 326.728548;155.375599;-171.352949;43.610683;1.431274;36.871886[0m
[1;31mE (121890) CSV: 326.728548;155.375599;-171.352949;43.610683;1.431274;36.871886[0m
[1;31mE (121910) CSV: 326.728548;155.375599;-171.352949;43.610683;1.431274;36.871886[0m
[1;31mE (121930) CSV: 326.728548;155.375599;-171.352949;43.610683;1.431274;36.871886[0m
[1;31mE (121970) CSV: 324.953531;155.348490;-169.605041;43.610683;1.431274;36.879888[0m
[1;31mE (121990) CSV: 324.953531;155.348490;-169.605041;43.610683;1.431274;36.879888[0m
[1;31mE (122020) CSV: 341.253031;155.348490;174.095459;43.610683;1.431274;36.879888[0m
[1;31mE (122040) CSV: 341.253031;155.553341;174.300310;43.610687;1.431273;37.285658[0m
[1;31mE (122060) CSV: 341.253031;155.553341;174.300310;43.610687;1.431273;37.285658[0m
[1;31mE (122090) CSV: 341.253031;155.553341;174.300310;43.610687;1.431273;37.285658[0m
[1;31mE (122120) CSV: 341.253031;155.553341;174.300310;43.610687;1.431273;37.285658[0m
[1;31mE (122140) CSV: 326.728550;155.486246;-171.242304;43.610687;1.431273;37.305543[0m
[1;31mE (122160) CSV: 326.728550;155.486246;-171.242304;43.610687;1.431273;37.305543[0m
[1;31mE (122210) CSV: 326.728550;155.486246;-171.242304;43.610687;1.431273;37.305543[0m
[1;31mE (122240) CSV: 323.252423;155.432622;-167.819801;43.610687;1.431272;37.321488[0m
[1;31mE (122260) CSV: 323.252423;155.432622;-167.819801;43.610687;1.431272;37.321488[0m
[1;31mE (122280) CSV: 323.252423;155.432622;-167.819801;43.610687;1.431272;37.321488[0m
[1;31mE (122310) CSV: 323.252423;155.432622;-167.819801;43.610687;1.431272;37.321488[0m
[1;31mE (122340) CSV: 323.252423;155.432622;-167.819801;43.610687;1.431272;37.321488[0m
[1;31mE (122360) CSV: 347.250731;155.620894;168.370163;43.610691;1.431272;37.731409[0m
[1;31mE (122380) CSV: 347.250731;155.620894;168.370163;43.610691;1.431272;37.731409[0m
[1;31mE (122400) CSV: 347.250731;155.620894;168.370163;43.610691;1.431272;37.731409[0m
[1;31mE (122430) CSV: 347.250731;155.620894;168.370163;43.610691;1.431272;37.731409[0m
[1;31mE (122460) CSV: 343.609147;155.541297;171.932149;43.610691;1.431271;37.755215[0m
[1;31mE (122480) CSV: 343.609147;155.541297;171.932149;43.610691;1.431271;37.755215[0m
[1;31mE (122500) CSV: 343.609147;155.541297;171.932149;43.610691;1.431271;37.755215[0m
[1;31mE (122530) CSV: 325.831713;155.541297;-170.290417;43.610691;1.431271;37.755215[0m
[1;31mE (122560) CSV: 325.831713;155.422089;-170.409624;43.610691;1.431270;37.791061[0m
[1;31mE (122580) CSV: 325.831713;155.422089;-170.409624;43.610691;1.431270;37.791061[0m
[1;31mE (122600) CSV: 325.831713;155.422089;-170.409624;43.610691;1.431270;37.791061[0m
[1;31mE (122630) CSV: 324.953535;155.422089;-169.531446;43.610691;1.431270;37.791061[0m
[1;31mE (122650) CSV: 324.953535;155.342743;-169.610792;43.610691;1.431269;37.815048[0m
[1;31mE (122680) CSV: 324.953535;155.342743;-169.610792;43.610691;1.431269;37.815048[0m
[1;31mE (122730) CSV: 324.953535;155.342743;-169.610792;43.610691;1.431269;37.815048[0m
[1;31mE (122750) CSV: 339.527650;155.529548;176.001898;43.610695;1.431268;38.224774[0m
[1;31mE (122780) CSV: 339.527650;155.529548;176.001898;43.610695;1.431268;38.224774[0m
[1;31mE (122800) CSV: 339.527650;155.529548;176.001898;43.610695;1.431268;38.224774[0m
[1;31mE (122820) CSV: 339.527650;155.529548;176.001898;43.610695;1.431268;38.224774[0m
[1;31mE (122850) CSV: 339.527650;155.529548;176.001898;43.610695;1.431268;38.224774[0m
[1;31mE (122870) CSV: 324.093841;155.464113;-168.629728;43.610695;1.431268;38.244677[0m
[1;31mE (122890) CSV: 324.093841;155.464113;-168.629728;43.610695;1.431268;38.244677[0m
[1;31mE (122920) CSV: 324.093841;155.464113;-168.629728;43.610695;1.431268;38.244677[0m
[1;31mE (122950) CSV: 324.093841;155.464113;-168.629728;43.610695;1.431268;38.244677[0m
[1;31mE (122970) CSV: 324.093841;155.385681;-168.708160;43.610695;1.431267;38.268625[0m
[1;31mE (122990) CSV: 324.093841;155.385681;-168.708160;43.610695;1.431267;38.268625[0m
[1;31mE (123010) CSV: 324.093841;155.385681;-168.708160;43.610695;1.431267;38.268625[0m
[1;31mE (123050) CSV: 327.644199;155.320397;-172.323802;43.610695;1.431266;38.288638[0m
[1;31mE (123070) CSV: 327.644199;155.320397;-172.323802;43.610695;1.431266;38.288638[0m
[1;31mE (123090) CSV: 327.644199;155.320397;-172.323802;43.610695;1.431266;38.288638[0m
[1;31mE (123110) CSV: 327.644199;155.320397;-172.323802;43.610695;1.431266;38.288638[0m
[1;31mE (123150) CSV: 343.014411;155.518084;172.503673;43.610699;1.431266;38.694334[0m
[1;31mE (123170) CSV: 343.014411;155.518084;172.503673;43.610699;1.431266;38.694334[0m
[1;31mE (123190) CSV: 343.014411;155.518084;172.503673;43.610699;1.431266;38.694334[0m
[1;31mE (123240) CSV: 343.014411;155.518084;172.503673;43.610699;1.431266;38.694334[0m
[1;31mE (123270) CSV: 340.098653;155.453449;175.354796;43.610699;1.431265;38.714245[0m
[1;31mE (123290) CSV: 340.098653;155.453449;175.354796;43.610699;1.431265;38.714245[0m
[1;31mE (123320) CSV: 326.728555;155.414700;-171.313855;43.610699;1.431265;38.726216[0m
[1;31mE (123340) CSV: 326.728555;155.414700;-171.313855;43.610699;1.431265;38.726216[0m
[1;31mE (123360) CSV: 326.728555;155.414700;-171.313855;43.610699;1.431265;38.726216[0m
[1;31mE (123390) CSV: 326.728555;155.414700;-171.313855;43.610699;1.431265;38.726216[0m
[1;31mE (123420) CSV: 326.728555;155.414700;-171.313855;43.610699;1.431265;38.726216[0m
[1;31mE (123440) CSV: 327.644201;155.363072;-172.281129;43.610699;1.431264;38.742203[0m
[1;31mE (123460) CSV: 327.644201;155.363072;-172.281129;43.610699;1.431264;38.742203[0m
[1;31mE (123480) CSV: 327.644201;155.363072;-172.281129;43.610699;1.431264;38.742203[0m
[1;31mE (123510) CSV: 327.644201;155.363072;-172.281129;43.610699;1.431264;38.742203[0m
[1;31mE (123540) CSV: 345.414892;155.363072;169.948180;43.610699;1.431264;38.742203[0m
[1;31mE (123560) CSV: 345.414892;155.545240;170.130348;43.610703;1.431264;39.151968[0m
[1;31mE (123580) CSV: 345.414892;155.545240;170.130348;43.610703;1.431264;39.151968[0m
[1;31mE (123600) CSV: 345.414892;155.545240;170.130348;43.610703;1.431264;39.151968[0m
[1;31mE (123640) CSV: 345.414892;155.545240;170.130348;43.610703;1.431264;39.151968[0m
[1;31mE (123660) CSV: 342.423422;155.481346;173.057924;43.610703;1.431263;39.171858[0m
[1;31mE (123680) CSV: 342.423422;155.481346;173.057924;43.610703;1.431263;39.171858[0m
[1;31mE (123700) CSV: 342.423422;155.481346;173.057924;43.610703;1.431263;39.171858[0m
[1;31mE (123760) CSV: 327.644202;155.417517;-172.226685;43.610703;1.431262;39.191797[0m
[1;31mE (123780) CSV: 327.644202;155.417517;-172.226685;43.610703;1.431262;39.191797[0m
[1;31mE (123800) CSV: 327.644202;155.417517;-172.226685;43.610703;1.431262;39.191797[0m
[1;31mE (123820) CSV: 327.644202;155.417517;-172.226685;43.610703;1.431262;39.191797[0m
[1;31mE (123860) CSV: 325.831719;155.328266;-170.503453;43.610703;1.431262;39.219792[0m
[1;31mE (123880) CSV: 325.831719;155.328266;-170.503453;43.610703;1.431262;39.219792[0m
[1;31mE (123900) CSV: 325.831719;155.328266;-170.503453;43.610703;1.431262;39.219792[0m
[1;31mE (123930) CSV: 342.423423;155.328266;172.904843;43.610703;1.431262;39.219792[0m
[1;31mE (123950) CSV: 342.423423;155.521227;173.097805;43.610706;1.431261;39.625502[0m
[1;31mE (123980) CSV: 342.423423;155.521227;173.097805;43.610706;1.431261;39.625502[0m
[1;31mE (124000) CSV: 342.423423;155.521227;173.097805;43.610706;1.431261;39.625502[0m
[1;31mE (124020) CSV: 342.423423;155.521227;173.097805;43.610706;1.431261;39.625502[0m
[1;31mE (124050) CSV: 340.098655;155.470727;175.372072;43.610706;1.431261;39.641425[0m
[1;31mE (124070) CSV: 340.098655;155.470727;175.372072;43.610706;1.431261;39.641425[0m
[1;31mE (124100) CSV: 340.098655;155.470727;175.372072;43.610706;1.431261;39.641425[0m
[1;31mE (124120) CSV: 340.098655;155.470727;175.372072;43.610706;1.431261;39.641425[0m
[1;31mE (124150) CSV: 325.831720;155.470727;-170.360993;43.610706;1.431261;39.641425[0m
[1;31mE (124170) CSV: 325.831720;155.420268;-170.411452;43.610706;1.431260;39.657378[0m
[1;31mE (124200) CSV: 325.831720;155.420268;-170.411452;43.610706;1.431260;39.657378[0m
[1;31mE (124230) CSV: 348.489834;155.610190;167.120355;43.610710;1.431260;40.063297[0m
[1;31mE (124270) CSV: 348.489834;155.610190;167.120355;43.610710;1.431260;40.063297[0m
[1;31mE (124290) CSV: 348.489834;155.610190;167.120355;43.610710;1.431260;40.063297[0m
[1;31mE (124310) CSV: 348.489834;155.610190;167.120355;43.610710;1.431260;40.063297[0m
[1;31mE (124350) CSV: 348.489834;155.610190;167.120355;43.610710;1.431260;40.063297[0m
[1;31mE (124370) CSV: 346.023642;155.560206;169.536564;43.610710;1.431259;40.079165[0m
[1;31mE (124390) CSV: 346.023642;155.560206;169.536564;43.610710;1.431259;40.079165[0m
[1;31mE (124410) CSV: 346.023642;155.560206;169.536564;43.610710;1.431259;40.079165[0m
[1;31mE (124440) CSV: 343.014414;155.497782;172.483368;43.610710;1.431258;40.099043[0m
[1;31mE (124470) CSV: 343.014414;155.497782;172.483368;43.610710;1.431258;40.099043[0m
[1;31mE (124490) CSV: 343.014414;155.497782;172.483368;43.610710;1.431258;40.099043[0m
[1;31mE (124510) CSV: 343.014414;155.497782;172.483368;43.610710;1.431258;40.099043[0m
[1;31mE (124550) CSV: 343.014414;155.497782;172.483368;43.610710;1.431258;40.099043[0m
[1;31mE (124570) CSV: 343.014414;155.497782;172.483368;43.610710;1.431258;40.099043[0m
[1;31mE (124590) CSV: 343.014414;155.497782;172.483368;43.610710;1.431258;40.099043[0m
[1;31mE (124610) CSV: 343.014414;155.497782;172.483368;43.610710;1.431258;40.099043[0m
[1;31mE (124640) CSV: 343.014414;155.497782;172.483368;43.610710;1.431258;40.099043[0m
[1;31mE (124670) CSV: 346.023643;155.647751;169.624108;43.610714;1.431257;40.517000[0m
[1;31mE (124690) CSV: 346.023643;155.647751;169.624108;43.610714;1.431257;40.517000[0m
[1;31mE (124710) CSV: 346.023643;155.647751;169.624108;43.610714;1.431257;40.517000[0m
[1;31mE (124740) CSV: 342.423425;155.573607;173.150182;43.610714;1.431257;40.540779[0m
[1;31mE (124790) CSV: 342.423425;155.573607;173.150182;43.610714;1.431257;40.540779[0m
[1;31mE (124820) CSV: 342.423425;155.573607;173.150182;43.610714;1.431257;40.540779[0m
[1;31mE (124840) CSV: 325.831724;155.487216;-170.344508;43.610714;1.431256;40.568607[0m
[1;31mE (124860) CSV: 325.831724;155.487216;-170.344508;43.610714;1.431256;40.568607[0m
[1;31mE (124900) CSV: 324.953545;155.487216;-169.466329;43.610714;1.431256;40.568607[0m
[1;31mE (124920) CSV: 324.953545;155.425580;-169.527965;43.610714;1.431255;40.588541[0m
[1;31mE (124940) CSV: 324.953545;155.425580;-169.527965;43.610714;1.431255;40.588541[0m
[1;31mE (124960) CSV: 324.953545;155.425580;-169.527965;43.610714;1.431255;40.588541[0m
[1;31mE (124990) CSV: 324.953545;155.425580;-169.527965;43.610714;1.431255;40.588541[0m
[1;31mE (125020) CSV: 340.673810;155.611136;174.937325;43.610718;1.431255;40.994466[0m
[1;31mE (125040) CSV: 340.673810;155.611136;174.937325;43.610718;1.431255;40.994466[0m
[1;31mE (125060) CSV: 340.673810;155.611136;174.937325;43.610718;1.431255;40.994466[0m
[1;31mE (125080) CSV: 340.673810;155.611136;174.937325;43.610718;1.431255;40.994466[0m
[1;31mE (125110) CSV: 338.398369;155.562286;177.163917;43.610718;1.431254;41.010334[0m
[1;31mE (125140) CSV: 338.398369;155.562286;177.163917;43.610718;1.431254;41.010334[0m
[1;31mE (125160) CSV: 338.398369;155.562286;177.163917;43.610718;1.431254;41.010334[0m
[1;31mE (125180) CSV: 338.398369;155.562286;177.163917;43.610718;1.431254;41.010334[0m
[1;31mE (125200) CSV: 338.398369;155.562286;177.163917;43.610718;1.431254;41.010334[0m
[1;31mE (125230) CSV: 338.398369;155.562286;177.163917;43.610718;1.431254;41.010334[0m
[1;31mE (125260) CSV: 324.093851;155.501278;-168.592573;43.610718;1.431254;41.030210[0m
[1;31mE (125300) CSV: 324.093851;155.501278;-168.592573;43.610718;1.431254;41.030210[0m
[1;31mE (125330) CSV: 324.093851;155.501278;-168.592573;43.610718;1.431254;41.030210[0m
[1;31mE (125360) CSV: 324.093851;155.428146;-168.665705;43.610718;1.431253;41.054122[0m
[1;31mE (125380) CSV: 324.093851;155.428146;-168.665705;43.610718;1.431253;41.054122[0m
[1;31mE (125400) CSV: 324.093851;155.428146;-168.665705;43.610718;1.431253;41.054122[0m
[1;31mE (125420) CSV: 324.093851;155.428146;-168.665705;43.610718;1.431253;41.054122[0m
[1;31mE (125450) CSV: 344.809495;155.623674;170.814179;43.610722;1.431252;41.456089[0m
[1;31mE (125480) CSV: 344.809495;155.623674;170.814179;43.610722;1.431252;41.456089[0m
[1;31mE (125500) CSV: 344.809495;155.623674;170.814179;43.610722;1.431252;41.456089[0m
[1;31mE (125520) CSV: 344.809495;155.623674;170.814179;43.610722;1.431252;41.456089[0m
[1;31mE (125550) CSV: 342.423427;155.623674;173.200247;43.610722;1.431252;41.456089[0m
[1;31mE (125570) CSV: 342.423427;155.575363;173.151936;43.610722;1.431252;41.471949[0m
[1;31mE (125590) CSV: 342.423427;155.575363;173.151936;43.610722;1.431252;41.471949[0m
[1;31mE (125620) CSV: 342.423427;155.575363;173.151936;43.610722;1.431252;41.471949[0m
[1;31mE (125650) CSV: 342.423427;155.575363;173.151936;43.610722;1.431252;41.471949[0m
[1;31mE (125670) CSV: 340.098660;155.527090;175.428430;43.610722;1.431252;41.487837[0m
[1;31mE (125690) CSV: 340.098660;155.527090;175.428430;43.610722;1.431252;41.487837[0m
[1;31mE (125730) CSV: 349.113580;155.707678;166.594098;43.610725;1.431251;41.893991[0m
[1;31mE (125750) CSV: 349.113580;155.707678;166.594098;43.610725;1.431251;41.893991[0m
[1;31mE (125770) CSV: 349.113580;155.707678;166.594098;43.610725;1.431251;41.893991[0m
[1;31mE (125820) CSV: 349.113580;155.707678;166.594098;43.610725;1.431251;41.893991[0m
[1;31mE (125850) CSV: 345.414897;155.635935;170.221038;43.610725;1.431250;41.917714[0m
[1;31mE (125870) CSV: 345.414897;155.635935;170.221038;43.610725;1.431250;41.917714[0m
[1;31mE (125890) CSV: 345.414897;155.635935;170.221038;43.610725;1.431250;41.917714[0m
[1;31mE (125910) CSV: 345.414897;155.635935;170.221038;43.610725;1.431250;41.917714[0m
[1;31mE (125940) CSV: 345.414897;155.635935;170.221038;43.610725;1.431250;41.917714[0m
[1;31mE (125970) CSV: 341.253042;155.552339;174.299296;43.610725;1.431249;41.945474[0m
[1;31mE (125990) CSV: 341.253042;155.552339;174.299296;43.610725;1.431249;41.945474[0m
[1;31mE (126010) CSV: 341.253042;155.552339;174.299296;43.610725;1.431249;41.945474[0m
[1;31mE (126030) CSV: 341.253042;155.552339;174.299296;43.610725;1.431249;41.945474[0m
[1;31mE (126060) CSV: 326.728567;155.468853;-171.259714;43.610725;1.431249;41.973323[0m
[1;31mE (126090) CSV: 326.728567;155.468853;-171.259714;43.610725;1.431249;41.973323[0m
[1;31mE (126110) CSV: 326.728567;155.468853;-171.259714;43.610725;1.431249;41.973323[0m
[1;31mE (126130) CSV: 326.728567;155.468853;-171.259714;43.610725;1.431249;41.973323[0m
[1;31mE (126160) CSV: 340.098662;155.624292;175.525630;43.610729;1.431248;42.387259[0m
[1;31mE (126180) CSV: 340.098662;155.624292;175.525630;43.610729;1.431248;42.387259[0m
[1;31mE (126220) CSV: 340.098662;155.624292;175.525630;43.610729;1.431248;42.387259[0m
[1;31mE (126240) CSV: 323.252442;155.553431;-167.699011;43.610729;1.431247;42.411058[0m
[1;31mE (126260) CSV: 323.252442;155.553431;-167.699011;43.610729;1.431247;42.411058[0m
[1;31mE (126280) CSV: 323.252442;155.553431;-167.699011;43.610729;1.431247;42.411058[0m
[1;31mE (126340) CSV: 326.728568;155.553431;-171.175138;43.610729;1.431247;42.411058[0m
[1;31mE (126360) CSV: 326.728568;155.529828;-171.198740;43.610729;1.431247;42.419005[0m
[1;31mE (126380) CSV: 326.728568;155.529828;-171.198740;43.610729;1.431247;42.419005[0m
[1;31mE (126400) CSV: 326.728568;155.529828;-171.198740;43.610729;1.431247;42.419005[0m
[1;31mE (126420) CSV: 326.728568;155.529828;-171.198740;43.610729;1.431247;42.419005[0m
[1;31mE (126460) CSV: 347.868849;155.718168;167.849319;43.610733;1.431246;42.821213[0m
[1;31mE (126480) CSV: 347.868849;155.718168;167.849319;43.610733;1.431246;42.821213[0m
[1;31mE (126500) CSV: 347.868849;155.718168;167.849319;43.610733;1.431246;42.821213[0m
[1;31mE (126520) CSV: 347.868849;155.718168;167.849319;43.610733;1.431246;42.821213[0m
[1;31mE (126560) CSV: 347.250739;155.706463;168.455724;43.610733;1.431246;42.825161[0m
[1;31mE (126580) CSV: 347.250739;155.706463;168.455724;43.610733;1.431246;42.825161[0m
[1;31mE (126600) CSV: 347.250739;155.706463;168.455724;43.610733;1.431246;42.825161[0m
[1;31mE (126620) CSV: 347.250739;155.706463;168.455724;43.610733;1.431246;42.825161[0m
[1;31mE (126650) CSV: 347.868849;155.718168;167.849319;43.610733;1.431246;42.821213[0m
[1;31mE (126670) CSV: 347.868849;155.718168;167.849319;43.610733;1.431246;42.821213[0m
[1;31mE (126700) CSV: 347.868849;155.718168;167.849319;43.610733;1.431246;42.821213[0m
[1;31mE (126730) CSV: 346.635633;155.718168;169.082535;43.610733;1.431246;42.821213[0m
[1;31mE (126750) CSV: 346.635633;155.694761;169.059128;43.610733;1.431246;42.829110[0m
[1;31mE (126770) CSV: 346.635633;155.694761;169.059128;43.610733;1.431246;42.829110[0m
[1;31mE (126790) CSV: 346.635633;155.694761;169.059128;43.610733;1.431246;42.829110[0m
[1;31mE (126850) CSV: 357.408981;155.949472;158.540491;43.610737;1.431246;43.208215[0m
[1;31mE (126870) CSV: 357.408981;155.949472;158.540491;43.610737;1.431246;43.208215[0m
[1;31mE (126900) CSV: 357.408981;155.949472;158.540491;43.610737;1.431246;43.208215[0m
[1;31mE (126930) CSV: 352.906306;155.868170;162.961864;43.610737;1.431245;43.235638[0m
[1;31mE (126950) CSV: 352.906306;155.868170;162.961864;43.610737;1.431245;43.235638[0m
[1;31mE (126970) CSV: 352.906306;155.868170;162.961864;43.610737;1.431245;43.235638[0m
[1;31mE (127000) CSV: 352.906306;155.868170;162.961864;43.610737;1.431245;43.235638[0m
[1;31mE (127020) CSV: 347.868850;155.775380;167.906530;43.610737;1.431244;43.267086[0m
[1;31mE (127050) CSV: 347.868850;155.775380;167.906530;43.610737;1.431244;43.267086[0m
[1;31mE (127080) CSV: 347.868850;155.775380;167.906530;43.610737;1.431244;43.267086[0m
[1;31mE (127100) CSV: 343.609159;155.694299;172.085140;43.610737;1.431244;43.294695[0m
[1;31mE (127120) CSV: 343.609159;155.694299;172.085140;43.610737;1.431244;43.294695[0m
[1;31mE (127140) CSV: 343.609159;155.694299;172.085140;43.610737;1.431244;43.294695[0m
[1;31mE (127160) CSV: 343.609159;155.694299;172.085140;43.610737;1.431244;43.294695[0m
[1;31mE (127190) CSV: 343.609159;155.694299;172.085140;43.610737;1.431244;43.294695[0m
[1;31mE (127210) CSV: 343.609159;155.694299;172.085140;43.610737;1.431244;43.294695[0m
[1;31mE (127240) CSV: 344.207552;155.694299;171.486748;43.610737;1.431244;43.294695[0m
[1;31mE (127260) CSV: 344.207552;155.865865;171.658313;43.610741;1.431243;43.701220[0m
[1;31mE (127280) CSV: 344.207552;155.865865;171.658313;43.610741;1.431243;43.701220[0m
[1;31mE (127310) CSV: 344.207552;155.865865;171.658313;43.610741;1.431243;43.701220[0m
[1;31mE (127360) CSV: 324.953557;155.819948;-169.133609;43.610741;1.431243;43.716931[0m
[1;31mE (127380) CSV: 324.953557;155.819948;-169.133609;43.610741;1.431243;43.716931[0m
[1;31mE (127410) CSV: 324.953557;155.819948;-169.133609;43.610741;1.431243;43.716931[0m
[1;31mE (127430) CSV: 324.953557;155.819948;-169.133609;43.610741;1.431243;43.716931[0m
[1;31mE (127460) CSV: 322.429088;155.785532;-166.643556;43.610741;1.431242;43.728732[0m
[1;31mE (127480) CSV: 322.429088;155.785532;-166.643556;43.610741;1.431242;43.728732[0m
[1;31mE (127500) CSV: 322.429088;155.785532;-166.643556;43.610741;1.431242;43.728732[0m
[1;31mE (127530) CSV: 322.429088;155.785532;-166.643556;43.610741;1.431242;43.728732[0m
[1;31mE (127560) CSV: 326.728573;155.762599;-170.965975;43.610741;1.431242;43.736609[0m
[1;31mE (127580) CSV: 326.728573;155.762599;-170.965975;43.610741;1.431242;43.736609[0m
[1;31mE (127600) CSV: 326.728573;155.762599;-170.965975;43.610741;1.431242;43.736609[0m
[1;31mE (127630) CSV: 348.489841;155.943193;167.453352;43.610744;1.431242;44.139373[0m
[1;31mE (127660) CSV: 348.489841;155.943193;167.453352;43.610744;1.431242;44.139373[0m
[1;31mE (127680) CSV: 348.489841;155.943193;167.453352;43.610744;1.431242;44.139373[0m
[1;31mE (127700) CSV: 348.489841;155.943193;167.453352;43.610744;1.431242;44.139373[0m
[1;31mE (127730) CSV: 348.489841;155.943193;167.453352;43.610744;1.431242;44.139373[0m
[1;31mE (127750) CSV: 345.414901;155.886337;170.471435;43.610744;1.431241;44.158956[0m
[1;31mE (127780) CSV: 345.414901;155.886337;170.471435;43.610744;1.431241;44.158956[0m
[1;31mE (127810) CSV: 343.014423;155.840889;172.826465;43.610744;1.431240;44.174654[0m
[1;31mE (127850) CSV: 343.014423;155.840889;172.826465;43.610744;1.431240;44.174654[0m
[1;31mE (127870) CSV: 343.014423;155.840889;172.826465;43.610744;1.431240;44.174654[0m
[1;31mE (127900) CSV: 343.014423;155.840889;172.826465;43.610744;1.431240;44.174654[0m
[1;31mE (127920) CSV: 343.014423;155.840889;172.826465;43.610744;1.431240;44.174654[0m
[1;31mE (127950) CSV: 349.113584;156.019000;166.905416;43.610748;1.431240;44.577604[0m
[1;31mE (127970) CSV: 349.113584;156.019000;166.905416;43.610748;1.431240;44.577604[0m
[1;31mE (127990) CSV: 349.113584;156.019000;166.905416;43.610748;1.431240;44.577604[0m
[1;31mE (128030) CSV: 346.023651;155.962670;169.939019;43.610748;1.431239;44.597129[0m
[1;31mE (128050) CSV: 346.023651;155.962670;169.939019;43.610748;1.431239;44.597129[0m
[1;31mE (128070) CSV: 346.023651;155.962670;169.939019;43.610748;1.431239;44.597129[0m
[1;31mE (128100) CSV: 343.014424;155.906389;172.891964;43.610748;1.431239;44.616698[0m
[1;31mE (128130) CSV: 343.014424;155.906389;172.891964;43.610748;1.431239;44.616698[0m
[1;31mE (128150) CSV: 343.014424;155.906389;172.891964;43.610748;1.431239;44.616698[0m
[1;31mE (128170) CSV: 343.014424;155.906389;172.891964;43.610748;1.431239;44.616698[0m
[1;31mE (128190) CSV: 343.014424;155.906389;172.891964;43.610748;1.431239;44.616698[0m
[1;31mE (128210) CSV: 343.014424;155.906389;172.891964;43.610748;1.431239;44.616698[0m
[1;31mE (128240) CSV: 326.728577;155.838917;-170.889660;43.610748;1.431238;44.640237[0m
[1;31mE (128270) CSV: 326.728577;155.838917;-170.889660;43.610748;1.431238;44.640237[0m
[1;31mE (128290) CSV: 326.728577;155.838917;-170.889660;43.610748;1.431238;44.640237[0m
[1;31mE (128310) CSV: 326.728577;155.838917;-170.889660;43.610748;1.431238;44.640237[0m
[1;31mE (128370) CSV: 344.809502;156.015205;171.205703;43.610752;1.431238;45.043180[0m
[1;31mE (128390) CSV: 344.809502;156.015205;171.205703;43.610752;1.431238;45.043180[0m
[1;31mE (128410) CSV: 344.809502;156.015205;171.205703;43.610752;1.431238;45.043180[0m
[1;31mE (128440) CSV: 344.809502;156.015205;171.205703;43.610752;1.431238;45.043180[0m
[1;31mE (128460) CSV: 341.836282;155.959458;174.123176;43.610752;1.431237;45.062708[0m
[1;31mE (128490) CSV: 341.836282;155.959458;174.123176;43.610752;1.431237;45.062708[0m
[1;31mE (128520) CSV: 341.836282;155.959458;174.123176;43.610752;1.431237;45.062708[0m
[1;31mE (128540) CSV: 326.728578;155.914896;-170.813683;43.610752;1.431237;45.078361[0m
[1;31mE (128560) CSV: 326.728578;155.914896;-170.813683;43.610752;1.431237;45.078361[0m
[1;31mE (128590) CSV: 349.113585;155.914896;166.801310;43.610752;1.431237;45.078361[0m
[1;31mE (128620) CSV: 349.113585;156.088812;166.975227;43.610756;1.431236;45.481483[0m
[1;31mE (128640) CSV: 349.113585;156.088812;166.975227;43.610756;1.431236;45.481483[0m
[1;31mE (128660) CSV: 349.113585;156.088812;166.975227;43.610756;1.431236;45.481483[0m
[1;31mE (128680) CSV: 349.113585;156.088812;166.975227;43.610756;1.431236;45.481483[0m
[1;31mE (128710) CSV: 346.023653;156.033570;170.009918;43.610756;1.431235;45.500955[0m
[1;31mE (128740) CSV: 346.023653;156.033570;170.009918;43.610756;1.431235;45.500955[0m
[1;31mE (128760) CSV: 346.023653;156.033570;170.009918;43.610756;1.431235;45.500955[0m
[1;31mE (128780) CSV: 346.023653;156.033570;170.009918;43.610756;1.431235;45.500955[0m
[1;31mE (128800) CSV: 346.023653;156.033570;170.009918;43.610756;1.431235;45.500955[0m
[1;31mE (128820) CSV: 346.023653;156.033570;170.009918;43.610756;1.431235;45.500955[0m
[1;31mE (128880) CSV: 343.014426;155.978377;172.963950;43.610756;1.431235;45.520469[0m
[1;31mE (128900) CSV: 343.014426;155.978377;172.963950;43.610756;1.431235;45.520469[0m
[1;31mE (128920) CSV: 343.014426;155.978377;172.963950;43.610756;1.431235;45.520469[0m
[1;31mE (128950) CSV: 327.644225;155.923230;-171.720995;43.610756;1.431234;45.540025[0m
[1;31mE (128980) CSV: 327.644225;155.923230;-171.720995;43.610756;1.431234;45.540025[0m
[1;31mE (129000) CSV: 327.644225;155.923230;-171.720995;43.610756;1.431234;45.540025[0m
[1;31mE (129030) CSV: 327.644225;155.923230;-171.720995;43.610756;1.431234;45.540025[0m
[1;31mE (129050) CSV: 343.609165;156.062506;172.453341;43.610760;1.431233;45.954840[0m
[1;31mE (129070) CSV: 343.609165;156.062506;172.453341;43.610760;1.431233;45.954840[0m
[1;31mE (129100) CSV: 343.609165;156.062506;172.453341;43.610760;1.431233;45.954840[0m
[1;31mE (129120) CSV: 343.609165;156.062506;172.453341;43.610760;1.431233;45.954840[0m
[1;31mE (129150) CSV: 327.644227;155.996918;-171.647309;43.610760;1.431233;45.978235[0m
[1;31mE (129170) CSV: 327.644227;155.996918;-171.647309;43.610760;1.431233;45.978235[0m
[1;31mE (129200) CSV: 324.953566;155.996918;-168.956647;43.610760;1.431233;45.978235[0m
[1;31mE (129230) CSV: 324.953566;155.909571;-169.043994;43.610760;1.431232;46.009521[0m
[1;31mE (129250) CSV: 324.953566;155.909571;-169.043994;43.610760;1.431232;46.009521[0m
[1;31mE (129270) CSV: 324.953566;155.909571;-169.043994;43.610760;1.431232;46.009521[0m
[1;31mE (129290) CSV: 324.953566;155.909571;-169.043994;43.610760;1.431232;46.009521[0m
[1;31mE (129310) CSV: 324.953566;155.909571;-169.043994;43.610760;1.431232;46.009521[0m
[1;31mE (129350) CSV: 324.953566;155.909571;-169.043994;43.610760;1.431232;46.009521[0m
[1;31mE (129400) CSV: 323.252456;155.778774;-167.473682;43.610760;1.431230;46.056651[0m
[1;31mE (129420) CSV: 323.252456;155.778774;-167.473682;43.610760;1.431230;46.056651[0m
[1;31mE (129440) CSV: 323.252456;155.778774;-167.473682;43.610760;1.431230;46.056651[0m
[1;31mE (129470) CSV: 323.252456;155.778774;-167.473682;43.610760;1.431230;46.056651[0m
[1;31mE (129490) CSV: 323.252456;155.778774;-167.473682;43.610760;1.431230;46.056651[0m
[1;31mE (129520) CSV: 323.252456;155.778774;-167.473682;43.610760;1.431230;46.056651[0m
[1;31mE (129540) CSV: 326.728583;155.961019;-170.767564;43.610764;1.431230;46.455533[0m
[1;31mE (129560) CSV: 326.728583;155.961019;-170.767564;43.610764;1.431230;46.455533[0m
[1;31mE (129590) CSV: 326.728583;155.961019;-170.767564;43.610764;1.431230;46.455533[0m
[1;31mE (129610) CSV: 326.728583;155.961019;-170.767564;43.610764;1.431230;46.455533[0m
[1;31mE (129640) CSV: 327.644229;155.906989;-171.737239;43.610764;1.431229;46.475101[0m
[1;31mE (129660) CSV: 327.644229;155.906989;-171.737239;43.610764;1.431229;46.475101[0m
[1;31mE (129680) CSV: 327.644229;155.906989;-171.737239;43.610764;1.431229;46.475101[0m
[1;31mE (129710) CSV: 327.644229;155.906989;-171.737239;43.610764;1.431229;46.475101[0m
[1;31mE (129740) CSV: 324.093872;155.863798;-168.230074;43.610764;1.431229;46.490786[0m
[1;31mE (129760) CSV: 324.093872;155.863798;-168.230074;43.610764;1.431229;46.490786[0m
[1;31mE (129780) CSV: 324.093872;155.863798;-168.230074;43.610764;1.431229;46.490786[0m
[1;31mE (129800) CSV: 324.093872;155.863798;-168.230074;43.610764;1.431229;46.490786[0m
[1;31mE (129840) CSV: 324.093872;155.863798;-168.230074;43.610764;1.431229;46.490786[0m
[1;31mE (129860) CSV: 349.113587;156.022201;166.908614;43.610767;1.431228;46.897680[0m
[1;31mE (129920) CSV: 346.635640;155.979361;169.343721;43.610767;1.431228;46.913294[0m
[1;31mE (129940) CSV: 346.635640;155.979361;169.343721;43.610767;1.431228;46.913294[0m
[1;31mE (129960) CSV: 346.635640;155.979361;169.343721;43.610767;1.431228;46.913294[0m
[1;31mE (129990) CSV: 346.635640;155.979361;169.343721;43.610767;1.431228;46.913294[0m
[1;31mE (130010) CSV: 344.809506;155.947249;171.137743;43.610767;1.431227;46.925022[0m
[1;31mE (130030) CSV: 344.809506;155.947249;171.137743;43.610767;1.431227;46.925022[0m
[1;31mE (130060) CSV: 344.809506;155.947249;171.137743;43.610767;1.431227;46.925022[0m
[1;31mE (130080) CSV: 344.809506;155.947249;171.137743;43.610767;1.431227;46.925022[0m
[1;31mE (130110) CSV: 341.253055;155.883074;174.630019;43.610767;1.431227;46.948522[0m
[1;31mE (130130) CSV: 341.253055;155.883074;174.630019;43.610767;1.431227;46.948522[0m
[1;31mE (130150) CSV: 341.253055;155.883074;174.630019;43.610767;1.431227;46.948522[0m
[1;31mE (130180) CSV: 341.253055;155.883074;174.630019;43.610767;1.431227;46.948522[0m
[1;31mE (130200) CSV: 341.253055;155.883074;174.630019;43.610767;1.431227;46.948522[0m
[1;31mE (130220) CSV: 341.253055;155.883074;174.630019;43.610767;1.431227;46.948522[0m
[1;31mE (130250) CSV: 345.414908;155.883074;170.468166;43.610767;1.431227;46.948522[0m
[1;31mE (130270) CSV: 345.414908;156.039780;170.624872;43.610771;1.431226;47.355457[0m
[1;31mE (130300) CSV: 345.414908;156.039780;170.624872;43.610771;1.431226;47.355457[0m
[1;31mE (130320) CSV: 345.414908;156.039780;170.624872;43.610771;1.431226;47.355457[0m
[1;31mE (130350) CSV: 342.423440;156.039780;173.616339;43.610771;1.431226;47.355457[0m
[1;31mE (130370) CSV: 342.423440;155.986744;173.563304;43.610771;1.431226;47.374965[0m
[1;31mE (130430) CSV: 326.728587;155.986744;-170.741843;43.610771;1.431226;47.374965[0m
[1;31mE (130450) CSV: 326.728587;155.923159;-170.805428;43.610771;1.431225;47.398428[0m
[1;31mE (130470) CSV: 326.728587;155.923159;-170.805428;43.610771;1.431225;47.398428[0m
[1;31mE (130490) CSV: 326.728587;155.923159;-170.805428;43.610771;1.431225;47.398428[0m
[1;31mE (130510) CSV: 326.728587;155.923159;-170.805428;43.610771;1.431225;47.398428[0m
[1;31mE (130550) CSV: 327.644232;155.859636;-171.784596;43.610771;1.431224;47.421950[0m
[1;31mE (130570) CSV: 327.644232;155.859636;-171.784596;43.610771;1.431224;47.421950[0m
[1;31mE (130590) CSV: 327.644232;155.859636;-171.784596;43.610771;1.431224;47.421950[0m
[1;31mE (130610) CSV: 327.644232;155.859636;-171.784596;43.610771;1.431224;47.421950[0m
[1;31mE (130640) CSV: 323.252461;155.859636;-167.392825;43.610771;1.431224;47.421950[0m
[1;31mE (130670) CSV: 323.252461;155.806749;-167.445712;43.610771;1.431224;47.441596[0m
[1;31mE (130690) CSV: 323.252461;155.806749;-167.445712;43.610771;1.431224;47.441596[0m
[1;31mE (130710) CSV: 323.252461;155.806749;-167.445712;43.610771;1.431224;47.441596[0m
[1;31mE (130740) CSV: 324.953571;155.806749;-169.146822;43.610771;1.431224;47.441596[0m
[1;31mE (130770) CSV: 324.953571;155.764471;-169.189100;43.610771;1.431223;47.457342[0m
[1;31mE (130790) CSV: 324.953571;155.764471;-169.189100;43.610771;1.431223;47.457342[0m
[1;31mE (130820) CSV: 323.252461;155.764471;-167.487991;43.610771;1.431223;47.457342[0m
[1;31mE (130840) CSV: 323.252461;155.743342;-167.509119;43.610771;1.431223;47.465224[0m
[1;31mE (130860) CSV: 323.252461;155.743342;-167.509119;43.610771;1.431223;47.465224[0m
[1;31mE (130890) CSV: 323.252461;155.743342;-167.509119;43.610771;1.431223;47.465224[0m
[1;31mE (130940) CSV: 322.429102;155.732780;-166.696322;43.610771;1.431223;47.469168[0m
[1;31mE (130960) CSV: 322.429102;155.732780;-166.696322;43.610771;1.431223;47.469168[0m
[1;31mE (130980) CSV: 322.429102;155.732780;-166.696322;43.610771;1.431223;47.469168[0m
[1;31mE (131010) CSV: 322.429102;155.732780;-166.696322;43.610771;1.431223;47.469168[0m
[1;31mE (131040) CSV: 324.953571;155.732780;-169.220790;43.610771;1.431223;47.469168[0m
[1;31mE (131060) CSV: 324.953571;155.764471;-169.189100;43.610771;1.431223;47.457342[0m
[1;31mE (131080) CSV: 324.953571;155.764471;-169.189100;43.610771;1.431223;47.457342[0m
[1;31mE (131100) CSV: 324.953571;155.764471;-169.189100;43.610771;1.431223;47.457342[0m
[1;31mE (131140) CSV: 324.953571;155.764471;-169.189100;43.610771;1.431223;47.457342[0m
[1;31mE (131160) CSV: 324.953571;155.827898;-169.125672;43.610771;1.431224;47.433733[0m
[1;31mE (131180) CSV: 324.953571;155.827898;-169.125672;43.610771;1.431224;47.433733[0m
[1;31mE (131200) CSV: 324.953571;155.827898;-169.125672;43.610771;1.431224;47.433733[0m
[1;31mE (131230) CSV: 324.953571;155.827898;-169.125672;43.610771;1.431224;47.433733[0m
[1;31mE (131260) CSV: 326.728587;155.880803;-170.847784;43.610771;1.431224;47.414103[0m
[1;31mE (131280) CSV: 326.728587;155.880803;-170.847784;43.610771;1.431224;47.414103[0m
[1;31mE (131310) CSV: 326.728587;155.880803;-170.847784;43.610771;1.431224;47.414103[0m
[1;31mE (131330) CSV: 347.250748;156.088564;168.837816;43.610775;1.431224;47.801561[0m
[1;31mE (131360) CSV: 347.250748;156.088564;168.837816;43.610775;1.431224;47.801561[0m
[1;31mE (131380) CSV: 347.250748;156.088564;168.837816;43.610775;1.431224;47.801561[0m
[1;31mE (131400) CSV: 347.250748;156.088564;168.837816;43.610775;1.431224;47.801561[0m
[1;31mE (131450) CSV: 351.000012;156.151694;165.151682;43.610775;1.431225;47.778249[0m
[1;31mE (131480) CSV: 351.000012;156.151694;165.151682;43.610775;1.431225;47.778249[0m
[1;31mE (131500) CSV: 351.000012;156.151694;165.151682;43.610775;1.431225;47.778249[0m
[1;31mE (131530) CSV: 351.000012;156.151694;165.151682;43.610775;1.431225;47.778249[0m
[1;31mE (131550) CSV: 351.000012;156.151694;165.151682;43.610775;1.431225;47.778249[0m
[1;31mE (131570) CSV: 351.000012;156.151694;165.151682;43.610775;1.431225;47.778249[0m
[1;31mE (131590) CSV: 351.000012;156.151694;165.151682;43.610775;1.431225;47.778249[0m
[1;31mE (131620) CSV: 351.000012;156.151694;165.151682;43.610775;1.431225;47.778249[0m
[1;31mE (131650) CSV: 352.268909;156.172751;163.903842;43.610775;1.431225;47.770491[0m
[1;31mE (131670) CSV: 352.268909;156.172751;163.903842;43.610775;1.431225;47.770491[0m
[1;31mE (131690) CSV: 352.268909;156.172751;163.903842;43.610775;1.431225;47.770491[0m
[1;31mE (131710) CSV: 352.268909;156.172751;163.903842;43.610775;1.431225;47.770491[0m
[1;31mE (131750) CSV: 351.633427;156.172751;164.539323;43.610775;1.431225;47.770491[0m
[1;31mE (131770) CSV: 351.633427;156.162221;164.528794;43.610775;1.431225;47.774369[0m
[1;31mE (131790) CSV: 351.633427;156.162221;164.528794;43.610775;1.431225;47.774369[0m
[1;31mE (131820) CSV: 351.633427;156.162221;164.528794;43.610775;1.431225;47.774369[0m
[1;31mE (131850) CSV: 5.171480;156.376621;151.205140;43.610779;1.431225;48.158818[0m
[1;31mE (131870) CSV: 5.171480;156.376621;151.205140;43.610779;1.431225;48.158818[0m
[1;31mE (131890) CSV: 5.171480;156.376621;151.205140;43.610779;1.431225;48.158818[0m
[1;31mE (131910) CSV: 5.171480;156.376621;151.205140;43.610779;1.431225;48.158818[0m
[1;31mE (131960) CSV: 3.237531;156.345243;153.107712;43.610779;1.431225;48.170363[0m
[1;31mE (131990) CSV: 3.237531;156.345243;153.107712;43.610779;1.431225;48.170363[0m
[1;31mE (132010) CSV: 3.237531;156.345243;153.107712;43.610779;1.431225;48.170363[0m
[1;31mE (132040) CSV: 3.237531;156.345243;153.107712;43.610779;1.431225;48.170363[0m
[1;31mE (132060) CSV: 359.351831;156.282534;156.930702;43.610779;1.431224;48.193496[0m
[1;31mE (132080) CSV: 359.351831;156.282534;156.930702;43.610779;1.431224;48.193496[0m
[1;31mE (132100) CSV: 359.351831;156.282534;156.930702;43.610779;1.431224;48.193496[0m
[1;31mE (132140) CSV: 359.351831;156.282534;156.930702;43.610779;1.431224;48.193496[0m
[1;31mE (132160) CSV: 353.545482;156.462995;162.917514;43.610783;1.431224;48.589807[0m
[1;31mE (132180) CSV: 353.545482;156.462995;162.917514;43.610783;1.431224;48.589807[0m
[1;31mE (132200) CSV: 353.545482;156.462995;162.917514;43.610783;1.431224;48.589807[0m
[1;31mE (132230) CSV: 350.368808;156.411138;166.042329;43.610783;1.431223;48.608990[0m
[1;31mE (132260) CSV: 350.368808;156.411138;166.042329;43.610783;1.431223;48.608990[0m
[1;31mE (132290) CSV: 350.368808;156.411138;166.042329;43.610783;1.431223;48.608990[0m
[1;31mE (132310) CSV: 347.250750;156.359321;169.108571;43.610783;1.431223;48.628214[0m
[1;31mE (132330) CSV: 347.250750;156.359321;169.108571;43.610783;1.431223;48.628214[0m
[1;31mE (132350) CSV: 347.250750;156.359321;169.108571;43.610783;1.431223;48.628214[0m
[1;31mE (132380) CSV: 347.250750;156.359321;169.108571;43.610783;1.431223;48.628214[0m
[1;31mE (132400) CSV: 347.250750;156.359321;169.108571;43.610783;1.431223;48.628214[0m
[1;31mE (132420) CSV: 347.250750;156.359321;169.108571;43.610783;1.431223;48.628214[0m
[1;31mE (132480) CSV: 344.207562;156.307545;172.099983;43.610783;1.431222;48.647476[0m
[1;31mE (132500) CSV: 344.207562;156.307545;172.099983;43.610783;1.431222;48.647476[0m
[1;31mE (132520) CSV: 344.207562;156.307545;172.099983;43.610783;1.431222;48.647476[0m
[1;31mE (132550) CSV: 344.809510;156.434747;171.625237;43.610786;1.431221;49.063017[0m
[1;31mE (132570) CSV: 344.809510;156.434747;171.625237;43.610786;1.431221;49.063017[0m
[1;31mE (132590) CSV: 344.809510;156.434747;171.625237;43.610786;1.431221;49.063017[0m
[1;31mE (132620) CSV: 344.809510;156.434747;171.625237;43.610786;1.431221;49.063017[0m
[1;31mE (132650) CSV: 326.728593;156.362873;-170.365721;43.610786;1.431221;49.089914[0m
[1;31mE (132670) CSV: 326.728593;156.362873;-170.365721;43.610786;1.431221;49.089914[0m
[1;31mE (132690) CSV: 326.728593;156.362873;-170.365721;43.610786;1.431221;49.089914[0m
[1;31mE (132720) CSV: 325.831756;156.362873;-169.468883;43.610786;1.431221;49.089914[0m
[1;31mE (132750) CSV: 325.831756;156.301329;-169.530427;43.610786;1.431220;49.113031[0m
[1;31mE (132770) CSV: 325.831756;156.301329;-169.530427;43.610786;1.431220;49.113031[0m
[1;31mE (132790) CSV: 325.831756;156.301329;-169.530427;43.610786;1.431220;49.113031[0m
[1;31mE (132810) CSV: 325.831756;156.301329;-169.530427;43.610786;1.431220;49.113031[0m
[1;31mE (132850) CSV: 324.093882;156.280827;-167.813055;43.610786;1.431220;49.120749[0m
[1;31mE (132870) CSV: 324.093882;156.280827;-167.813055;43.610786;1.431220;49.120749[0m
[1;31mE (132890) CSV: 324.093882;156.280827;-167.813055;43.610786;1.431220;49.120749[0m
[1;31mE (132910) CSV: 324.093882;156.280827;-167.813055;43.610786;1.431220;49.120749[0m
[1;31mE (132940) CSV: 345.414912;156.468105;171.053193;43.610790;1.431219;49.513219[0m
[1;31mE (132990) CSV: 345.414912;156.468105;171.053193;43.610790;1.431219;49.513219[0m
[1;31mE (133010) CSV: 345.414912;156.468105;171.053193;43.610790;1.431219;49.513219[0m
[1;31mE (133040) CSV: 345.414912;156.468105;171.053193;43.610790;1.431219;49.513219[0m
[1;31mE (133060) CSV: 344.207564;156.447743;172.240179;43.610790;1.431219;49.520885[0m
[1;31mE (133090) CSV: 344.207564;156.447743;172.240179;43.610790;1.431219;49.520885[0m
[1;31mE (133120) CSV: 344.207564;156.447743;172.240179;43.610790;1.431219;49.520885[0m
[1;31mE (133140) CSV: 344.207564;156.447743;172.240179;43.610790;1.431219;49.520885[0m
[1;31mE (133160) CSV: 344.207564;156.447743;172.240179;43.610790;1.431219;49.520885[0m
[1;31mE (133180) CSV: 344.207564;156.447743;172.240179;43.610790;1.431219;49.520885[0m
[1;31mE (133220) CSV: 344.207564;156.447743;172.240179;43.610790;1.431219;49.520885[0m
[1;31mE (133240) CSV: 356.116780;156.611982;160.495201;43.610794;1.431219;49.921435[0m
[1;31mE (133260) CSV: 356.116780;156.611982;160.495201;43.610794;1.431219;49.921435[0m
[1;31mE (133280) CSV: 356.116780;156.611982;160.495201;43.610794;1.431219;49.921435[0m
[1;31mE (133300) CSV: 356.116780;156.611982;160.495201;43.610794;1.431219;49.921435[0m
[1;31mE (133330) CSV: 356.116780;156.611982;160.495201;43.610794;1.431219;49.921435[0m
[1;31mE (133360) CSV: 356.116780;156.611982;160.495201;43.610794;1.431219;49.921435[0m
[1;31mE (133380) CSV: 356.116780;156.611982;160.495201;43.610794;1.431219;49.921435[0m
[1;31mE (133410) CSV: 354.186271;156.611982;162.425711;43.610794;1.431219;49.921435[0m
[1;31mE (133430) CSV: 354.186271;156.581658;162.395387;43.610794;1.431219;49.932872[0m
[1;31mE (133450) CSV: 354.186271;156.581658;162.395387;43.610794;1.431219;49.932872[0m
[1;31mE (133500) CSV: 354.186271;156.581658;162.395387;43.610794;1.431219;49.932872[0m
[1;31mE (133530) CSV: 354.186271;156.581658;162.395387;43.610794;1.431219;49.932872[0m
[1;31mE (133550) CSV: 351.000015;156.531149;165.531134;43.610794;1.431218;49.951963[0m
[1;31mE (133570) CSV: 351.000015;156.531149;165.531134;43.610794;1.431218;49.951963[0m
[1;31mE (133600) CSV: 351.000015;156.531149;165.531134;43.610794;1.431218;49.951963[0m
[1;31mE (133630) CSV: 349.739957;156.673261;166.933303;43.610798;1.431217;50.360315[0m
[1;31mE (133650) CSV: 349.739957;156.673261;166.933303;43.610798;1.431217;50.360315[0m
[1;31mE (133670) CSV: 349.739957;156.673261;166.933303;43.610798;1.431217;50.360315[0m
[1;31mE (133690) CSV: 349.739957;156.673261;166.933303;43.610798;1.431217;50.360315[0m
[1;31mE (133730) CSV: 347.250753;156.673261;169.422508;43.610798;1.431217;50.360315[0m
[1;31mE (133750) CSV: 347.250753;156.633165;169.382413;43.610798;1.431217;50.375529[0m
[1;31mE (133770) CSV: 347.250753;156.633165;169.382413;43.610798;1.431217;50.375529[0m
[1;31mE (133790) CSV: 347.250753;156.633165;169.382413;43.610798;1.431217;50.375529[0m
[1;31mE (133810) CSV: 347.250753;156.633165;169.382413;43.610798;1.431217;50.375529[0m
[1;31mE (133850) CSV: 344.207566;156.583081;172.375515;43.610798;1.431216;50.394581[0m
[1;31mE (133870) CSV: 344.207566;156.583081;172.375515;43.610798;1.431216;50.394581[0m
[1;31mE (133890) CSV: 344.207566;156.583081;172.375515;43.610798;1.431216;50.394581[0m
[1;31mE (133910) CSV: 344.207566;156.583081;172.375515;43.610798;1.431216;50.394581[0m
[1;31mE (133940) CSV: 341.253063;156.533034;175.279970;43.610798;1.431216;50.413671[0m
[1;31mE (133970) CSV: 341.253063;156.533034;175.279970;43.610798;1.431216;50.413671[0m
[1;31mE (134010) CSV: 341.253063;156.533034;175.279970;43.610798;1.431216;50.413671[0m
[1;31mE (134040) CSV: 344.809514;156.533034;171.723520;43.610798;1.431216;50.413671[0m
[1;31mE (134060) CSV: 344.809514;156.673839;171.864325;43.610802;1.431215;50.822026[0m
[1;31mE (134090) CSV: 344.809514;156.673839;171.864325;43.610802;1.431215;50.822026[0m
[1;31mE (134120) CSV: 344.809514;156.673839;171.864325;43.610802;1.431215;50.822026[0m
[1;31mE (134140) CSV: 326.728600;156.574556;-170.154044;43.610802;1.431214;50.860105[0m
[1;31mE (134160) CSV: 326.728600;156.574556;-170.154044;43.610802;1.431214;50.860105[0m
[1;31mE (134180) CSV: 326.728600;156.574556;-170.154044;43.610802;1.431214;50.860105[0m
[1;31mE (134210) CSV: 326.728600;156.574556;-170.154044;43.610802;1.431214;50.860105[0m
[1;31mE (134240) CSV: 324.953584;156.515058;-168.438527;43.610802;1.431213;50.883025[0m
[1;31mE (134260) CSV: 324.953584;156.515058;-168.438527;43.610802;1.431213;50.883025[0m
[1;31mE (134280) CSV: 324.953584;156.515058;-168.438527;43.610802;1.431213;50.883025[0m
[1;31mE (134300) CSV: 324.953584;156.515058;-168.438527;43.610802;1.431213;50.883025[0m
[1;31mE (134340) CSV: 324.953584;156.515058;-168.438527;43.610802;1.431213;50.883025[0m
[1;31mE (134360) CSV: 325.831762;156.475422;-169.356341;43.610802;1.431213;50.898336[0m
[1;31mE (134380) CSV: 325.831762;156.475422;-169.356341;43.610802;1.431213;50.898336[0m
[1;31mE (134410) CSV: 327.644245;156.475422;-171.168824;43.610802;1.431213;50.898336[0m
[1;31mE (134440) CSV: 327.644245;156.445710;-171.198535;43.610802;1.431212;50.909836[0m
[1;31mE (134460) CSV: 327.644245;156.445710;-171.198535;43.610802;1.431212;50.909836[0m
[1;31mE (134480) CSV: 327.644245;156.445710;-171.198535;43.610802;1.431212;50.909836[0m
[1;31mE (134540) CSV: 325.831764;156.566186;-169.265578;43.610806;1.431211;51.325630[0m
[1;31mE (134560) CSV: 325.831764;156.566186;-169.265578;43.610806;1.431211;51.325630[0m
[1;31mE (134580) CSV: 325.831764;156.566186;-169.265578;43.610806;1.431211;51.325630[0m
[1;31mE (134600) CSV: 325.831764;156.566186;-169.265578;43.610806;1.431211;51.325630[0m
[1;31mE (134630) CSV: 320.064829;156.497410;-163.567420;43.610806;1.431211;51.352385[0m
[1;31mE (134660) CSV: 320.064829;156.497410;-163.567420;43.610806;1.431211;51.352385[0m
[1;31mE (134680) CSV: 320.064829;156.497410;-163.567420;43.610806;1.431211;51.352385[0m
[1;31mE (134700) CSV: 320.064829;156.497410;-163.567420;43.610806;1.431211;51.352385[0m
[1;31mE (134730) CSV: 320.064829;156.497410;-163.567420;43.610806;1.431211;51.352385[0m
[1;31mE (134750) CSV: 326.728602;156.418896;-170.309705;43.610806;1.431210;51.383052[0m
[1;31mE (134780) CSV: 326.728602;156.418896;-170.309705;43.610806;1.431210;51.383052[0m
[1;31mE (134800) CSV: 326.728602;156.418896;-170.309705;43.610806;1.431210;51.383052[0m
[1;31mE (134820) CSV: 326.728602;156.418896;-170.309705;43.610806;1.431210;51.383052[0m
[1;31mE (134850) CSV: 326.728602;156.350274;-170.378328;43.610806;1.431209;51.409965[0m
[1;31mE (134870) CSV: 326.728602;156.350274;-170.378328;43.610806;1.431209;51.409965[0m
[1;31mE (134900) CSV: 326.728602;156.350274;-170.378328;43.610806;1.431209;51.409965[0m
[1;31mE (134930) CSV: 339.527686;156.499545;176.971859;43.610809;1.431208;51.814092[0m
[1;31mE (134950) CSV: 339.527686;156.499545;176.971859;43.610809;1.431208;51.814092[0m
[1;31mE (134980) CSV: 339.527686;156.499545;176.971859;43.610809;1.431208;51.814092[0m
[1;31mE (135000) CSV: 324.093893;156.441174;-167.652718;43.610809;1.431208;51.837081[0m
[1;31mE (135050) CSV: 324.093893;156.441174;-167.652718;43.610809;1.431208;51.837081[0m
[1;31mE (135070) CSV: 324.093893;156.441174;-167.652718;43.610809;1.431208;51.837081[0m
[1;31mE (135090) CSV: 324.093893;156.441174;-167.652718;43.610809;1.431208;51.837081[0m
[1;31mE (135120) CSV: 324.093893;156.441174;-167.652718;43.610809;1.431208;51.837081[0m
[1;31mE (135150) CSV: 327.644248;156.412009;-171.232240;43.610809;1.431207;51.848596[0m
[1;31mE (135170) CSV: 327.644248;156.412009;-171.232240;43.610809;1.431207;51.848596[0m
[1;31mE (135190) CSV: 327.644248;156.412009;-171.232240;43.610809;1.431207;51.848596[0m
[1;31mE (135210) CSV: 327.644248;156.412009;-171.232240;43.610809;1.431207;51.848596[0m
[1;31mE (135250) CSV: 324.953588;156.382856;-168.570732;43.610809;1.431207;51.860124[0m
[1;31mE (135270) CSV: 324.953588;156.382856;-168.570732;43.610809;1.431207;51.860124[0m
[1;31mE (135290) CSV: 324.953588;156.382856;-168.570732;43.610809;1.431207;51.860124[0m
[1;31mE (135310) CSV: 324.953588;156.382856;-168.570732;43.610809;1.431207;51.860124[0m
[1;31mE (135340) CSV: 350.368813;156.578862;166.210049;43.610813;1.431207;52.245232[0m
[1;31mE (135370) CSV: 350.368813;156.578862;166.210049;43.610813;1.431207;52.245232[0m
[1;31mE (135400) CSV: 350.368813;156.578862;166.210049;43.610813;1.431207;52.245232[0m
[1;31mE (135420) CSV: 345.414917;156.501642;171.086724;43.610813;1.431206;52.275798[0m
[1;31mE (135440) CSV: 345.414917;156.501642;171.086724;43.610813;1.431206;52.275798[0m
[1;31mE (135460) CSV: 345.414917;156.501642;171.086724;43.610813;1.431206;52.275798[0m
[1;31mE (135480) CSV: 345.414917;156.501642;171.086724;43.610813;1.431206;52.275798[0m
[1;31mE (135520) CSV: 345.414917;156.501642;171.086724;43.610813;1.431206;52.275798[0m
[1;31mE (135560) CSV: 341.836299;156.443786;174.607487;43.610813;1.431205;52.298786[0m
[1;31mE (135580) CSV: 341.836299;156.443786;174.607487;43.610813;1.431205;52.298786[0m
[1;31mE (135610) CSV: 341.836299;156.443786;174.607487;43.610813;1.431205;52.298786[0m
[1;31mE (135640) CSV: 347.250757;156.561102;169.310346;43.610817;1.431205;52.714573[0m
[1;31mE (135660) CSV: 347.250757;156.561102;169.310346;43.610817;1.431205;52.714573[0m
[1;31mE (135680) CSV: 347.250757;156.561102;169.310346;43.610817;1.431205;52.714573[0m
[1;31mE (135700) CSV: 347.250757;156.561102;169.310346;43.610817;1.431205;52.714573[0m
[1;31mE (135730) CSV: 347.250757;156.561102;169.310346;43.610817;1.431205;52.714573[0m
[1;31mE (135760) CSV: 327.644252;156.494140;-171.150112;43.610817;1.431204;52.741333[0m
[1;31mE (135780) CSV: 327.644252;156.494140;-171.150112;43.610817;1.431204;52.741333[0m
[1;31mE (135800) CSV: 327.644252;156.494140;-171.150112;43.610817;1.431204;52.741333[0m
[1;31mE (135830) CSV: 327.644252;156.494140;-171.150112;43.610817;1.431204;52.741333[0m
[1;31mE (135860) CSV: 325.831769;156.398597;-169.433172;43.610817;1.431203;52.779685[0m
[1;31mE (135880) CSV: 325.831769;156.398597;-169.433172;43.610817;1.431203;52.779685[0m
[1;31mE (135910) CSV: 325.831769;156.398597;-169.433172;43.610817;1.431203;52.779685[0m
[1;31mE (135930) CSV: 324.953591;156.389051;-168.564540;43.610817;1.431202;52.783528[0m
[1;31mE (135950) CSV: 324.953591;156.389051;-168.564540;43.610817;1.431202;52.783528[0m
[1;31mE (135980) CSV: 324.953591;156.389051;-168.564540;43.610817;1.431202;52.783528[0m
[1;31mE (136000) CSV: 324.953591;156.389051;-168.564540;43.610817;1.431202;52.783528[0m
[1;31mE (136030) CSV: 343.014444;156.389051;173.374607;43.610817;1.431202;52.783528[0m
[1;31mE (136070) CSV: 343.014444;156.553142;173.538698;43.610821;1.431202;53.180100[0m
[1;31mE (136100) CSV: 343.014444;156.553142;173.538698;43.610821;1.431202;53.180100[0m
[1;31mE (136130) CSV: 343.014444;156.553142;173.538698;43.610821;1.431202;53.180100[0m
[1;31mE (136150) CSV: 343.014444;156.553142;173.538698;43.610821;1.431202;53.180100[0m
[1;31mE (136170) CSV: 343.014444;156.553142;173.538698;43.610821;1.431202;53.180100[0m
[1;31mE (136190) CSV: 343.014444;156.553142;173.538698;43.610821;1.431202;53.180100[0m
[1;31mE (136220) CSV: 343.014444;156.553142;173.538698;43.610821;1.431202;53.180100[0m
[1;31mE (136250) CSV: 341.836301;156.534172;174.697870;43.610821;1.431202;53.187741[0m
[1;31mE (136270) CSV: 341.836301;156.534172;174.697870;43.610821;1.431202;53.187741[0m
[1;31mE (136290) CSV: 341.836301;156.534172;174.697870;43.610821;1.431202;53.187741[0m
[1;31mE (136320) CSV: 341.836301;156.534172;174.697870;43.610821;1.431202;53.187741[0m
[1;31mE (136350) CSV: 358.056159;156.724231;158.668072;43.610825;1.431202;53.573308[0m
[1;31mE (136370) CSV: 358.056159;156.724231;158.668072;43.610825;1.431202;53.573308[0m
[1;31mE (136390) CSV: 358.056159;156.724231;158.668072;43.610825;1.431202;53.573308[0m
[1;31mE (136420) CSV: 358.056159;156.724231;158.668072;43.610825;1.431202;53.573308[0m
[1;31mE (136440) CSV: 358.703830;156.733661;158.029831;43.610825;1.431202;53.569517[0m
[1;31mE (136470) CSV: 358.703830;156.733661;158.029831;43.610825;1.431202;53.569517[0m
[1;31mE (136490) CSV: 358.703830;156.733661;158.029831;43.610825;1.431202;53.569517[0m
[1;31mE (136510) CSV: 358.703830;156.733661;158.029831;43.610825;1.431202;53.569517[0m
[1;31mE (136540) CSV: 359.351832;156.743092;157.391260;43.610825;1.431202;53.565726[0m
[1;31mE (136590) CSV: 359.351832;156.743092;157.391260;43.610825;1.431202;53.565726[0m
[1;31mE (136610) CSV: 359.351832;156.743092;157.391260;43.610825;1.431202;53.565726[0m
[1;31mE (136640) CSV: 357.408985;156.714803;159.305818;43.610825;1.431202;53.577102[0m
[1;31mE (136660) CSV: 357.408985;156.714803;159.305818;43.610825;1.431202;53.577102[0m
[1;31mE (136680) CSV: 357.408985;156.714803;159.305818;43.610825;1.431202;53.577102[0m
[1;31mE (136710) CSV: 357.408985;156.714803;159.305818;43.610825;1.431202;53.577102[0m
[1;31mE (136740) CSV: 354.828524;156.677102;161.848579;43.610825;1.431201;53.592289[0m
[1;31mE (136760) CSV: 354.828524;156.677102;161.848579;43.610825;1.431201;53.592289[0m
[1;31mE (136780) CSV: 354.828524;156.677102;161.848579;43.610825;1.431201;53.592289[0m
[1;31mE (136810) CSV: 352.268916;156.677102;164.408187;43.610825;1.431201;53.592289[0m
[1;31mE (136840) CSV: 352.268916;156.780455;164.511539;43.610828;1.431201;54.012290[0m
[1;31mE (136860) CSV: 352.268916;156.780455;164.511539;43.610828;1.431201;54.012290[0m
[1;31mE (136880) CSV: 352.268916;156.780455;164.511539;43.610828;1.431201;54.012290[0m
[1;31mE (136910) CSV: 352.268916;156.780455;164.511539;43.610828;1.431201;54.012290[0m
[1;31mE (136930) CSV: 346.635653;156.696300;170.060647;43.610828;1.431199;54.046403[0m
[1;31mE (136960) CSV: 346.635653;156.696300;170.060647;43.610828;1.431199;54.046403[0m
[1;31mE (136980) CSV: 346.635653;156.696300;170.060647;43.610828;1.431199;54.046403[0m
[1;31mE (137000) CSV: 346.635653;156.696300;170.060647;43.610828;1.431199;54.046403[0m
[1;31mE (137030) CSV: 326.728612;156.621586;-170.107026;43.610828;1.431198;54.076824[0m
[1;31mE (137050) CSV: 326.728612;156.621586;-170.107026;43.610828;1.431198;54.076824[0m
[1;31mE (137100) CSV: 326.728612;156.621586;-170.107026;43.610828;1.431198;54.076824[0m
[1;31mE (137130) CSV: 326.728612;156.621586;-170.107026;43.610828;1.431198;54.076824[0m
[1;31mE (137150) CSV: 318.573995;156.491038;-162.082957;43.610828;1.431197;54.130281[0m
[1;31mE (137180) CSV: 318.573995;156.491038;-162.082957;43.610828;1.431197;54.130281[0m
[1;31mE (137200) CSV: 318.573995;156.491038;-162.082957;43.610828;1.431197;54.130281[0m
[1;31mE (137230) CSV: 318.573995;156.491038;-162.082957;43.610828;1.431197;54.130281[0m
[1;31mE (137250) CSV: 310.362210;156.370046;-153.992164;43.610828;1.431195;54.180170[0m
[1;31mE (137270) CSV: 310.362210;156.370046;-153.992164;43.610828;1.431195;54.180170[0m
[1;31mE (137300) CSV: 310.362210;156.370046;-153.992164;43.610828;1.431195;54.180170[0m
[1;31mE (137330) CSV: 307.307628;156.314278;-150.993349;43.610828;1.431195;54.203278[0m
[1;31mE (137350) CSV: 307.307628;156.314278;-150.993349;43.610828;1.431195;54.203278[0m
[1;31mE (137370) CSV: 307.307628;156.314278;-150.993349;43.610828;1.431195;54.203278[0m
[1;31mE (137390) CSV: 307.307628;156.314278;-150.993349;43.610828;1.431195;54.203278[0m
[1;31mE (137430) CSV: 307.307628;156.314278;-150.993349;43.610828;1.431195;54.203278[0m
[1;31mE (137450) CSV: 327.644258;156.410037;-171.234221;43.610832;1.431193;54.626497[0m
[1;31mE (137470) CSV: 327.644258;156.410037;-171.234221;43.610832;1.431193;54.626497[0m
[1;31mE (137490) CSV: 327.644258;156.410037;-171.234221;43.610832;1.431193;54.626497[0m
[1;31mE (137510) CSV: 327.644258;156.410037;-171.234221;43.610832;1.431193;54.626497[0m
[1;31mE (137550) CSV: 320.064842;156.327062;-163.737780;43.610832;1.431192;54.661122[0m
[1;31mE (137570) CSV: 320.064842;156.327062;-163.737780;43.610832;1.431192;54.661122[0m
[1;31mE (137610) CSV: 320.064842;156.327062;-163.737780;43.610832;1.431192;54.661122[0m
[1;31mE (137640) CSV: 324.093903;156.327062;-167.766842;43.610832;1.431192;54.661122[0m
[1;31mE (137670) CSV: 324.093903;156.253394;-167.840509;43.610832;1.431191;54.691996[0m
[1;31mE (137690) CSV: 324.093903;156.253394;-167.840509;43.610832;1.431191;54.691996[0m
[1;31mE (137710) CSV: 324.093903;156.253394;-167.840509;43.610832;1.431191;54.691996[0m
[1;31mE (137740) CSV: 324.093903;156.253394;-167.840509;43.610832;1.431191;54.691996[0m
[1;31mE (137770) CSV: 322.429130;156.179809;-166.249321;43.610832;1.431190;54.722959[0m
[1;31mE (137790) CSV: 322.429130;156.179809;-166.249321;43.610832;1.431190;54.722959[0m
[1;31mE (137820) CSV: 322.429130;156.179809;-166.249321;43.610832;1.431190;54.722959[0m
[1;31mE (137840) CSV: 324.093905;156.293958;-167.799947;43.610836;1.431190;55.138244[0m
[1;31mE (137860) CSV: 324.093905;156.293958;-167.799947;43.610836;1.431190;55.138244[0m
[1;31mE (137890) CSV: 324.093905;156.293958;-167.799947;43.610836;1.431190;55.138244[0m
[1;31mE (137910) CSV: 324.093905;156.293958;-167.799947;43.610836;1.431190;55.138244[0m
[1;31mE (137940) CSV: 325.831778;156.230068;-169.601709;43.610836;1.431189;55.165289[0m
[1;31mE (137960) CSV: 325.831778;156.230068;-169.601709;43.610836;1.431189;55.165289[0m
[1;31mE (137980) CSV: 325.831778;156.230068;-169.601709;43.610836;1.431189;55.165289[0m
[1;31mE (138020) CSV: 323.252491;156.202706;-167.049785;43.610836;1.431188;55.176901[0m
[1;31mE (138040) CSV: 323.252491;156.202706;-167.049785;43.610836;1.431188;55.176901[0m
[1;31mE (138060) CSV: 323.252491;156.202706;-167.049785;43.610836;1.431188;55.176901[0m
[1;31mE (138090) CSV: 323.252491;156.202706;-167.049785;43.610836;1.431188;55.176901[0m
[1;31mE (138140) CSV: 323.252491;156.202706;-167.049785;43.610836;1.431188;55.176901[0m
[1;31mE (138160) CSV: 324.093905;156.138906;-167.954999;43.610836;1.431188;55.204043[0m
[1;31mE (138180) CSV: 324.093905;156.138906;-167.954999;43.610836;1.431188;55.204043[0m
[1;31mE (138200) CSV: 324.093905;156.138906;-167.954999;43.610836;1.431188;55.204043[0m
[1;31mE (138240) CSV: 344.809523;156.315752;171.506228;43.610840;1.431188;55.592228[0m
[1;31mE (138260) CSV: 344.809523;156.315752;171.506228;43.610840;1.431188;55.592228[0m
[1;31mE (138280) CSV: 344.809523;156.315752;171.506228;43.610840;1.431188;55.592228[0m
[1;31mE (138310) CSV: 344.809523;156.315752;171.506228;43.610840;1.431188;55.592228[0m
[1;31mE (138330) CSV: 343.014449;156.288582;173.274133;43.610840;1.431187;55.603800[0m
[1;31mE (138360) CSV: 343.014449;156.288582;173.274133;43.610840;1.431187;55.603800[0m
[1;31mE (138380) CSV: 343.014449;156.288582;173.274133;43.610840;1.431187;55.603800[0m
[1;31mE (138400) CSV: 343.014449;156.288582;173.274133;43.610840;1.431187;55.603800[0m
[1;31mE (138430) CSV: 343.014449;156.288582;173.274133;43.610840;1.431187;55.603800[0m
[1;31mE (138450) CSV: 341.253076;156.261423;175.008347;43.610840;1.431187;55.615385[0m
[1;31mE (138480) CSV: 341.253076;156.261423;175.008347;43.610840;1.431187;55.615385[0m
[1;31mE (138500) CSV: 341.253076;156.261423;175.008347;43.610840;1.431187;55.615385[0m
[1;31mE (138520) CSV: 341.253076;156.261423;175.008347;43.610840;1.431187;55.615385[0m
[1;31mE (138550) CSV: 356.762473;156.445120;159.682648;43.610844;1.431187;56.000095[0m
[1;31mE (138570) CSV: 356.762473;156.445120;159.682648;43.610844;1.431187;56.000095[0m
[1;31mE (138600) CSV: 356.762473;156.445120;159.682648;43.610844;1.431187;56.000095[0m
[1;31mE (138650) CSV: 355.472081;156.445120;160.973039;43.610844;1.431187;56.000095[0m
[1;31mE (138670) CSV: 355.472081;156.427120;160.955039;43.610844;1.431187;56.007769[0m
[1;31mE (138690) CSV: 355.472081;156.427120;160.955039;43.610844;1.431187;56.007769[0m
[1;31mE (138730) CSV: 352.268918;156.427120;164.158202;43.610844;1.431187;56.007769[0m
[1;31mE (138750) CSV: 352.268918;156.382140;164.113223;43.610844;1.431186;56.026977[0m
[1;31mE (138770) CSV: 352.268918;156.382140;164.113223;43.610844;1.431186;56.026977[0m
[1;31mE (138790) CSV: 352.268918;156.382140;164.113223;43.610844;1.431186;56.026977[0m
[1;31mE (138810) CSV: 352.268918;156.382140;164.113223;43.610844;1.431186;56.026977[0m
[1;31mE (138850) CSV: 348.489859;156.328206;167.838347;43.610844;1.431185;56.050073[0m
[1;31mE (138870) CSV: 348.489859;156.328206;167.838347;43.610844;1.431185;56.050073[0m
[1;31mE (138890) CSV: 348.489859;156.328206;167.838347;43.610844;1.431185;56.050073[0m
[1;31mE (138910) CSV: 348.489859;156.328206;167.838347;43.610844;1.431185;56.050073[0m
[1;31mE (138940) CSV: 344.207577;156.328206;172.120628;43.610844;1.431185;56.050073[0m
[1;31mE (138970) CSV: 344.207577;156.265338;172.057761;43.610844;1.431185;56.077080[0m
[1;31mE (138990) CSV: 344.207577;156.265338;172.057761;43.610844;1.431185;56.077080[0m
[1;31mE (139010) CSV: 344.207577;156.265338;172.057761;43.610844;1.431185;56.077080[0m
[1;31mE (139040) CSV: 344.207577;156.265338;172.057761;43.610844;1.431185;56.077080[0m
[1;31mE (139060) CSV: 326.728619;156.202531;-170.526087;43.610844;1.431184;56.104155[0m
[1;31mE (139090) CSV: 326.728619;156.202531;-170.526087;43.610844;1.431184;56.104155[0m
[1;31mE (139120) CSV: 326.728619;156.202531;-170.526087;43.610844;1.431184;56.104155[0m
[1;31mE (139150) CSV: 326.728619;156.202531;-170.526087;43.610844;1.431184;56.104155[0m
[1;31mE (139180) CSV: 324.953605;156.322634;-168.630971;43.610847;1.431183;56.515625[0m
[1;31mE (139210) CSV: 324.953605;156.322634;-168.630971;43.610847;1.431183;56.515625[0m
[1;31mE (139240) CSV: 323.252496;156.260286;-166.992210;43.610847;1.431182;56.542638[0m
[1;31mE (139260) CSV: 323.252496;156.260286;-166.992210;43.610847;1.431182;56.542638[0m
[1;31mE (139280) CSV: 323.252496;156.260286;-166.992210;43.610847;1.431182;56.542638[0m
[1;31mE (139300) CSV: 323.252496;156.260286;-166.992210;43.610847;1.431182;56.542638[0m
[1;31mE (139340) CSV: 323.252496;156.260286;-166.992210;43.610847;1.431182;56.542638[0m
[1;31mE (139360) CSV: 324.093910;156.215789;-167.878121;43.610847;1.431182;56.561974[0m
[1;31mE (139380) CSV: 324.093910;156.215789;-167.878121;43.610847;1.431182;56.561974[0m
[1;31mE (139400) CSV: 324.093910;156.215789;-167.878121;43.610847;1.431182;56.561974[0m
[1;31mE (139440) CSV: 324.093910;156.215789;-167.878121;43.610847;1.431182;56.561974[0m
[1;31mE (139460) CSV: 324.953605;156.162433;-168.791172;43.610847;1.431181;56.585222[0m
[1;31mE (139480) CSV: 324.953605;156.162433;-168.791172;43.610847;1.431181;56.585222[0m
[1;31mE (139500) CSV: 324.953605;156.162433;-168.791172;43.610847;1.431181;56.585222[0m
[1;31mE (139530) CSV: 341.836310;156.162433;174.326123;43.610847;1.431181;56.585222[0m
[1;31mE (139560) CSV: 341.836310;156.290645;174.454335;43.610851;1.431180;56.992750[0m
[1;31mE (139580) CSV: 341.836310;156.290645;174.454335;43.610851;1.431180;56.992750[0m
[1;31mE (139600) CSV: 341.836310;156.290645;174.454335;43.610851;1.431180;56.992750[0m
[1;31mE (139640) CSV: 327.644266;156.246488;-171.397778;43.610851;1.431180;57.012062[0m
[1;31mE (139680) CSV: 327.644266;156.246488;-171.397778;43.610851;1.431180;57.012062[0m
[1;31mE (139700) CSV: 327.644266;156.246488;-171.397778;43.610851;1.431180;57.012062[0m
[1;31mE (139730) CSV: 327.644266;156.246488;-171.397778;43.610851;1.431180;57.012062[0m
[1;31mE (139750) CSV: 325.831784;156.228834;-169.602950;43.610851;1.431180;57.019797[0m
[1;31mE (139770) CSV: 325.831784;156.228834;-169.602950;43.610851;1.431180;57.019797[0m
[1;31mE (139800) CSV: 325.831784;156.228834;-169.602950;43.610851;1.431180;57.019797[0m
[1;31mE (139820) CSV: 325.831784;156.228834;-169.602950;43.610851;1.431180;57.019797[0m
[1;31mE (139850) CSV: 325.831784;156.228834;-169.602950;43.610851;1.431180;57.019797[0m
[1;31mE (139870) CSV: 325.831784;156.228834;-169.602950;43.610851;1.431180;57.019797[0m
[1;31mE (139890) CSV: 325.831784;156.228834;-169.602950;43.610851;1.431180;57.019797[0m
[1;31mE (139920) CSV: 325.831784;156.228834;-169.602950;43.610851;1.431180;57.019797[0m
[1;31mE (139950) CSV: 325.831784;156.228834;-169.602950;43.610851;1.431180;57.019797[0m
[1;31mE (139970) CSV: 323.252498;156.202362;-167.050136;43.610851;1.431179;57.031409[0m
[1;31mE (139990) CSV: 323.252498;156.202362;-167.050136;43.610851;1.431179;57.031409[0m
[1;31mE (140010) CSV: 323.252498;156.202362;-167.050136;43.610851;1.431179;57.031409[0m
[1;31mE (140050) CSV: 348.489861;156.346833;167.856972;43.610855;1.431179;57.431319[0m
[1;31mE (140070) CSV: 348.489861;156.346833;167.856972;43.610855;1.431179;57.431319[0m
[1;31mE (140090) CSV: 348.489861;156.346833;167.856972;43.610855;1.431179;57.431319[0m
[1;31mE (140120) CSV: 348.489861;156.346833;167.856972;43.610855;1.431179;57.431319[0m
[1;31mE (140150) CSV: 346.635659;156.320527;169.684868;43.610855;1.431178;57.442877[0m
[1;31mE (140190) CSV: 346.635659;156.320527;169.684868;43.610855;1.431178;57.442877[0m
[1;31mE (140220) CSV: 346.635659;156.320527;169.684868;43.610855;1.431178;57.442877[0m
[1;31mE (140240) CSV: 344.809527;156.294231;171.484704;43.610855;1.431178;57.454447[0m
[1;31mE (140260) CSV: 344.809527;156.294231;171.484704;43.610855;1.431178;57.454447[0m
[1;31mE (140290) CSV: 344.809527;156.294231;171.484704;43.610855;1.431178;57.454447[0m
[1;31mE (140310) CSV: 344.809527;156.294231;171.484704;43.610855;1.431178;57.454447[0m
[1;31mE (140340) CSV: 343.609189;156.294231;172.685042;43.610855;1.431178;57.454447[0m
[1;31mE (140360) CSV: 343.609189;156.276707;172.667517;43.610855;1.431178;57.462167[0m
[1;31mE (140380) CSV: 343.609189;156.276707;172.667517;43.610855;1.431178;57.462167[0m
[1;31mE (140410) CSV: 343.609189;156.276707;172.667517;43.610855;1.431178;57.462167[0m
[1;31mE (140440) CSV: 343.609189;156.276707;172.667517;43.610855;1.431178;57.462167[0m
[1;31mE (140460) CSV: 352.906320;156.445724;163.539404;43.610859;1.431178;57.850750[0m
[1;31mE (140480) CSV: 352.906320;156.445724;163.539404;43.610859;1.431178;57.850750[0m
[1;31mE (140510) CSV: 352.906320;156.445724;163.539404;43.610859;1.431178;57.850750[0m
[1;31mE (140540) CSV: 351.633439;156.428299;164.794860;43.610859;1.431178;57.858423[0m
[1;31mE (140560) CSV: 351.633439;156.428299;164.794860;43.610859;1.431178;57.858423[0m
[1;31mE (140580) CSV: 351.633439;156.428299;164.794860;43.610859;1.431178;57.858423[0m
[1;31mE (140600) CSV: 351.633439;156.428299;164.794860;43.610859;1.431178;57.858423[0m
[1;31mE (140630) CSV: 349.739968;156.402171;166.662203;43.610859;1.431177;57.869943[0m
[1;31mE (140670) CSV: 349.739968;156.402171;166.662203;43.610859;1.431177;57.869943[0m
[1;31mE (140700) CSV: 349.739968;156.402171;166.662203;43.610859;1.431177;57.869943[0m
[1;31mE (140730) CSV: 349.739968;156.402171;166.662203;43.610859;1.431177;57.869943[0m
[1;31mE (140760) CSV: 355.472083;156.551848;161.079765;43.610863;1.431177;58.266531[0m
[1;31mE (140780) CSV: 355.472083;156.551848;161.079765;43.610863;1.431177;58.266531[0m
[1;31mE (140800) CSV: 355.472083;156.551848;161.079765;43.610863;1.431177;58.266531[0m
[1;31mE (140820) CSV: 355.472083;156.551848;161.079765;43.610863;1.431177;58.266531[0m
[1;31mE (140850) CSV: 354.828527;156.543190;161.714663;43.610863;1.431177;58.270351[0m
[1;31mE (140870) CSV: 354.828527;156.543190;161.714663;43.610863;1.431177;58.270351[0m
[1;31mE (140910) CSV: 352.268920;156.508571;164.239650;43.610863;1.431176;58.285643[0m
[1;31mE (140930) CSV: 352.268920;156.508571;164.239650;43.610863;1.431176;58.285643[0m
[1;31mE (140950) CSV: 352.268920;156.508571;164.239650;43.610863;1.431176;58.285643[0m
[1;31mE (140980) CSV: 349.739968;156.508571;166.768602;43.610863;1.431176;58.285643[0m
[1;31mE (141010) CSV: 349.739968;156.473969;166.734001;43.610863;1.431176;58.300956[0m
[1;31mE (141030) CSV: 349.739968;156.473969;166.734001;43.610863;1.431176;58.300956[0m
[1;31mE (141050) CSV: 349.739968;156.473969;166.734001;43.610863;1.431176;58.300956[0m
[1;31mE (141070) CSV: 349.739968;156.473969;166.734001;43.610863;1.431176;58.300956[0m
[1;31mE (141090) CSV: 349.739968;156.473969;166.734001;43.610863;1.431176;58.300956[0m
[1;31mE (141120) CSV: 349.739968;156.473969;166.734001;43.610863;1.431176;58.300956[0m
[1;31mE (141150) CSV: 351.000026;156.613463;165.613438;43.610867;1.431176;58.701540[0m
[1;31mE (141180) CSV: 351.000026;156.613463;165.613438;43.610867;1.431176;58.701540[0m
[1;31mE (141210) CSV: 351.000026;156.613463;165.613438;43.610867;1.431176;58.701540[0m
[1;31mE (141250) CSV: 347.868875;156.570486;168.701611;43.610867;1.431175;58.720604[0m
[1;31mE (141270) CSV: 347.868875;156.570486;168.701611;43.610867;1.431175;58.720604[0m
[1;31mE (141290) CSV: 347.868875;156.570486;168.701611;43.610867;1.431175;58.720604[0m
[1;31mE (141310) CSV: 347.868875;156.570486;168.701611;43.610867;1.431175;58.720604[0m
[1;31mE (141340) CSV: 347.868875;156.570486;168.701611;43.610867;1.431175;58.720604[0m
[1;31mE (141370) CSV: 351.000026;156.613463;165.613438;43.610867;1.431176;58.701540[0m
[1;31mE (141390) CSV: 351.000026;156.613463;165.613438;43.610867;1.431176;58.701540[0m
[1;31mE (141410) CSV: 351.000026;156.613463;165.613438;43.610867;1.431176;58.701540[0m
[1;31mE (141440) CSV: 351.000026;156.613463;165.613438;43.610867;1.431176;58.701540[0m
[1;31mE (141460) CSV: 357.408987;156.768165;159.359179;43.610870;1.431175;59.094893[0m
[1;31mE (141480) CSV: 357.408987;156.768165;159.359179;43.610870;1.431175;59.094893[0m
[1;31mE (141510) CSV: 357.408987;156.768165;159.359179;43.610870;1.431175;59.094893[0m
